customer_id,churn_flag,customer_segment,customer_age_months,satisfaction_score,engagement_level,support_tickets,support_interactions,returns_count,days_since_last_purchase,purchase_recency_group,customer_lifetime_value_usd,total_spend_usd,avg_order_value_usd,num_purchases,churn_reason,churn_revenue_impact_usd
CUST-020712,1,Consumer,33.0,3.0,Low,0.0,1.0,9.0,35.0,31-60 days,29849.63,25878.37,892.36,29.0,Found Alternative,10351.348
CUST-044206,0,Small Business,55.0,2.0,High,6.0,1.0,3.0,3.0,0-30 days,30007.71,25992.52,1039.7,25.0,Not Applicable,0.0
CUST-024093,0,Small Business,45.0,5.0,High,7.0,7.0,7.0,158.0,91-180 days,51527.18,45248.32,9049.66,5.0,Not Applicable,0.0
CUST-037777,0,Enterprise,7.0,5.0,Medium,8.0,1.0,3.0,46.0,31-60 days,39139.58,31902.68,1329.28,24.0,Not Applicable,0.0
CUST-016248,1,Premium,12.0,1.0,High,15.0,1.0,4.0,124.0,91-180 days,34506.94,35530.22,755.96,47.0,Poor Customer Service,14212.088000000002
CUST-003503,0,Premium,20.0,3.0,Medium,11.0,2.0,1.0,53.0,31-60 days,7814.28,6490.64,721.18,9.0,Not Applicable,0.0
CUST-013561,1,Small Business,23.0,4.0,Low,13.0,6.0,8.0,268.0,181-270 days,45820.78,42261.73,42261.73,1.0,No Longer Need Service,16904.692000000006
CUST-046431,1,Consumer,33.0,3.0,Low,9.0,2.0,9.0,8.0,0-30 days,14736.57,12709.63,6354.81,2.0,Found Alternative,5083.852
CUST-038576,0,Consumer,28.0,4.0,Medium,19.0,3.0,5.0,157.0,91-180 days,6653.37,7913.7,213.88,37.0,Not Applicable,0.0
CUST-005759,0,Premium,17.0,5.0,High,3.0,2.0,3.0,8.0,0-30 days,45369.32,46405.65,9281.13,5.0,Not Applicable,0.0
CUST-017526,0,Premium,14.0,3.0,High,3.0,3.0,5.0,14.0,0-30 days,17325.94,15834.61,323.16,49.0,Not Applicable,0.0
CUST-023165,1,Consumer,8.0,2.0,Medium,9.0,4.0,7.0,47.0,31-60 days,17806.05,21709.1,504.86,43.0,Too Expensive,8683.64
CUST-023672,1,Consumer,49.0,4.0,High,18.0,20.0,9.0,23.0,0-30 days,4314.83,3886.31,90.38,43.0,Too Expensive,1554.524
CUST-045457,0,Consumer,25.0,4.0,Medium,11.0,13.0,2.0,8.0,0-30 days,20696.41,17985.72,719.43,25.0,Not Applicable,0.0
CUST-022303,0,Premium,54.0,3.0,Medium,14.0,0.0,9.0,27.0,0-30 days,32876.34,26929.7,792.05,34.0,Not Applicable,0.0
CUST-021533,1,Small Business,12.0,2.0,High,9.0,1.0,9.0,17.0,0-30 days,25104.49,20214.94,1443.92,14.0,Shipping Issues,8085.976
CUST-043788,1,Premium,35.0,5.0,Medium,0.0,2.0,8.0,80.0,61-90 days,30889.92,38294.2,1595.59,24.0,Account Issues,15317.68
CUST-028906,1,Consumer,36.0,1.0,Low,14.0,10.0,3.0,5.0,0-30 days,24292.34,23204.35,3867.39,6.0,Poor Product Quality,9281.74
CUST-042954,1,Consumer,49.0,1.0,Low,8.0,1.0,2.0,173.0,91-180 days,10191.96,11543.6,769.57,15.0,Better Price Elsewhere,4617.440000000001
CUST-020879,1,Consumer,51.0,1.0,Medium,0.0,1.0,1.0,75.0,61-90 days,5395.19,5065.36,148.98,34.0,Payment Problems,2026.144
CUST-046554,0,Consumer,15.0,1.0,High,18.0,21.0,4.0,23.0,0-30 days,10304.5,10549.31,310.27,34.0,Not Applicable,0.0
CUST-006454,0,Consumer,15.0,4.0,Medium,2.0,3.0,8.0,7.0,0-30 days,59101.24,47099.04,9419.81,5.0,Not Applicable,0.0
CUST-025166,1,Consumer,37.0,4.0,Low,16.0,13.0,8.0,57.0,31-60 days,6487.13,7261.81,181.55,40.0,Better Price Elsewhere,2904.724
CUST-011700,0,Enterprise,27.0,1.0,Medium,4.0,8.0,1.0,17.0,0-30 days,9984.82,10032.52,271.15,37.0,Not Applicable,0.0
CUST-038465,0,Consumer,42.0,2.0,High,15.0,9.0,0.0,324.0,271-365 days,3574.29,2754.6,114.77,24.0,Not Applicable,0.0
CUST-006355,1,Premium,5.0,2.0,Low,12.0,9.0,6.0,36.0,31-60 days,49288.51,40123.18,2674.88,15.0,Technical Issues,16049.272
CUST-038760,1,Small Business,15.0,3.0,Low,7.0,10.0,1.0,78.0,61-90 days,2860.41,2552.0,134.32,19.0,Too Expensive,1020.8
CUST-048091,1,Consumer,11.0,4.0,Low,14.0,10.0,2.0,28.0,0-30 days,36997.58,29799.94,1146.15,26.0,Found Alternative,11919.976
CUST-047694,0,Premium,38.0,2.0,High,6.0,9.0,8.0,14.0,0-30 days,17984.82,13966.05,1269.64,11.0,Not Applicable,0.0
CUST-004664,0,Premium,38.0,4.0,Medium,15.0,7.0,4.0,53.0,31-60 days,32022.59,29308.55,29308.55,1.0,Not Applicable,0.0
CUST-010990,0,Small Business,9.0,3.0,Medium,4.0,8.0,8.0,6.0,0-30 days,3265.72,3783.84,157.66,24.0,Not Applicable,0.0
CUST-024366,1,Consumer,33.0,2.0,Low,4.0,1.0,8.0,69.0,61-90 days,42513.69,45876.78,2293.84,20.0,Better Price Elsewhere,18350.712
CUST-046736,0,Enterprise,52.0,4.0,Medium,8.0,4.0,2.0,227.0,181-270 days,28823.3,25535.13,8511.71,3.0,Not Applicable,0.0
CUST-044776,0,Premium,30.0,3.0,Medium,6.0,3.0,0.0,44.0,31-60 days,40045.55,43146.66,1797.78,24.0,Not Applicable,0.0
CUST-022672,1,Premium,17.0,1.0,Medium,3.0,1.0,7.0,44.0,31-60 days,34369.86,26768.54,1216.75,22.0,Poor Customer Service,10707.416000000001
CUST-001365,0,Consumer,59.0,4.0,Medium,11.0,8.0,7.0,24.0,0-30 days,26871.6,25611.11,673.98,38.0,Not Applicable,0.0
CUST-024921,1,Small Business,44.0,2.0,Low,9.0,12.0,8.0,18.0,0-30 days,38413.17,32604.04,0.0,0.0,Shipping Issues,13041.616000000002
CUST-022814,0,Small Business,14.0,5.0,High,8.0,11.0,4.0,21.0,0-30 days,32823.18,37845.06,1892.25,20.0,Not Applicable,0.0
CUST-040196,1,Premium,35.0,1.0,High,18.0,7.0,5.0,80.0,61-90 days,20387.38,22546.55,777.47,29.0,Poor Customer Service,9018.62
CUST-000833,0,Small Business,9.0,2.0,Medium,9.0,7.0,4.0,66.0,61-90 days,43410.45,36781.54,943.12,39.0,Not Applicable,0.0
CUST-023751,1,Consumer,36.0,4.0,Low,12.0,3.0,7.0,12.0,0-30 days,8192.48,6412.3,194.31,33.0,Poor Customer Service,2564.92
CUST-002611,0,Premium,25.0,4.0,Low,8.0,8.0,1.0,203.0,181-270 days,37089.24,41514.66,1887.03,22.0,Not Applicable,0.0
CUST-041520,1,Enterprise,12.0,5.0,Medium,2.0,6.0,5.0,214.0,181-270 days,29835.91,37129.39,4641.17,8.0,Too Expensive,14851.756000000001
CUST-043280,1,Consumer,55.0,1.0,High,11.0,11.0,7.0,352.0,271-365 days,19170.46,15055.6,327.3,46.0,Poor Customer Service,6022.2400000000025
CUST-001776,0,Consumer,47.0,4.0,High,15.0,17.0,0.0,18.0,0-30 days,7466.77,7941.99,441.22,18.0,Not Applicable,0.0
CUST-049424,1,Enterprise,41.0,1.0,Medium,7.0,10.0,2.0,14.0,0-30 days,17933.22,15285.04,3057.01,5.0,Better Price Elsewhere,6114.016000000001
CUST-046723,1,Premium,31.0,2.0,Medium,8.0,5.0,0.0,11.0,0-30 days,48253.07,48598.96,2699.94,18.0,Poor Customer Service,19439.584
CUST-010342,0,Enterprise,48.0,3.0,High,3.0,7.0,6.0,29.0,0-30 days,6462.79,6477.65,647.76,10.0,Not Applicable,0.0
CUST-011492,0,Consumer,41.0,5.0,High,16.0,13.0,7.0,69.0,61-90 days,12256.06,10586.18,365.04,29.0,Not Applicable,0.0
CUST-030786,0,Small Business,39.0,4.0,Medium,11.0,15.0,6.0,5.0,0-30 days,27346.57,31598.46,1436.29,22.0,Not Applicable,0.0
CUST-038673,0,Small Business,24.0,3.0,Medium,18.0,10.0,3.0,67.0,61-90 days,47619.88,38083.93,2115.77,18.0,Not Applicable,0.0
CUST-028993,1,Enterprise,27.0,2.0,Low,12.0,10.0,8.0,49.0,31-60 days,18666.19,15743.56,787.18,20.0,Found Alternative,6297.424
CUST-039363,0,Premium,16.0,3.0,Medium,3.0,2.0,4.0,64.0,61-90 days,32993.57,32829.38,32829.38,1.0,Not Applicable,0.0
CUST-046747,1,Premium,15.0,2.0,High,15.0,17.0,6.0,69.0,61-90 days,19343.93,16765.2,598.76,28.0,Poor Customer Service,6706.080000000001
CUST-029330,0,Small Business,15.0,4.0,Low,5.0,9.0,2.0,258.0,181-270 days,34938.28,41678.88,1437.2,29.0,Not Applicable,0.0
CUST-043472,1,Enterprise,13.0,2.0,Medium,8.0,12.0,0.0,17.0,0-30 days,8063.88,7793.32,181.24,43.0,Payment Problems,3117.328
CUST-025940,0,Consumer,22.0,5.0,High,18.0,20.0,5.0,55.0,31-60 days,13684.19,10767.3,219.74,49.0,Not Applicable,0.0
CUST-015982,1,Consumer,58.0,3.0,Low,12.0,15.0,8.0,20.0,0-30 days,23165.45,19899.07,2842.72,7.0,Technical Issues,7959.628000000002
CUST-027668,0,Enterprise,40.0,2.0,High,6.0,3.0,8.0,56.0,31-60 days,16057.68,17039.7,1310.75,13.0,Not Applicable,0.0
CUST-017684,0,Consumer,51.0,4.0,Medium,10.0,4.0,9.0,5.0,0-30 days,36027.57,39913.09,1078.73,37.0,Not Applicable,0.0
CUST-024686,0,Premium,17.0,2.0,Medium,5.0,9.0,0.0,296.0,271-365 days,4061.33,3922.52,115.37,34.0,Not Applicable,0.0
CUST-043848,0,Small Business,52.0,4.0,Medium,9.0,7.0,9.0,23.0,0-30 days,1708.59,1419.69,0.0,0.0,Not Applicable,0.0
CUST-043767,0,Consumer,52.0,2.0,High,7.0,8.0,3.0,33.0,31-60 days,11968.21,10584.36,258.16,41.0,Not Applicable,0.0
CUST-020088,1,Consumer,6.0,5.0,High,15.0,15.0,6.0,75.0,61-90 days,12789.72,10704.88,369.13,29.0,Poor Customer Service,4281.952
CUST-017177,0,Small Business,52.0,3.0,Medium,11.0,9.0,0.0,236.0,181-270 days,36747.6,32675.29,1166.97,28.0,Not Applicable,0.0
CUST-024486,0,Enterprise,5.0,3.0,High,1.0,1.0,8.0,185.0,181-270 days,7207.86,7748.62,387.43,20.0,Not Applicable,0.0
CUST-023208,0,Premium,16.0,5.0,Medium,1.0,0.0,0.0,147.0,91-180 days,39287.13,31692.64,4527.52,7.0,Not Applicable,0.0
CUST-000802,0,Consumer,14.0,4.0,Medium,5.0,0.0,3.0,44.0,31-60 days,2911.37,2424.38,73.47,33.0,Not Applicable,0.0
CUST-036784,0,Premium,58.0,1.0,Low,14.0,13.0,9.0,40.0,31-60 days,29671.43,35738.45,1701.83,21.0,Not Applicable,0.0
CUST-043764,1,Consumer,29.0,2.0,High,14.0,7.0,2.0,60.0,31-60 days,48318.23,40415.21,1393.63,29.0,Shipping Issues,16166.084
CUST-033845,1,Consumer,45.0,2.0,Low,1.0,4.0,4.0,154.0,91-180 days,58438.05,48813.21,9762.64,5.0,Too Expensive,19525.284
CUST-016833,0,Small Business,21.0,1.0,Medium,2.0,1.0,4.0,14.0,0-30 days,12092.7,11245.68,239.27,47.0,Not Applicable,0.0
CUST-040111,0,Premium,30.0,4.0,Medium,8.0,8.0,8.0,38.0,31-60 days,27741.41,31889.2,839.19,38.0,Not Applicable,0.0
CUST-020751,0,Consumer,34.0,3.0,Low,2.0,6.0,5.0,17.0,0-30 days,17734.66,21344.42,711.48,30.0,Not Applicable,0.0
CUST-031555,1,Consumer,38.0,5.0,Low,14.0,3.0,9.0,119.0,91-180 days,24375.78,25454.11,1958.01,13.0,Account Issues,10181.644
CUST-025828,1,Consumer,7.0,2.0,High,4.0,1.0,2.0,79.0,61-90 days,10960.61,8670.92,394.13,22.0,Shipping Issues,3468.3680000000004
CUST-044661,0,Premium,41.0,3.0,Medium,6.0,6.0,6.0,206.0,181-270 days,15409.66,15995.47,1332.96,12.0,Not Applicable,0.0
CUST-016027,0,Consumer,40.0,4.0,High,11.0,3.0,6.0,91.0,91-180 days,36945.33,29990.45,1071.09,28.0,Not Applicable,0.0
CUST-048130,1,Enterprise,42.0,1.0,Low,19.0,5.0,5.0,243.0,181-270 days,38583.43,31553.62,1262.14,25.0,Shipping Issues,12621.448
CUST-029289,0,Premium,55.0,5.0,High,2.0,4.0,8.0,32.0,31-60 days,27316.59,29415.55,2674.14,11.0,Not Applicable,0.0
CUST-047290,0,Consumer,36.0,5.0,Medium,13.0,17.0,1.0,150.0,91-180 days,9141.16,7031.88,175.8,40.0,Not Applicable,0.0
CUST-007494,0,Enterprise,47.0,4.0,Medium,11.0,10.0,4.0,23.0,0-30 days,57920.79,49005.78,2722.54,18.0,Not Applicable,0.0
CUST-008393,1,Premium,34.0,2.0,Low,4.0,2.0,6.0,42.0,31-60 days,36812.38,39063.63,2441.48,16.0,Better Price Elsewhere,15625.452
CUST-022912,0,Small Business,56.0,5.0,Low,0.0,3.0,7.0,79.0,61-90 days,1273.54,1568.54,92.27,17.0,Not Applicable,0.0
CUST-014063,1,Consumer,46.0,2.0,Medium,10.0,7.0,0.0,173.0,91-180 days,51927.07,40859.49,1167.41,35.0,Shipping Issues,16343.796
CUST-030370,1,Consumer,20.0,4.0,High,17.0,9.0,0.0,85.0,61-90 days,7037.63,6326.94,287.59,22.0,Poor Product Quality,2530.776
CUST-033235,1,Consumer,12.0,3.0,Medium,15.0,16.0,6.0,47.0,31-60 days,18437.81,17346.53,788.48,22.0,Poor Product Quality,6938.611999999999
CUST-019746,0,Small Business,59.0,1.0,Low,16.0,10.0,5.0,25.0,0-30 days,13121.37,10866.85,1207.43,9.0,Not Applicable,0.0
CUST-046594,0,Small Business,46.0,2.0,High,3.0,3.0,6.0,80.0,61-90 days,5325.01,4979.68,829.95,6.0,Not Applicable,0.0
CUST-028172,1,Premium,18.0,3.0,High,16.0,10.0,8.0,30.0,0-30 days,7713.48,6368.13,159.2,40.0,Found Alternative,2547.2520000000004
CUST-033940,0,Small Business,49.0,3.0,Medium,0.0,1.0,4.0,308.0,271-365 days,53374.45,49573.8,2609.15,19.0,Not Applicable,0.0
CUST-029767,0,Consumer,28.0,4.0,High,5.0,4.0,3.0,255.0,181-270 days,31143.73,26786.61,1785.77,15.0,Not Applicable,0.0
CUST-015857,0,Consumer,48.0,1.0,Medium,8.0,10.0,9.0,37.0,31-60 days,43411.78,42818.34,0.0,0.0,Not Applicable,0.0
CUST-047922,0,Small Business,27.0,5.0,Medium,9.0,9.0,9.0,71.0,61-90 days,4083.22,4938.6,123.47,40.0,Not Applicable,0.0
CUST-011958,0,Consumer,1.0,5.0,High,15.0,4.0,2.0,52.0,31-60 days,47131.43,41594.92,0.0,0.0,Not Applicable,0.0
CUST-035595,1,Consumer,15.0,1.0,Medium,13.0,5.0,6.0,66.0,61-90 days,29893.57,33843.23,4230.4,8.0,Poor Customer Service,13537.292
CUST-012970,0,Premium,1.0,3.0,High,10.0,14.0,7.0,357.0,271-365 days,29545.86,34602.54,11534.18,3.0,Not Applicable,0.0
CUST-033749,1,Consumer,36.0,2.0,Low,16.0,7.0,1.0,65.0,61-90 days,713.66,672.67,13.73,49.0,Technical Issues,269.068
CUST-034015,1,Enterprise,8.0,1.0,Medium,19.0,16.0,1.0,42.0,31-60 days,20874.83,22691.64,1194.3,19.0,Better Price Elsewhere,9076.656
CUST-015491,1,Consumer,24.0,2.0,Medium,2.0,5.0,1.0,57.0,31-60 days,30187.14,30910.07,5151.68,6.0,Better Price Elsewhere,12364.028
CUST-009540,1,Consumer,36.0,1.0,Medium,4.0,1.0,6.0,1.0,0-30 days,17685.62,13688.97,855.56,16.0,Shipping Issues,5475.588000000002
CUST-008608,0,Premium,33.0,3.0,Medium,2.0,1.0,1.0,330.0,271-365 days,31955.07,24870.52,994.82,25.0,Not Applicable,0.0
CUST-020547,0,Consumer,28.0,3.0,Medium,4.0,4.0,4.0,359.0,271-365 days,597.17,639.34,58.12,11.0,Not Applicable,0.0
CUST-024611,0,Premium,10.0,5.0,Medium,6.0,9.0,5.0,8.0,0-30 days,37910.55,36198.47,1340.68,27.0,Not Applicable,0.0
CUST-041859,1,Consumer,8.0,2.0,High,17.0,21.0,2.0,65.0,61-90 days,54759.21,46934.26,4693.43,10.0,Better Price Elsewhere,18773.704
CUST-025114,1,Premium,27.0,2.0,Medium,16.0,8.0,2.0,241.0,181-270 days,19967.88,19738.38,493.46,40.0,Poor Product Quality,7895.352000000001
CUST-012558,0,Premium,44.0,5.0,High,8.0,0.0,1.0,156.0,91-180 days,5629.78,6170.85,342.83,18.0,Not Applicable,0.0
CUST-007180,0,Premium,51.0,2.0,Medium,7.0,6.0,6.0,36.0,31-60 days,3520.01,3934.39,106.33,37.0,Not Applicable,0.0
CUST-002735,0,Consumer,59.0,4.0,High,6.0,1.0,1.0,40.0,31-60 days,21150.84,19352.5,1612.71,12.0,Not Applicable,0.0
CUST-036166,1,Premium,17.0,1.0,High,8.0,5.0,1.0,77.0,61-90 days,40937.45,49629.85,1102.89,45.0,Payment Problems,19851.94
CUST-034558,1,Consumer,15.0,1.0,High,16.0,7.0,0.0,69.0,61-90 days,44606.96,37258.53,4657.32,8.0,Too Expensive,14903.412
CUST-010588,0,Premium,55.0,5.0,High,3.0,4.0,4.0,66.0,61-90 days,13078.73,13997.62,538.37,26.0,Not Applicable,0.0
CUST-015198,0,Consumer,42.0,3.0,High,1.0,4.0,2.0,62.0,61-90 days,4771.9,3735.12,91.1,41.0,Not Applicable,0.0
CUST-012648,1,Small Business,26.0,2.0,Medium,9.0,7.0,8.0,364.0,271-365 days,2952.73,3613.84,116.58,31.0,No Longer Need Service,1445.536
CUST-039009,1,Small Business,10.0,4.0,High,4.0,0.0,5.0,324.0,271-365 days,29980.75,27915.16,664.65,42.0,Found Alternative,11166.063999999997
CUST-018907,1,Premium,56.0,1.0,High,17.0,13.0,8.0,95.0,91-180 days,10949.73,13128.87,273.52,48.0,Poor Customer Service,5251.548000000002
CUST-035456,0,Enterprise,37.0,2.0,Medium,1.0,0.0,7.0,271.0,271-365 days,13090.47,11308.71,491.68,23.0,Not Applicable,0.0
CUST-004404,1,Consumer,29.0,5.0,High,1.0,4.0,9.0,81.0,61-90 days,51061.05,49589.56,2917.03,17.0,Low Product Variety,19835.824
CUST-026164,1,Premium,2.0,1.0,Medium,11.0,3.0,0.0,57.0,31-60 days,11005.62,9207.5,297.02,31.0,Poor Product Quality,3683.0
CUST-003400,0,Premium,13.0,4.0,High,15.0,4.0,4.0,4.0,0-30 days,22428.36,17628.88,1958.76,9.0,Not Applicable,0.0
CUST-008186,0,Premium,12.0,3.0,Low,3.0,3.0,4.0,52.0,31-60 days,31077.07,32635.59,0.0,0.0,Not Applicable,0.0
CUST-032847,0,Consumer,42.0,5.0,Medium,17.0,18.0,1.0,4.0,0-30 days,54641.33,46731.75,2596.21,18.0,Not Applicable,0.0
CUST-047889,1,Consumer,36.0,1.0,High,2.0,2.0,7.0,41.0,31-60 days,7799.19,6902.54,1380.51,5.0,Shipping Issues,2761.016
CUST-031974,1,Premium,7.0,3.0,Low,10.0,9.0,5.0,27.0,0-30 days,42247.9,45781.91,11445.48,4.0,No Longer Need Service,18312.764000000006
CUST-000569,0,Enterprise,21.0,5.0,Medium,5.0,8.0,0.0,74.0,61-90 days,6089.45,4814.2,178.3,27.0,Not Applicable,0.0
CUST-004684,0,Consumer,47.0,3.0,Low,17.0,4.0,5.0,148.0,91-180 days,11037.85,9093.7,909.37,10.0,Not Applicable,0.0
CUST-007984,1,Consumer,5.0,2.0,Medium,7.0,3.0,2.0,29.0,0-30 days,18116.42,16562.68,1380.22,12.0,Poor Customer Service,6625.071999999999
CUST-021293,0,Consumer,31.0,2.0,Medium,0.0,2.0,8.0,354.0,271-365 days,46222.74,40584.19,863.49,47.0,Not Applicable,0.0
CUST-000794,0,Premium,12.0,2.0,High,15.0,7.0,1.0,52.0,31-60 days,32417.82,25088.03,611.9,41.0,Not Applicable,0.0
CUST-014368,1,Premium,18.0,1.0,Medium,3.0,1.0,6.0,81.0,61-90 days,17064.49,18503.64,4625.91,4.0,Better Price Elsewhere,7401.456
CUST-038517,1,Consumer,42.0,1.0,Low,19.0,15.0,7.0,20.0,0-30 days,42307.93,42687.63,1377.02,31.0,Better Price Elsewhere,17075.052
CUST-049750,0,Consumer,55.0,3.0,Medium,16.0,14.0,2.0,69.0,61-90 days,44478.45,35281.67,1533.99,23.0,Not Applicable,0.0
CUST-024355,0,Consumer,3.0,1.0,High,0.0,3.0,4.0,15.0,0-30 days,45732.67,47335.73,1479.24,32.0,Not Applicable,0.0
CUST-021371,1,Enterprise,36.0,3.0,High,3.0,5.0,6.0,49.0,31-60 days,36454.29,30555.67,1388.89,22.0,Slow Delivery,12222.268
CUST-017985,0,Premium,52.0,1.0,High,2.0,3.0,7.0,74.0,61-90 days,12303.09,10470.7,317.29,33.0,Not Applicable,0.0
CUST-023182,1,Premium,31.0,2.0,Medium,6.0,4.0,3.0,135.0,91-180 days,24071.34,27805.3,604.46,46.0,Poor Customer Service,11122.12
CUST-017931,1,Premium,4.0,2.0,High,2.0,4.0,8.0,88.0,61-90 days,48911.9,40431.31,962.65,42.0,Payment Problems,16172.524
CUST-014280,0,Premium,16.0,1.0,Low,13.0,5.0,4.0,47.0,31-60 days,17199.33,17223.93,382.75,45.0,Not Applicable,0.0
CUST-004202,0,Premium,14.0,3.0,Medium,5.0,1.0,7.0,9.0,0-30 days,44197.19,38944.04,1024.84,38.0,Not Applicable,0.0
CUST-017599,0,Consumer,31.0,4.0,Medium,9.0,1.0,8.0,161.0,91-180 days,42734.42,42306.76,1762.78,24.0,Not Applicable,0.0
CUST-021290,0,Consumer,55.0,3.0,Low,12.0,9.0,0.0,37.0,31-60 days,44760.55,48875.6,48875.6,1.0,Not Applicable,0.0
CUST-015499,0,Premium,28.0,2.0,Low,14.0,12.0,5.0,270.0,181-270 days,59318.71,46017.01,2191.29,21.0,Not Applicable,0.0
CUST-012664,0,Enterprise,1.0,5.0,Medium,7.0,9.0,2.0,79.0,61-90 days,45853.5,38698.21,943.86,41.0,Not Applicable,0.0
CUST-000126,1,Premium,21.0,3.0,High,14.0,0.0,2.0,30.0,0-30 days,11389.87,12381.54,1238.15,10.0,Low Product Variety,4952.616000000001
CUST-004418,1,Small Business,45.0,1.0,Low,2.0,3.0,5.0,36.0,31-60 days,9155.77,9558.84,434.49,22.0,Better Price Elsewhere,3823.536
CUST-034752,0,Premium,54.0,2.0,Medium,17.0,13.0,7.0,15.0,0-30 days,11025.09,8919.64,424.74,21.0,Not Applicable,0.0
CUST-003724,1,Consumer,57.0,2.0,Low,18.0,20.0,3.0,208.0,181-270 days,2837.41,2739.37,0.0,0.0,Found Alternative,1095.748
CUST-040423,1,Consumer,38.0,5.0,Low,16.0,4.0,2.0,71.0,61-90 days,19910.57,15426.37,358.75,43.0,Too Expensive,6170.5480000000025
CUST-004015,0,Premium,7.0,3.0,Low,19.0,10.0,3.0,45.0,31-60 days,32751.48,30271.93,6054.39,5.0,Not Applicable,0.0
CUST-015726,1,Consumer,9.0,2.0,Medium,9.0,12.0,1.0,51.0,31-60 days,6075.07,7551.78,686.53,11.0,No Longer Need Service,3020.712
CUST-042492,0,Premium,54.0,5.0,High,8.0,7.0,4.0,244.0,181-270 days,27260.81,21987.63,0.0,0.0,Not Applicable,0.0
CUST-015548,0,Premium,30.0,4.0,Low,7.0,7.0,6.0,26.0,0-30 days,38426.75,32012.2,6402.44,5.0,Not Applicable,0.0
CUST-021086,0,Premium,15.0,1.0,High,0.0,2.0,9.0,35.0,31-60 days,43336.43,45960.86,5106.76,9.0,Not Applicable,0.0
CUST-023169,0,Enterprise,21.0,1.0,Medium,1.0,2.0,8.0,240.0,181-270 days,7374.07,6808.96,138.96,49.0,Not Applicable,0.0
CUST-017126,1,Consumer,13.0,4.0,Medium,18.0,0.0,9.0,74.0,61-90 days,824.86,768.08,76.81,10.0,Low Product Variety,307.232
CUST-013709,0,Consumer,16.0,4.0,Low,10.0,10.0,3.0,52.0,31-60 days,54176.78,44064.37,11016.09,4.0,Not Applicable,0.0
CUST-025651,0,Enterprise,27.0,1.0,High,16.0,14.0,1.0,48.0,31-60 days,21542.7,17960.37,8980.18,2.0,Not Applicable,0.0
CUST-012866,0,Consumer,2.0,2.0,High,0.0,0.0,2.0,72.0,61-90 days,1311.76,1532.2,34.05,45.0,Not Applicable,0.0
CUST-006704,0,Premium,17.0,4.0,Medium,4.0,6.0,5.0,86.0,61-90 days,17858.22,16020.88,381.45,42.0,Not Applicable,0.0
CUST-026626,0,Small Business,48.0,4.0,Medium,10.0,10.0,5.0,24.0,0-30 days,20641.25,17330.5,1733.05,10.0,Not Applicable,0.0
CUST-045617,0,Enterprise,32.0,3.0,Low,1.0,2.0,8.0,192.0,181-270 days,50296.56,40024.58,3638.6,11.0,Not Applicable,0.0
CUST-047962,1,Consumer,13.0,4.0,High,10.0,6.0,1.0,73.0,61-90 days,43193.13,40469.67,1037.68,39.0,Payment Problems,16187.868
CUST-013297,0,Consumer,36.0,3.0,Low,9.0,8.0,5.0,43.0,31-60 days,46545.1,47161.05,1096.77,43.0,Not Applicable,0.0
CUST-014533,1,Premium,32.0,3.0,Low,14.0,8.0,4.0,40.0,31-60 days,39434.24,35197.12,1407.88,25.0,No Longer Need Service,14078.848000000002
CUST-000849,1,Premium,39.0,5.0,Low,7.0,6.0,8.0,247.0,181-270 days,19177.56,18467.86,0.0,0.0,No Longer Need Service,7387.144
CUST-017653,0,Consumer,4.0,4.0,Medium,9.0,13.0,9.0,88.0,61-90 days,27172.74,21089.61,1240.57,17.0,Not Applicable,0.0
CUST-007043,0,Premium,7.0,2.0,Low,5.0,8.0,9.0,202.0,181-270 days,6440.46,5669.61,515.42,11.0,Not Applicable,0.0
CUST-023614,0,Consumer,7.0,5.0,High,19.0,8.0,5.0,7.0,0-30 days,28996.99,30397.07,921.12,33.0,Not Applicable,0.0
CUST-009691,1,Consumer,11.0,2.0,High,2.0,0.0,2.0,302.0,271-365 days,52336.15,42229.02,1508.18,28.0,Too Expensive,16891.608
CUST-002400,0,Premium,19.0,3.0,High,16.0,18.0,8.0,4.0,0-30 days,32367.34,27828.7,1209.94,23.0,Not Applicable,0.0
CUST-020283,1,Consumer,6.0,4.0,Medium,7.0,2.0,7.0,80.0,61-90 days,27486.9,31406.97,697.93,45.0,No Longer Need Service,12562.788
CUST-039175,0,Small Business,8.0,1.0,Medium,2.0,6.0,0.0,75.0,61-90 days,34894.46,29916.73,1994.45,15.0,Not Applicable,0.0
CUST-033462,0,Premium,46.0,5.0,Low,4.0,0.0,9.0,343.0,271-365 days,15624.54,19047.82,1587.32,12.0,Not Applicable,0.0
CUST-005464,0,Premium,51.0,3.0,High,3.0,5.0,9.0,85.0,61-90 days,64277.98,49977.41,4997.74,10.0,Not Applicable,0.0
CUST-046070,0,Premium,10.0,4.0,High,6.0,5.0,3.0,295.0,271-365 days,2214.91,2732.16,136.61,20.0,Not Applicable,0.0
CUST-011372,0,Consumer,6.0,5.0,Medium,10.0,11.0,5.0,97.0,91-180 days,50074.41,46529.5,1292.49,36.0,Not Applicable,0.0
CUST-033424,1,Consumer,7.0,2.0,Low,15.0,12.0,4.0,28.0,0-30 days,7725.56,9564.93,0.0,0.0,Better Price Elsewhere,3825.972
CUST-047050,1,Consumer,46.0,5.0,High,2.0,3.0,6.0,56.0,31-60 days,22715.28,22584.8,1254.71,18.0,Too Expensive,9033.92
CUST-031238,0,Small Business,56.0,5.0,High,19.0,23.0,9.0,18.0,0-30 days,9656.11,10130.31,482.4,21.0,Not Applicable,0.0
CUST-009204,1,Consumer,8.0,2.0,Low,8.0,10.0,6.0,51.0,31-60 days,39388.4,31820.0,1446.36,22.0,Shipping Issues,12728.0
CUST-028742,0,Consumer,48.0,2.0,Medium,4.0,2.0,1.0,282.0,271-365 days,54032.63,44184.68,1027.55,43.0,Not Applicable,0.0
CUST-017562,1,Consumer,9.0,2.0,Low,18.0,21.0,8.0,46.0,31-60 days,31614.78,32623.37,665.78,49.0,Poor Product Quality,13049.348
CUST-047103,1,Consumer,25.0,2.0,High,19.0,20.0,1.0,7.0,0-30 days,29582.75,25374.8,576.7,44.0,Poor Product Quality,10149.92
CUST-037574,1,Consumer,46.0,5.0,High,14.0,13.0,6.0,81.0,61-90 days,15175.87,12674.14,4224.71,3.0,Poor Customer Service,5069.656
CUST-033827,0,Small Business,19.0,1.0,Medium,10.0,2.0,4.0,51.0,31-60 days,20048.34,17665.6,609.16,29.0,Not Applicable,0.0
CUST-016486,1,Consumer,48.0,1.0,Medium,5.0,0.0,2.0,43.0,31-60 days,40698.58,34414.39,2458.17,14.0,Shipping Issues,13765.756000000001
CUST-016512,0,Small Business,9.0,4.0,Medium,13.0,13.0,7.0,3.0,0-30 days,41869.36,39787.67,5683.95,7.0,Not Applicable,0.0
CUST-010070,1,Premium,34.0,1.0,Low,13.0,16.0,5.0,37.0,31-60 days,46665.38,49392.94,3528.07,14.0,Poor Customer Service,19757.176000000003
CUST-013803,0,Consumer,51.0,2.0,High,3.0,0.0,9.0,178.0,91-180 days,45283.31,48642.87,1314.67,37.0,Not Applicable,0.0
CUST-004097,0,Premium,53.0,4.0,Medium,11.0,15.0,6.0,56.0,31-60 days,9605.27,11406.64,325.9,35.0,Not Applicable,0.0
CUST-026899,0,Premium,28.0,5.0,Low,1.0,3.0,3.0,52.0,31-60 days,10977.29,10599.14,423.97,25.0,Not Applicable,0.0
CUST-033463,0,Premium,47.0,5.0,High,11.0,7.0,0.0,80.0,61-90 days,42677.45,35968.3,972.12,37.0,Not Applicable,0.0
CUST-046429,0,Consumer,53.0,4.0,High,9.0,1.0,3.0,170.0,91-180 days,36700.47,38646.39,942.59,41.0,Not Applicable,0.0
CUST-031097,1,Consumer,16.0,4.0,Low,17.0,21.0,7.0,136.0,91-180 days,55357.75,45162.43,3474.03,13.0,Shipping Issues,18064.972
CUST-000063,0,Premium,35.0,3.0,Medium,1.0,2.0,1.0,7.0,0-30 days,23670.97,28586.2,28586.2,1.0,Not Applicable,0.0
CUST-040644,0,Consumer,57.0,5.0,Medium,2.0,6.0,2.0,56.0,31-60 days,38234.05,46886.96,2604.83,18.0,Not Applicable,0.0
CUST-011218,0,Consumer,44.0,3.0,Medium,15.0,0.0,6.0,165.0,91-180 days,13544.99,15759.06,3939.76,4.0,Not Applicable,0.0
CUST-032896,1,Enterprise,28.0,5.0,Medium,11.0,14.0,9.0,257.0,181-270 days,8657.95,10678.15,1779.69,6.0,Too Expensive,4271.26
CUST-028034,0,Consumer,14.0,1.0,High,6.0,5.0,5.0,72.0,61-90 days,19980.34,21598.22,696.72,31.0,Not Applicable,0.0
CUST-012145,0,Premium,19.0,3.0,Medium,4.0,2.0,7.0,19.0,0-30 days,20232.31,19923.57,498.09,40.0,Not Applicable,0.0
CUST-014656,1,Enterprise,44.0,1.0,High,9.0,1.0,6.0,42.0,31-60 days,37870.72,45473.15,15157.72,3.0,Technical Issues,18189.26
CUST-023344,0,Consumer,27.0,3.0,Medium,9.0,0.0,6.0,67.0,61-90 days,4309.76,3854.61,550.66,7.0,Not Applicable,0.0
CUST-017779,0,Premium,40.0,5.0,Medium,5.0,7.0,3.0,5.0,0-30 days,5575.92,6740.39,337.02,20.0,Not Applicable,0.0
CUST-007555,0,Small Business,25.0,5.0,High,1.0,4.0,9.0,357.0,271-365 days,20142.29,24339.49,785.14,31.0,Not Applicable,0.0
CUST-006123,0,Consumer,55.0,4.0,Medium,13.0,7.0,4.0,80.0,61-90 days,3656.98,4094.85,584.98,7.0,Not Applicable,0.0
CUST-003518,0,Small Business,35.0,1.0,High,19.0,5.0,1.0,9.0,0-30 days,7444.63,7588.08,843.12,9.0,Not Applicable,0.0
CUST-016251,1,Premium,25.0,1.0,High,5.0,8.0,9.0,30.0,0-30 days,56201.91,43939.72,1255.42,35.0,Shipping Issues,17575.888000000006
CUST-026354,1,Consumer,12.0,3.0,Low,13.0,13.0,3.0,66.0,61-90 days,26341.47,21997.94,499.95,44.0,Low Product Variety,8799.176
CUST-026566,1,Premium,28.0,1.0,Medium,6.0,8.0,6.0,248.0,181-270 days,48554.57,48928.24,1164.96,42.0,Shipping Issues,19571.296
CUST-014705,0,Consumer,49.0,2.0,High,19.0,16.0,6.0,6.0,0-30 days,2736.52,2204.7,91.86,24.0,Not Applicable,0.0
CUST-015616,1,Premium,37.0,2.0,Medium,1.0,2.0,7.0,48.0,31-60 days,28755.26,31335.07,1649.21,19.0,Better Price Elsewhere,12534.028
CUST-041530,1,Consumer,21.0,4.0,Low,11.0,14.0,2.0,85.0,61-90 days,42141.78,34071.91,2129.49,16.0,Payment Problems,13628.764000000005
CUST-033809,1,Premium,5.0,2.0,Medium,1.0,1.0,8.0,45.0,31-60 days,9615.57,9561.59,239.04,40.0,Payment Problems,3824.636
CUST-001835,0,Premium,38.0,5.0,Medium,15.0,18.0,8.0,33.0,31-60 days,22705.28,18788.86,4697.22,4.0,Not Applicable,0.0
CUST-044651,0,Premium,26.0,5.0,Low,1.0,0.0,6.0,323.0,271-365 days,5127.1,6305.59,1261.12,5.0,Not Applicable,0.0
CUST-008256,0,Enterprise,29.0,5.0,High,19.0,15.0,3.0,28.0,0-30 days,53457.09,43454.67,1278.08,34.0,Not Applicable,0.0
CUST-015001,0,Consumer,36.0,2.0,Low,7.0,11.0,9.0,97.0,91-180 days,39149.87,34336.77,2289.12,15.0,Not Applicable,0.0
CUST-038123,1,Consumer,16.0,1.0,Low,15.0,14.0,3.0,7.0,0-30 days,37520.05,29582.98,1095.67,27.0,Poor Product Quality,11833.192
CUST-017310,0,Consumer,59.0,3.0,Medium,7.0,8.0,0.0,79.0,61-90 days,7839.95,8313.2,244.51,34.0,Not Applicable,0.0
CUST-049191,0,Enterprise,17.0,1.0,High,3.0,4.0,9.0,304.0,271-365 days,63425.2,49415.52,3801.19,13.0,Not Applicable,0.0
CUST-037538,1,Consumer,53.0,1.0,Low,17.0,12.0,7.0,87.0,61-90 days,48581.88,39307.1,1062.35,37.0,Better Price Elsewhere,15722.84
CUST-023447,0,Consumer,12.0,3.0,Low,2.0,2.0,9.0,83.0,61-90 days,3147.57,3328.48,369.83,9.0,Not Applicable,0.0
CUST-005022,0,Premium,18.0,3.0,Low,7.0,0.0,9.0,336.0,271-365 days,57653.6,47906.97,998.06,48.0,Not Applicable,0.0
CUST-006136,1,Consumer,33.0,4.0,Medium,3.0,4.0,8.0,198.0,181-270 days,46679.95,45959.7,1209.47,38.0,Technical Issues,18383.88
CUST-040223,0,Small Business,27.0,4.0,High,8.0,6.0,3.0,48.0,31-60 days,44703.3,34542.18,1233.65,28.0,Not Applicable,0.0
CUST-022136,1,Consumer,58.0,1.0,Medium,17.0,18.0,9.0,22.0,0-30 days,44649.28,49791.56,2766.2,18.0,Technical Issues,19916.624
CUST-033555,1,Consumer,4.0,2.0,Low,16.0,11.0,1.0,311.0,271-365 days,60455.88,49141.04,1535.66,32.0,Poor Customer Service,19656.416
CUST-017151,1,Consumer,11.0,5.0,Medium,11.0,2.0,9.0,348.0,271-365 days,6232.69,4972.71,165.76,30.0,Payment Problems,1989.084
CUST-049657,0,Consumer,41.0,3.0,Medium,7.0,5.0,7.0,21.0,0-30 days,29540.92,23831.59,722.17,33.0,Not Applicable,0.0
CUST-007427,0,Consumer,12.0,3.0,Medium,2.0,1.0,9.0,83.0,61-90 days,56795.07,49938.84,4993.88,10.0,Not Applicable,0.0
CUST-017014,1,Small Business,30.0,4.0,High,2.0,6.0,9.0,2.0,0-30 days,38536.57,40419.05,8083.81,5.0,Poor Product Quality,16167.620000000004
CUST-025538,1,Consumer,35.0,3.0,Low,9.0,4.0,3.0,65.0,61-90 days,40240.59,33254.49,811.09,41.0,Too Expensive,13301.796
CUST-043200,0,Consumer,26.0,4.0,High,10.0,6.0,7.0,309.0,271-365 days,7187.87,8781.1,585.41,15.0,Not Applicable,0.0
CUST-030963,1,Small Business,21.0,3.0,Medium,11.0,14.0,5.0,19.0,0-30 days,39396.18,38850.15,903.49,43.0,Found Alternative,15540.06
CUST-026605,1,Premium,12.0,3.0,Low,4.0,3.0,8.0,19.0,0-30 days,52563.7,42955.92,10738.98,4.0,Unhappy with Return Policy,17182.368000000002
CUST-021082,1,Consumer,22.0,2.0,Medium,19.0,22.0,8.0,310.0,271-365 days,2496.83,2201.16,68.79,32.0,Account Issues,880.4639999999997
CUST-040379,1,Consumer,12.0,4.0,Low,0.0,1.0,8.0,76.0,61-90 days,46158.85,49644.47,1773.02,28.0,Low Product Variety,19857.788
CUST-031659,0,Enterprise,59.0,1.0,High,11.0,10.0,1.0,16.0,0-30 days,45375.78,47059.38,1809.98,26.0,Not Applicable,0.0
CUST-006114,1,Small Business,34.0,3.0,Low,14.0,6.0,4.0,185.0,181-270 days,8400.15,6528.46,1632.12,4.0,Low Product Variety,2611.384
CUST-013686,0,Consumer,25.0,2.0,Medium,3.0,0.0,6.0,10.0,0-30 days,53818.76,41811.8,2459.52,17.0,Not Applicable,0.0
CUST-005395,1,Consumer,33.0,1.0,Low,7.0,1.0,0.0,49.0,31-60 days,42616.46,35070.97,947.86,37.0,Better Price Elsewhere,14028.388
CUST-017014,0,Small Business,30.0,4.0,High,2.0,3.0,9.0,2.0,0-30 days,38536.57,40419.05,8083.81,5.0,Not Applicable,0.0
CUST-033504,0,Small Business,12.0,1.0,Medium,18.0,3.0,5.0,346.0,271-365 days,10560.7,10585.42,341.47,31.0,Not Applicable,0.0
CUST-030972,0,Consumer,37.0,2.0,High,0.0,3.0,5.0,37.0,31-60 days,32511.46,32732.49,884.66,37.0,Not Applicable,0.0
CUST-021358,0,Small Business,59.0,5.0,Medium,0.0,0.0,0.0,76.0,61-90 days,24219.29,21005.98,1050.3,20.0,Not Applicable,0.0
CUST-045455,0,Premium,23.0,4.0,High,11.0,12.0,2.0,67.0,61-90 days,51286.2,45836.21,1637.01,28.0,Not Applicable,0.0
CUST-003561,0,Consumer,23.0,5.0,Medium,7.0,11.0,7.0,60.0,31-60 days,39996.91,48710.43,1391.73,35.0,Not Applicable,0.0
CUST-017063,1,Small Business,37.0,2.0,Low,17.0,21.0,8.0,33.0,31-60 days,26849.07,29168.61,810.24,36.0,Poor Product Quality,11667.444
CUST-017695,0,Consumer,25.0,5.0,High,12.0,11.0,8.0,312.0,271-365 days,49388.81,42198.51,879.14,48.0,Not Applicable,0.0
CUST-028724,1,Consumer,24.0,1.0,High,19.0,8.0,7.0,8.0,0-30 days,17846.09,18168.12,1816.81,10.0,Low Product Variety,7267.248
CUST-023036,1,Consumer,43.0,3.0,Low,13.0,6.0,5.0,31.0,31-60 days,77.8,69.55,4.09,17.0,Found Alternative,27.82
CUST-048930,0,Consumer,50.0,4.0,Medium,3.0,6.0,6.0,242.0,181-270 days,47789.39,48276.79,985.24,49.0,Not Applicable,0.0
CUST-040229,0,Enterprise,19.0,1.0,High,12.0,1.0,3.0,304.0,271-365 days,43164.83,49853.72,8308.95,6.0,Not Applicable,0.0
CUST-030950,0,Premium,32.0,1.0,Medium,18.0,13.0,1.0,63.0,61-90 days,34856.62,27355.25,828.95,33.0,Not Applicable,0.0
CUST-048899,1,Consumer,1.0,1.0,High,15.0,6.0,8.0,62.0,61-90 days,48711.04,42897.57,2681.1,16.0,Poor Product Quality,17159.028000000002
CUST-042379,0,Small Business,10.0,1.0,Low,8.0,8.0,8.0,64.0,61-90 days,34862.28,35589.96,912.56,39.0,Not Applicable,0.0
CUST-047328,0,Enterprise,26.0,1.0,Medium,10.0,11.0,8.0,221.0,181-270 days,37441.43,33412.75,1392.2,24.0,Not Applicable,0.0
CUST-030868,1,Small Business,12.0,3.0,Medium,13.0,1.0,0.0,101.0,91-180 days,44381.89,39634.98,900.8,44.0,Low Product Variety,15853.992000000002
CUST-022530,0,Consumer,29.0,5.0,Medium,18.0,9.0,7.0,26.0,0-30 days,51907.98,40729.36,1313.85,31.0,Not Applicable,0.0
CUST-029683,0,Premium,55.0,3.0,Medium,0.0,3.0,0.0,57.0,31-60 days,17184.24,17660.42,1605.49,11.0,Not Applicable,0.0
CUST-038296,0,Premium,19.0,4.0,High,9.0,4.0,2.0,158.0,91-180 days,55490.54,45600.78,1085.73,42.0,Not Applicable,0.0
CUST-003056,1,Premium,22.0,1.0,High,12.0,15.0,9.0,9.0,0-30 days,13636.75,16418.57,608.1,27.0,Poor Customer Service,6567.428000000001
CUST-044592,1,Consumer,8.0,2.0,Low,3.0,4.0,5.0,54.0,31-60 days,26450.84,22610.77,869.64,26.0,Payment Problems,9044.308
CUST-039797,0,Enterprise,51.0,1.0,Low,4.0,0.0,5.0,61.0,61-90 days,39152.13,46183.54,11545.89,4.0,Not Applicable,0.0
CUST-005507,0,Small Business,54.0,5.0,High,14.0,15.0,5.0,128.0,91-180 days,53692.95,45639.75,1037.27,44.0,Not Applicable,0.0
CUST-029748,0,Small Business,31.0,1.0,High,4.0,4.0,4.0,122.0,91-180 days,15708.68,18819.71,940.99,20.0,Not Applicable,0.0
CUST-028769,0,Consumer,49.0,5.0,High,19.0,1.0,9.0,344.0,271-365 days,29187.1,32433.43,3243.34,10.0,Not Applicable,0.0
CUST-033526,1,Premium,9.0,2.0,Medium,4.0,4.0,0.0,327.0,271-365 days,34615.39,35879.07,1559.96,23.0,Poor Customer Service,14351.628
CUST-045351,0,Consumer,41.0,1.0,High,3.0,2.0,1.0,77.0,61-90 days,47634.07,41851.73,854.12,49.0,Not Applicable,0.0
CUST-015750,0,Enterprise,29.0,4.0,Low,7.0,11.0,6.0,200.0,181-270 days,2897.26,2310.7,64.19,36.0,Not Applicable,0.0
CUST-040344,0,Premium,19.0,2.0,Low,7.0,8.0,2.0,53.0,31-60 days,27869.53,33533.08,2235.54,15.0,Not Applicable,0.0
CUST-008106,0,Consumer,32.0,1.0,High,8.0,2.0,0.0,139.0,91-180 days,1758.35,1420.19,129.11,11.0,Not Applicable,0.0
CUST-040785,0,Small Business,17.0,1.0,Medium,10.0,12.0,3.0,126.0,91-180 days,14282.27,13813.12,3453.28,4.0,Not Applicable,0.0
CUST-045200,1,Consumer,26.0,2.0,Low,5.0,7.0,3.0,9.0,0-30 days,32045.94,28513.55,581.91,49.0,Found Alternative,11405.42
CUST-039786,0,Premium,20.0,5.0,Low,10.0,1.0,3.0,64.0,61-90 days,36178.29,30204.01,671.2,45.0,Not Applicable,0.0
CUST-012210,1,Consumer,56.0,2.0,High,11.0,7.0,9.0,348.0,271-365 days,6000.28,6612.76,134.95,49.0,Found Alternative,2645.1040000000007
CUST-026132,0,Premium,24.0,5.0,High,4.0,3.0,4.0,178.0,91-180 days,45624.86,37084.45,37084.45,1.0,Not Applicable,0.0
CUST-048116,1,Enterprise,57.0,4.0,Medium,8.0,8.0,4.0,83.0,61-90 days,28416.14,25222.12,813.62,31.0,Account Issues,10088.848
CUST-019673,0,Consumer,13.0,1.0,Medium,15.0,2.0,3.0,51.0,31-60 days,41891.21,45710.71,2856.92,16.0,Not Applicable,0.0
CUST-001788,0,Consumer,55.0,1.0,Medium,9.0,8.0,3.0,54.0,31-60 days,15646.02,14575.06,355.49,41.0,Not Applicable,0.0
CUST-039606,0,Premium,20.0,5.0,High,4.0,6.0,0.0,72.0,61-90 days,10550.83,8812.47,440.62,20.0,Not Applicable,0.0
CUST-040585,0,Premium,2.0,4.0,Medium,5.0,9.0,6.0,9.0,0-30 days,51209.12,40709.14,2035.46,20.0,Not Applicable,0.0
CUST-003526,0,Premium,47.0,2.0,High,9.0,9.0,9.0,200.0,181-270 days,18954.9,19856.03,601.7,33.0,Not Applicable,0.0
CUST-028134,0,Premium,32.0,3.0,Low,0.0,1.0,5.0,225.0,181-270 days,14353.7,12581.55,279.59,45.0,Not Applicable,0.0
CUST-003348,0,Premium,57.0,3.0,High,9.0,2.0,5.0,53.0,31-60 days,780.15,603.65,603.65,1.0,Not Applicable,0.0
CUST-003095,1,Premium,40.0,3.0,High,10.0,14.0,7.0,78.0,61-90 days,42769.91,49669.69,1379.71,36.0,Found Alternative,19867.876000000004
CUST-012784,0,Consumer,52.0,5.0,Low,10.0,10.0,0.0,74.0,61-90 days,12715.94,10813.89,2162.78,5.0,Not Applicable,0.0
CUST-039605,1,Small Business,13.0,2.0,Medium,11.0,8.0,3.0,42.0,31-60 days,49371.73,47657.02,1537.32,31.0,Poor Customer Service,19062.808
CUST-005662,0,Small Business,31.0,2.0,Medium,9.0,5.0,5.0,51.0,31-60 days,14947.47,11658.31,485.76,24.0,Not Applicable,0.0
CUST-001003,0,Premium,4.0,4.0,Low,2.0,1.0,4.0,297.0,271-365 days,55851.52,45653.97,1902.25,24.0,Not Applicable,0.0
CUST-025748,1,Consumer,26.0,2.0,High,14.0,18.0,9.0,33.0,31-60 days,14196.06,12139.25,357.04,34.0,Better Price Elsewhere,4855.7
CUST-020912,0,Small Business,5.0,4.0,Medium,13.0,12.0,5.0,11.0,0-30 days,1884.22,1908.02,1908.02,1.0,Not Applicable,0.0
CUST-011055,0,Premium,58.0,4.0,Low,4.0,7.0,3.0,64.0,61-90 days,52367.38,42589.35,10647.34,4.0,Not Applicable,0.0
CUST-023706,1,Premium,29.0,5.0,Low,18.0,6.0,3.0,83.0,61-90 days,17699.18,16529.67,569.99,29.0,Poor Customer Service,6611.868
CUST-012152,0,Small Business,15.0,1.0,Low,6.0,3.0,9.0,81.0,61-90 days,3700.03,3211.09,80.28,40.0,Not Applicable,0.0
CUST-040596,0,Premium,29.0,2.0,Medium,19.0,3.0,4.0,226.0,181-270 days,11564.27,14309.98,461.61,31.0,Not Applicable,0.0
CUST-042598,1,Consumer,20.0,5.0,Low,15.0,18.0,8.0,173.0,91-180 days,16755.52,13351.05,556.29,24.0,Poor Product Quality,5340.42
CUST-009886,1,Consumer,25.0,1.0,Low,11.0,4.0,9.0,50.0,31-60 days,33364.3,27438.2,914.61,30.0,Payment Problems,10975.28
CUST-005138,0,Premium,28.0,2.0,High,15.0,1.0,9.0,65.0,61-90 days,27442.54,33501.59,3722.4,9.0,Not Applicable,0.0
CUST-033702,0,Consumer,59.0,3.0,Medium,0.0,3.0,9.0,17.0,0-30 days,4960.43,3875.64,161.48,24.0,Not Applicable,0.0
CUST-035107,0,Premium,40.0,4.0,Low,12.0,4.0,3.0,27.0,0-30 days,17017.78,16672.42,5557.47,3.0,Not Applicable,0.0
CUST-004955,0,Premium,52.0,3.0,Low,5.0,7.0,3.0,42.0,31-60 days,42818.14,36240.28,12080.09,3.0,Not Applicable,0.0
CUST-032709,1,Premium,48.0,1.0,Low,3.0,4.0,6.0,88.0,61-90 days,18453.11,14529.41,382.35,38.0,Low Product Variety,5811.764
CUST-005418,1,Consumer,14.0,5.0,Low,4.0,6.0,6.0,187.0,181-270 days,28612.31,28012.26,1167.18,24.0,Shipping Issues,11204.904
CUST-007252,0,Premium,50.0,2.0,Medium,0.0,1.0,6.0,78.0,61-90 days,28413.06,22478.01,510.86,44.0,Not Applicable,0.0
CUST-035982,0,Consumer,56.0,1.0,High,10.0,8.0,0.0,49.0,31-60 days,45543.24,45828.18,22914.09,2.0,Not Applicable,0.0
CUST-029811,0,Consumer,32.0,2.0,Medium,6.0,7.0,5.0,49.0,31-60 days,33540.36,35133.57,11711.19,3.0,Not Applicable,0.0
CUST-023233,0,Consumer,6.0,5.0,Medium,16.0,16.0,9.0,130.0,91-180 days,8106.84,6805.58,309.34,22.0,Not Applicable,0.0
CUST-013687,0,Premium,35.0,3.0,High,18.0,4.0,6.0,313.0,271-365 days,44726.74,46207.44,4620.74,10.0,Not Applicable,0.0
CUST-026221,0,Consumer,8.0,3.0,Medium,13.0,13.0,3.0,138.0,91-180 days,45789.73,45453.84,1108.63,41.0,Not Applicable,0.0
CUST-005885,0,Consumer,20.0,1.0,High,8.0,1.0,8.0,49.0,31-60 days,51756.16,40020.74,976.12,41.0,Not Applicable,0.0
CUST-017939,1,Small Business,10.0,2.0,Low,13.0,9.0,2.0,33.0,31-60 days,51544.92,44815.5,7469.25,6.0,Technical Issues,17926.2
CUST-015338,1,Enterprise,19.0,3.0,Medium,18.0,6.0,5.0,14.0,0-30 days,10302.69,9436.31,235.91,40.0,Shipping Issues,3774.524
CUST-030657,0,Enterprise,35.0,2.0,Medium,1.0,4.0,9.0,1.0,0-30 days,46056.45,43321.7,1007.48,43.0,Not Applicable,0.0
CUST-008809,0,Small Business,48.0,5.0,High,4.0,6.0,1.0,22.0,0-30 days,58357.0,49109.55,1142.08,43.0,Not Applicable,0.0
CUST-039340,0,Small Business,8.0,3.0,Medium,3.0,2.0,3.0,34.0,31-60 days,42757.33,35319.28,7063.86,5.0,Not Applicable,0.0
CUST-026227,0,Premium,9.0,4.0,High,6.0,7.0,6.0,329.0,271-365 days,10675.34,13037.87,343.1,38.0,Not Applicable,0.0
CUST-038461,0,Premium,7.0,3.0,Low,2.0,6.0,6.0,17.0,0-30 days,51476.28,40641.51,4064.15,10.0,Not Applicable,0.0
CUST-039473,0,Consumer,18.0,3.0,High,8.0,10.0,7.0,79.0,61-90 days,50325.57,39769.55,1657.06,24.0,Not Applicable,0.0
CUST-031769,0,Premium,17.0,4.0,Medium,2.0,2.0,6.0,76.0,61-90 days,43306.27,48528.0,2426.4,20.0,Not Applicable,0.0
CUST-007173,1,Premium,52.0,4.0,Medium,19.0,13.0,7.0,226.0,181-270 days,15570.91,16765.04,2095.63,8.0,Poor Product Quality,6706.016000000001
CUST-019283,1,Small Business,21.0,3.0,Medium,1.0,1.0,8.0,15.0,0-30 days,35236.35,29836.63,4972.77,6.0,Payment Problems,11934.652000000002
CUST-046328,0,Small Business,20.0,1.0,Medium,2.0,6.0,2.0,100.0,91-180 days,7439.58,7861.74,291.18,27.0,Not Applicable,0.0
CUST-005511,0,Small Business,54.0,2.0,Medium,13.0,12.0,4.0,7.0,0-30 days,48373.51,37583.02,767.0,49.0,Not Applicable,0.0
CUST-015483,0,Consumer,24.0,5.0,Medium,15.0,3.0,6.0,23.0,0-30 days,10330.75,7993.9,380.66,21.0,Not Applicable,0.0
CUST-017844,0,Small Business,25.0,5.0,High,5.0,7.0,5.0,38.0,31-60 days,42190.44,45174.1,1101.81,41.0,Not Applicable,0.0
CUST-017333,0,Small Business,40.0,3.0,High,4.0,7.0,0.0,301.0,271-365 days,40510.73,44601.77,2123.89,21.0,Not Applicable,0.0
CUST-011574,1,Premium,58.0,2.0,Medium,0.0,0.0,9.0,64.0,61-90 days,21717.79,19606.16,594.13,33.0,Account Issues,7842.464
CUST-036619,0,Consumer,16.0,3.0,Medium,3.0,5.0,3.0,80.0,61-90 days,4583.95,3634.95,1817.47,2.0,Not Applicable,0.0
CUST-016614,1,Premium,1.0,1.0,Low,3.0,3.0,6.0,51.0,31-60 days,24716.87,24297.18,2429.72,10.0,Better Price Elsewhere,9718.872
CUST-022052,0,Consumer,6.0,3.0,Medium,5.0,9.0,6.0,63.0,61-90 days,36449.96,38983.11,2598.87,15.0,Not Applicable,0.0
CUST-026007,1,Premium,50.0,2.0,Medium,19.0,4.0,9.0,19.0,0-30 days,26323.54,20495.0,1863.18,11.0,Payment Problems,8198.0
CUST-019084,0,Premium,21.0,3.0,High,7.0,1.0,3.0,263.0,181-270 days,16605.25,19200.78,3200.13,6.0,Not Applicable,0.0
CUST-019339,0,Premium,31.0,4.0,Medium,2.0,6.0,9.0,6.0,0-30 days,35088.77,33710.45,1532.29,22.0,Not Applicable,0.0
CUST-015362,1,Consumer,53.0,2.0,Low,19.0,4.0,9.0,137.0,91-180 days,42408.82,37097.72,757.1,49.0,Shipping Issues,14839.088000000002
CUST-007424,0,Premium,29.0,2.0,Low,16.0,12.0,3.0,32.0,31-60 days,17064.79,16957.89,368.65,46.0,Not Applicable,0.0
CUST-000427,1,Consumer,56.0,2.0,Medium,16.0,10.0,0.0,7.0,0-30 days,13267.04,15435.88,367.52,42.0,Too Expensive,6174.352
CUST-018982,1,Enterprise,4.0,1.0,High,5.0,3.0,0.0,80.0,61-90 days,20597.63,17267.97,557.03,31.0,Poor Product Quality,6907.188000000001
CUST-043389,1,Small Business,15.0,1.0,High,6.0,9.0,2.0,255.0,181-270 days,37639.61,46181.71,962.12,48.0,No Longer Need Service,18472.684
CUST-013881,1,Consumer,34.0,1.0,High,10.0,1.0,1.0,78.0,61-90 days,16087.23,16288.23,2036.03,8.0,Payment Problems,6515.292
CUST-007688,0,Consumer,32.0,5.0,High,12.0,2.0,8.0,222.0,181-270 days,12547.38,13659.12,379.42,36.0,Not Applicable,0.0
CUST-021749,0,Consumer,30.0,2.0,Low,13.0,15.0,5.0,30.0,0-30 days,21526.49,17546.71,797.58,22.0,Not Applicable,0.0
CUST-001581,0,Premium,32.0,2.0,High,14.0,12.0,2.0,50.0,31-60 days,14410.61,13008.47,333.55,39.0,Not Applicable,0.0
CUST-004622,0,Consumer,17.0,2.0,Medium,14.0,13.0,4.0,186.0,181-270 days,20736.49,18422.36,0.0,0.0,Not Applicable,0.0
CUST-028484,0,Consumer,30.0,5.0,Medium,18.0,6.0,8.0,74.0,61-90 days,2189.08,2539.88,76.97,33.0,Not Applicable,0.0
CUST-002430,1,Consumer,46.0,1.0,Medium,17.0,2.0,7.0,41.0,31-60 days,19064.72,19032.62,576.75,33.0,Poor Product Quality,7613.048000000002
CUST-038509,0,Consumer,25.0,5.0,Medium,9.0,11.0,3.0,27.0,0-30 days,10174.19,12002.3,545.56,22.0,Not Applicable,0.0
CUST-045013,0,Small Business,37.0,2.0,Medium,14.0,16.0,2.0,80.0,61-90 days,27667.39,33428.08,1392.84,24.0,Not Applicable,0.0
CUST-040689,0,Consumer,28.0,1.0,High,19.0,23.0,2.0,8.0,0-30 days,13214.23,10330.04,939.09,11.0,Not Applicable,0.0
CUST-038941,1,Consumer,48.0,2.0,Low,17.0,20.0,1.0,36.0,31-60 days,7100.3,5598.03,174.94,32.0,Better Price Elsewhere,2239.212
CUST-043957,0,Consumer,34.0,4.0,Medium,2.0,2.0,4.0,74.0,61-90 days,47338.25,46067.77,1354.93,34.0,Not Applicable,0.0
CUST-019244,1,Consumer,57.0,4.0,Low,19.0,16.0,7.0,15.0,0-30 days,260.88,209.6,8.38,25.0,Too Expensive,83.84
CUST-020799,0,Premium,2.0,5.0,Medium,5.0,5.0,2.0,53.0,31-60 days,45089.45,36391.59,1254.88,29.0,Not Applicable,0.0
CUST-008492,1,Consumer,2.0,5.0,Medium,0.0,0.0,0.0,79.0,61-90 days,29984.97,26957.23,816.89,33.0,Account Issues,10782.892
CUST-008848,1,Consumer,37.0,4.0,Low,8.0,9.0,7.0,205.0,181-270 days,9108.75,10356.54,345.22,30.0,Unhappy with Return Policy,4142.616000000001
CUST-036158,1,Small Business,28.0,3.0,High,5.0,9.0,1.0,77.0,61-90 days,41634.3,39501.08,1645.88,24.0,Found Alternative,15800.432
CUST-005969,1,Premium,35.0,2.0,Medium,8.0,8.0,3.0,35.0,31-60 days,42804.42,40123.84,1337.46,30.0,Account Issues,16049.536
CUST-041038,1,Small Business,38.0,1.0,Medium,11.0,4.0,7.0,348.0,271-365 days,44189.76,38706.79,1843.18,21.0,Too Expensive,15482.716
CUST-002544,0,Premium,41.0,1.0,High,9.0,12.0,7.0,90.0,61-90 days,32495.9,38128.7,1657.77,23.0,Not Applicable,0.0
CUST-044431,1,Small Business,22.0,5.0,Medium,18.0,17.0,9.0,11.0,0-30 days,16241.51,15201.4,760.07,20.0,Poor Customer Service,6080.56
CUST-040447,0,Consumer,22.0,3.0,High,4.0,6.0,3.0,110.0,91-180 days,18462.88,17951.64,1055.98,17.0,Not Applicable,0.0
CUST-021870,0,Enterprise,34.0,1.0,Medium,7.0,7.0,7.0,7.0,0-30 days,12759.22,12092.81,755.8,16.0,Not Applicable,0.0
CUST-010952,0,Premium,33.0,1.0,High,5.0,4.0,2.0,103.0,91-180 days,6091.6,4830.23,0.0,0.0,Not Applicable,0.0
CUST-048027,0,Small Business,38.0,3.0,Low,18.0,9.0,4.0,75.0,61-90 days,13899.47,13916.97,1265.18,11.0,Not Applicable,0.0
CUST-002111,1,Consumer,21.0,1.0,High,1.0,2.0,4.0,80.0,61-90 days,42982.74,35134.88,798.52,44.0,Account Issues,14053.952
CUST-031336,0,Small Business,30.0,2.0,Medium,7.0,4.0,4.0,44.0,31-60 days,33275.88,27519.96,27519.96,1.0,Not Applicable,0.0
CUST-040801,1,Small Business,32.0,5.0,Low,4.0,7.0,9.0,34.0,31-60 days,15064.75,18750.66,3125.11,6.0,Too Expensive,7500.264
CUST-044394,0,Consumer,17.0,3.0,Low,6.0,6.0,2.0,14.0,0-30 days,44027.63,35510.22,1690.96,21.0,Not Applicable,0.0
CUST-014959,1,Consumer,44.0,5.0,Low,19.0,15.0,5.0,35.0,31-60 days,8276.54,6399.74,336.83,19.0,Payment Problems,2559.896
CUST-019826,1,Consumer,18.0,3.0,High,10.0,14.0,8.0,71.0,61-90 days,28889.95,26654.44,634.63,42.0,Too Expensive,10661.776000000002
CUST-021293,1,Consumer,31.0,2.0,Medium,0.0,1.0,8.0,354.0,271-365 days,46222.74,40584.19,863.49,47.0,Found Alternative,16233.676000000001
CUST-001312,0,Small Business,50.0,4.0,Medium,15.0,9.0,6.0,1.0,0-30 days,48546.64,46818.5,1040.41,45.0,Not Applicable,0.0
CUST-035278,0,Small Business,41.0,3.0,Medium,13.0,3.0,5.0,33.0,31-60 days,29345.68,26998.71,3856.96,7.0,Not Applicable,0.0
CUST-014935,0,Premium,7.0,2.0,High,0.0,1.0,4.0,37.0,31-60 days,44300.45,45173.84,1328.64,34.0,Not Applicable,0.0
CUST-043752,0,Enterprise,48.0,2.0,Medium,19.0,15.0,1.0,73.0,61-90 days,25468.46,21141.98,459.61,46.0,Not Applicable,0.0
CUST-005984,0,Small Business,40.0,2.0,High,10.0,4.0,4.0,21.0,0-30 days,50101.58,41722.16,20861.08,2.0,Not Applicable,0.0
CUST-001380,0,Consumer,59.0,4.0,Medium,7.0,5.0,1.0,171.0,91-180 days,44250.39,36180.48,2584.32,14.0,Not Applicable,0.0
CUST-004205,1,Enterprise,6.0,2.0,Low,8.0,9.0,7.0,284.0,271-365 days,12101.03,9809.24,326.97,30.0,Poor Customer Service,3923.696
CUST-006889,0,Consumer,30.0,4.0,Medium,10.0,9.0,0.0,280.0,271-365 days,51528.83,48100.93,12025.23,4.0,Not Applicable,0.0
CUST-001988,1,Premium,20.0,2.0,Medium,6.0,3.0,2.0,42.0,31-60 days,37772.97,36543.66,987.67,37.0,Found Alternative,14617.464000000002
CUST-041446,0,Consumer,11.0,5.0,Low,14.0,17.0,2.0,8.0,0-30 days,231.5,279.67,279.67,1.0,Not Applicable,0.0
CUST-008798,1,Small Business,48.0,2.0,Low,16.0,8.0,8.0,123.0,91-180 days,16639.63,18047.16,1503.93,12.0,Too Expensive,7218.8640000000005
CUST-023816,0,Premium,11.0,4.0,Low,4.0,4.0,2.0,39.0,31-60 days,403.35,349.72,10.6,33.0,Not Applicable,0.0
CUST-000787,0,Small Business,50.0,2.0,Medium,17.0,0.0,9.0,62.0,61-90 days,34559.01,35727.14,729.13,49.0,Not Applicable,0.0
CUST-014191,0,Consumer,53.0,3.0,Medium,9.0,6.0,7.0,56.0,31-60 days,49964.65,39446.46,2629.76,15.0,Not Applicable,0.0
CUST-047170,0,Enterprise,41.0,1.0,High,0.0,4.0,5.0,51.0,31-60 days,23702.93,28417.5,811.93,35.0,Not Applicable,0.0
CUST-029401,1,Small Business,21.0,2.0,Low,19.0,23.0,7.0,75.0,61-90 days,56940.76,46585.27,950.72,49.0,Poor Customer Service,18634.108
CUST-022923,0,Enterprise,4.0,2.0,High,0.0,0.0,3.0,52.0,31-60 days,18525.64,15578.55,379.96,41.0,Not Applicable,0.0
CUST-006614,0,Premium,38.0,4.0,Medium,1.0,2.0,0.0,271.0,271-365 days,6770.57,7466.27,3733.14,2.0,Not Applicable,0.0
CUST-023602,1,Small Business,56.0,2.0,High,12.0,1.0,1.0,27.0,0-30 days,27515.04,27394.3,913.14,30.0,Technical Issues,10957.72
CUST-027885,1,Consumer,18.0,4.0,High,18.0,19.0,5.0,55.0,31-60 days,31627.28,32681.99,666.98,49.0,Poor Customer Service,13072.796000000002
CUST-044684,0,Consumer,9.0,3.0,Medium,1.0,2.0,4.0,56.0,31-60 days,20425.11,19683.14,468.65,42.0,Not Applicable,0.0
CUST-035620,0,Premium,33.0,3.0,High,14.0,5.0,1.0,90.0,61-90 days,8872.35,9592.55,342.59,28.0,Not Applicable,0.0
CUST-027646,0,Small Business,4.0,5.0,High,0.0,4.0,3.0,67.0,61-90 days,5516.42,6402.37,1600.59,4.0,Not Applicable,0.0
CUST-039452,0,Enterprise,17.0,4.0,Medium,14.0,2.0,9.0,62.0,61-90 days,41388.74,48960.45,2720.02,18.0,Not Applicable,0.0
CUST-028674,0,Premium,5.0,5.0,Low,16.0,12.0,1.0,63.0,61-90 days,17170.34,20564.86,1468.92,14.0,Not Applicable,0.0
CUST-036319,0,Premium,57.0,4.0,Medium,3.0,1.0,4.0,62.0,61-90 days,10535.5,8576.57,238.24,36.0,Not Applicable,0.0
CUST-006586,0,Enterprise,14.0,3.0,Medium,6.0,4.0,2.0,211.0,181-270 days,9711.6,8933.69,992.63,9.0,Not Applicable,0.0
CUST-010149,0,Consumer,57.0,5.0,Medium,11.0,15.0,4.0,45.0,31-60 days,8275.64,9080.04,648.57,14.0,Not Applicable,0.0
CUST-029232,0,Premium,16.0,5.0,High,17.0,12.0,0.0,74.0,61-90 days,36778.54,41564.86,1259.54,33.0,Not Applicable,0.0
CUST-004518,1,Premium,1.0,5.0,High,14.0,15.0,2.0,161.0,91-180 days,16239.71,17926.2,1378.94,13.0,Payment Problems,7170.480000000001
CUST-028056,1,Consumer,50.0,2.0,Medium,10.0,5.0,6.0,18.0,0-30 days,7139.31,8049.51,164.28,49.0,Too Expensive,3219.804
CUST-024244,0,Small Business,10.0,1.0,Low,5.0,9.0,0.0,43.0,31-60 days,41995.08,39065.11,0.0,0.0,Not Applicable,0.0
CUST-047653,1,Small Business,28.0,3.0,Low,4.0,5.0,1.0,53.0,31-60 days,8830.02,9615.07,1923.01,5.0,Too Expensive,3846.028
CUST-014378,1,Consumer,43.0,1.0,High,13.0,6.0,8.0,27.0,0-30 days,20767.0,16098.51,1149.89,14.0,Poor Customer Service,6439.404
CUST-016966,0,Consumer,26.0,3.0,High,8.0,10.0,6.0,59.0,31-60 days,36407.29,43924.41,2583.79,17.0,Not Applicable,0.0
CUST-015415,0,Consumer,30.0,3.0,Low,8.0,8.0,4.0,262.0,181-270 days,32990.04,36992.21,3082.68,12.0,Not Applicable,0.0
CUST-039512,1,Premium,58.0,2.0,Medium,1.0,5.0,5.0,16.0,0-30 days,43816.39,38947.51,2163.75,18.0,Found Alternative,15579.004
CUST-009305,1,Premium,18.0,1.0,Medium,14.0,0.0,9.0,279.0,271-365 days,46055.31,36559.14,1075.27,34.0,Better Price Elsewhere,14623.656
CUST-036445,0,Consumer,2.0,1.0,High,7.0,9.0,6.0,31.0,31-60 days,13819.75,15963.54,332.57,48.0,Not Applicable,0.0
CUST-047270,1,Consumer,48.0,4.0,High,7.0,10.0,4.0,17.0,0-30 days,6411.43,6805.64,162.04,42.0,Too Expensive,2722.2560000000008
CUST-034894,1,Small Business,1.0,5.0,Low,13.0,3.0,5.0,271.0,271-365 days,7892.89,7191.01,653.73,11.0,Payment Problems,2876.4040000000005
CUST-014981,0,Small Business,28.0,5.0,High,3.0,1.0,9.0,65.0,61-90 days,28304.8,27993.0,999.75,28.0,Not Applicable,0.0
CUST-024856,1,Premium,23.0,2.0,Low,6.0,3.0,9.0,268.0,181-270 days,38701.38,34732.39,17366.19,2.0,Better Price Elsewhere,13892.956
CUST-049300,0,Small Business,40.0,3.0,Medium,6.0,3.0,8.0,55.0,31-60 days,17942.59,22277.93,586.26,38.0,Not Applicable,0.0
CUST-035681,0,Premium,32.0,2.0,Medium,3.0,2.0,7.0,1.0,0-30 days,5794.27,4994.24,138.73,36.0,Not Applicable,0.0
CUST-034870,0,Premium,30.0,5.0,Low,8.0,10.0,9.0,81.0,61-90 days,48652.68,45900.42,3278.6,14.0,Not Applicable,0.0
CUST-023921,0,Consumer,49.0,3.0,High,15.0,16.0,1.0,36.0,31-60 days,6686.04,5445.9,209.46,26.0,Not Applicable,0.0
CUST-017914,1,Enterprise,13.0,4.0,High,11.0,4.0,7.0,137.0,91-180 days,27630.33,23248.45,1549.9,15.0,Poor Customer Service,9299.38
CUST-012236,0,Consumer,41.0,3.0,High,12.0,11.0,9.0,54.0,31-60 days,47534.16,42881.05,1649.27,26.0,Not Applicable,0.0
CUST-006194,0,Consumer,20.0,4.0,High,3.0,7.0,2.0,63.0,61-90 days,43847.46,34858.15,0.0,0.0,Not Applicable,0.0
CUST-043156,1,Consumer,28.0,2.0,Medium,16.0,15.0,0.0,39.0,31-60 days,12624.73,9871.83,616.99,16.0,No Longer Need Service,3948.732
CUST-026976,0,Consumer,25.0,3.0,Medium,16.0,17.0,9.0,11.0,0-30 days,30920.3,38151.89,1059.77,36.0,Not Applicable,0.0
CUST-036994,1,Premium,4.0,1.0,Medium,18.0,16.0,6.0,41.0,31-60 days,3320.46,3463.8,108.24,32.0,Shipping Issues,1385.5200000000002
CUST-032078,0,Consumer,34.0,3.0,High,2.0,6.0,4.0,113.0,91-180 days,36811.4,40050.07,1907.15,21.0,Not Applicable,0.0
CUST-013129,0,Consumer,49.0,3.0,Medium,5.0,1.0,2.0,64.0,61-90 days,41056.96,35122.19,1350.85,26.0,Not Applicable,0.0
CUST-031263,1,Consumer,10.0,2.0,Medium,1.0,2.0,1.0,288.0,271-365 days,9262.81,8017.49,286.34,28.0,Poor Customer Service,3206.996
CUST-044363,0,Premium,31.0,3.0,High,12.0,12.0,8.0,311.0,271-365 days,24226.53,28698.79,1510.46,19.0,Not Applicable,0.0
CUST-001587,0,Enterprise,52.0,4.0,High,11.0,1.0,8.0,3.0,0-30 days,27427.38,23923.36,23923.36,1.0,Not Applicable,0.0
CUST-035947,0,Premium,14.0,5.0,Medium,8.0,12.0,6.0,297.0,271-365 days,56310.59,49824.73,2491.24,20.0,Not Applicable,0.0
CUST-005958,1,Small Business,1.0,5.0,High,16.0,3.0,0.0,45.0,31-60 days,28654.8,22353.29,1397.08,16.0,Poor Customer Service,8941.315999999999
CUST-046746,1,Enterprise,36.0,2.0,Low,18.0,0.0,5.0,18.0,0-30 days,40831.04,41203.47,1084.3,38.0,Too Expensive,16481.388000000006
CUST-004019,1,Small Business,55.0,2.0,Medium,14.0,16.0,6.0,197.0,181-270 days,27652.11,23019.1,1000.83,23.0,Poor Customer Service,9207.64
CUST-000788,1,Consumer,26.0,3.0,High,17.0,2.0,2.0,14.0,0-30 days,50154.32,49215.09,9843.02,5.0,Poor Customer Service,19686.036
CUST-047974,1,Small Business,21.0,1.0,Low,1.0,0.0,3.0,46.0,31-60 days,34998.95,34196.48,1424.85,24.0,Poor Customer Service,13678.592000000002
CUST-015226,0,Premium,26.0,2.0,Medium,8.0,2.0,1.0,3.0,0-30 days,16448.98,16992.02,386.18,44.0,Not Applicable,0.0
CUST-010327,0,Premium,3.0,4.0,High,0.0,0.0,6.0,50.0,31-60 days,11129.54,13243.8,1103.65,12.0,Not Applicable,0.0
CUST-010838,0,Consumer,34.0,4.0,High,0.0,3.0,7.0,364.0,271-365 days,4726.14,4006.38,200.32,20.0,Not Applicable,0.0
CUST-011535,0,Premium,47.0,5.0,High,17.0,0.0,5.0,250.0,181-270 days,24640.01,21583.1,2158.31,10.0,Not Applicable,0.0
CUST-047204,1,Consumer,50.0,2.0,Medium,19.0,18.0,6.0,8.0,0-30 days,41166.81,48342.49,5371.39,9.0,Better Price Elsewhere,19336.996
CUST-046909,1,Premium,56.0,1.0,Low,19.0,5.0,2.0,39.0,31-60 days,10559.16,11168.94,253.84,44.0,Poor Product Quality,4467.576
CUST-003316,0,Consumer,42.0,5.0,Medium,7.0,1.0,1.0,52.0,31-60 days,35630.26,33955.31,1028.95,33.0,Not Applicable,0.0
CUST-028777,1,Small Business,13.0,2.0,High,11.0,11.0,0.0,270.0,181-270 days,7861.23,7233.5,425.5,17.0,Found Alternative,2893.4
CUST-005656,0,Premium,33.0,4.0,Medium,10.0,1.0,4.0,278.0,271-365 days,51512.7,46276.46,964.09,48.0,Not Applicable,0.0
CUST-020597,0,Premium,11.0,5.0,Medium,5.0,8.0,4.0,199.0,181-270 days,35658.3,43422.34,14474.11,3.0,Not Applicable,0.0
CUST-047145,0,Small Business,55.0,5.0,Low,10.0,6.0,2.0,17.0,0-30 days,11985.81,13591.76,485.42,28.0,Not Applicable,0.0
CUST-044641,0,Consumer,56.0,2.0,Medium,7.0,9.0,9.0,37.0,31-60 days,14771.12,12910.42,430.35,30.0,Not Applicable,0.0
CUST-004011,1,Consumer,2.0,2.0,Medium,8.0,10.0,3.0,91.0,91-180 days,2059.34,2249.49,281.19,8.0,Found Alternative,899.7959999999997
CUST-001094,1,Small Business,38.0,3.0,Low,12.0,2.0,2.0,43.0,31-60 days,36767.88,29292.72,1220.53,24.0,Poor Product Quality,11717.088000000002
CUST-020619,1,Enterprise,55.0,1.0,Medium,11.0,3.0,1.0,88.0,61-90 days,46701.21,46690.77,1167.27,40.0,Account Issues,18676.308
CUST-046335,1,Enterprise,37.0,1.0,High,12.0,2.0,1.0,34.0,31-60 days,24244.04,27818.93,1545.5,18.0,Poor Product Quality,11127.572
CUST-013544,0,Enterprise,44.0,1.0,Medium,10.0,2.0,8.0,82.0,61-90 days,23333.44,19442.39,1767.49,11.0,Not Applicable,0.0
CUST-024956,0,Consumer,20.0,1.0,High,16.0,14.0,0.0,350.0,271-365 days,5574.62,5027.51,135.88,37.0,Not Applicable,0.0
CUST-022164,1,Enterprise,26.0,5.0,Low,17.0,18.0,9.0,4.0,0-30 days,36939.43,41282.67,5160.33,8.0,Payment Problems,16513.068
CUST-025690,0,Consumer,40.0,4.0,High,17.0,13.0,9.0,52.0,31-60 days,30163.2,23314.73,832.67,28.0,Not Applicable,0.0
CUST-047331,0,Consumer,33.0,5.0,High,16.0,4.0,1.0,40.0,31-60 days,10376.78,12156.21,368.37,33.0,Not Applicable,0.0
CUST-028992,1,Small Business,16.0,4.0,Low,19.0,0.0,9.0,95.0,91-180 days,11480.32,10940.26,248.64,44.0,Technical Issues,4376.104
CUST-036465,1,Consumer,33.0,2.0,High,13.0,17.0,1.0,51.0,31-60 days,36971.81,32117.51,6423.5,5.0,Better Price Elsewhere,12847.004
CUST-038183,1,Premium,53.0,2.0,Medium,15.0,8.0,2.0,40.0,31-60 days,23696.43,29392.91,1013.55,29.0,Poor Product Quality,11757.164
CUST-008840,1,Consumer,19.0,1.0,Low,19.0,18.0,4.0,34.0,31-60 days,20145.43,22953.24,1912.77,12.0,Account Issues,9181.296
CUST-042967,1,Small Business,59.0,5.0,Medium,10.0,5.0,5.0,237.0,181-270 days,47014.95,37348.7,868.57,43.0,Better Price Elsewhere,14939.48
CUST-001683,1,Small Business,1.0,4.0,Medium,19.0,17.0,7.0,191.0,181-270 days,35700.51,32212.79,870.62,37.0,Found Alternative,12885.116000000002
CUST-003067,0,Consumer,8.0,2.0,Medium,6.0,1.0,3.0,83.0,61-90 days,9416.96,7974.86,362.49,22.0,Not Applicable,0.0
CUST-008430,0,Premium,31.0,4.0,High,17.0,21.0,2.0,69.0,61-90 days,6943.84,6741.07,612.82,11.0,Not Applicable,0.0
CUST-031648,0,Premium,50.0,3.0,Low,10.0,2.0,8.0,247.0,181-270 days,27194.7,23606.14,814.0,29.0,Not Applicable,0.0
CUST-042958,0,Consumer,23.0,4.0,Medium,13.0,5.0,6.0,78.0,61-90 days,34343.55,30869.6,2374.58,13.0,Not Applicable,0.0
CUST-030975,1,Enterprise,37.0,4.0,Medium,19.0,1.0,2.0,50.0,31-60 days,26679.9,24786.78,2253.34,11.0,Unhappy with Return Policy,9914.712
CUST-033587,0,Consumer,32.0,4.0,Medium,5.0,7.0,4.0,15.0,0-30 days,34523.28,31596.74,2872.43,11.0,Not Applicable,0.0
CUST-044287,0,Consumer,46.0,5.0,Low,5.0,1.0,0.0,288.0,271-365 days,7492.2,6502.38,260.1,25.0,Not Applicable,0.0
CUST-012702,0,Consumer,6.0,2.0,Medium,10.0,8.0,3.0,25.0,0-30 days,9176.34,8304.21,395.44,21.0,Not Applicable,0.0
CUST-010336,1,Enterprise,54.0,3.0,Low,10.0,7.0,7.0,53.0,31-60 days,16537.3,17417.64,8708.82,2.0,No Longer Need Service,6967.056000000001
CUST-015716,0,Small Business,8.0,5.0,Medium,11.0,13.0,0.0,6.0,0-30 days,10717.23,8719.63,335.37,26.0,Not Applicable,0.0
CUST-002526,1,Consumer,11.0,3.0,Low,6.0,4.0,1.0,199.0,181-270 days,2366.2,2141.3,164.72,13.0,Better Price Elsewhere,856.5200000000003
CUST-039260,0,Enterprise,32.0,3.0,Medium,19.0,15.0,5.0,75.0,61-90 days,18301.45,20880.84,2610.11,8.0,Not Applicable,0.0
CUST-000541,1,Consumer,12.0,5.0,Low,0.0,1.0,0.0,194.0,181-270 days,5088.22,4778.81,238.94,20.0,Better Price Elsewhere,1911.5240000000006
CUST-014136,1,Consumer,50.0,4.0,Low,17.0,16.0,5.0,88.0,61-90 days,43043.46,49210.03,2460.5,20.0,Poor Customer Service,19684.012
CUST-006545,0,Consumer,30.0,5.0,Medium,1.0,4.0,7.0,226.0,181-270 days,38268.25,37941.37,3794.14,10.0,Not Applicable,0.0
CUST-031015,1,Consumer,2.0,5.0,Low,11.0,0.0,2.0,39.0,31-60 days,41097.84,40094.03,10023.51,4.0,Poor Product Quality,16037.612
CUST-011717,0,Small Business,28.0,5.0,High,5.0,1.0,7.0,60.0,31-60 days,42528.07,41555.9,1093.58,38.0,Not Applicable,0.0
CUST-032291,1,Consumer,49.0,4.0,High,13.0,9.0,6.0,255.0,181-270 days,44487.24,43835.33,6262.19,7.0,Poor Customer Service,17534.131999999998
CUST-046247,0,Consumer,29.0,4.0,High,5.0,8.0,4.0,81.0,61-90 days,49774.04,39973.43,974.96,41.0,Not Applicable,0.0
CUST-035620,0,Premium,33.0,3.0,High,14.0,17.0,1.0,90.0,61-90 days,8872.35,9592.55,342.59,28.0,Not Applicable,0.0
CUST-018602,0,Premium,20.0,4.0,High,9.0,3.0,2.0,238.0,181-270 days,24720.78,25462.48,25462.48,1.0,Not Applicable,0.0
CUST-015121,1,Small Business,43.0,1.0,Medium,5.0,0.0,5.0,4.0,0-30 days,32404.78,25367.44,768.71,33.0,Better Price Elsewhere,10146.976
CUST-029948,0,Small Business,28.0,1.0,High,14.0,13.0,5.0,98.0,91-180 days,37100.3,36166.93,2260.43,16.0,Not Applicable,0.0
CUST-028156,0,Consumer,3.0,5.0,Medium,9.0,1.0,0.0,5.0,0-30 days,33059.41,26861.25,994.86,27.0,Not Applicable,0.0
CUST-027210,0,Premium,47.0,1.0,High,12.0,0.0,1.0,15.0,0-30 days,31186.95,25709.29,0.0,0.0,Not Applicable,0.0
CUST-043752,1,Enterprise,48.0,2.0,Medium,19.0,5.0,1.0,73.0,61-90 days,25468.46,21141.98,459.61,46.0,Poor Customer Service,8456.792
CUST-040498,0,Premium,9.0,3.0,Low,9.0,13.0,7.0,55.0,31-60 days,43005.38,44396.74,14798.91,3.0,Not Applicable,0.0
CUST-007889,0,Consumer,49.0,2.0,Low,1.0,2.0,7.0,5.0,0-30 days,20820.86,20185.39,747.61,27.0,Not Applicable,0.0
CUST-025200,0,Small Business,53.0,4.0,Medium,4.0,4.0,9.0,326.0,271-365 days,27803.02,28614.12,1244.09,23.0,Not Applicable,0.0
CUST-045810,0,Enterprise,15.0,4.0,High,7.0,8.0,6.0,63.0,61-90 days,28477.02,29236.92,1328.95,22.0,Not Applicable,0.0
CUST-008960,0,Premium,45.0,4.0,High,3.0,3.0,0.0,33.0,31-60 days,590.77,595.84,14.53,41.0,Not Applicable,0.0
CUST-034212,0,Premium,41.0,5.0,Medium,7.0,5.0,6.0,86.0,61-90 days,24038.53,29624.41,1058.01,28.0,Not Applicable,0.0
CUST-031077,0,Premium,15.0,4.0,Low,5.0,7.0,4.0,284.0,271-365 days,37034.44,43114.22,1134.58,38.0,Not Applicable,0.0
CUST-032006,0,Small Business,58.0,4.0,Medium,6.0,6.0,6.0,34.0,31-60 days,57346.02,48543.16,2696.84,18.0,Not Applicable,0.0
CUST-046054,0,Premium,12.0,4.0,High,11.0,15.0,8.0,40.0,31-60 days,14475.55,11827.4,1478.42,8.0,Not Applicable,0.0
CUST-025615,0,Premium,14.0,1.0,Medium,10.0,1.0,0.0,10.0,0-30 days,3918.22,3171.64,634.33,5.0,Not Applicable,0.0
CUST-000083,0,Premium,29.0,4.0,Medium,14.0,8.0,0.0,21.0,0-30 days,35910.22,27655.26,892.11,31.0,Not Applicable,0.0
CUST-017666,0,Premium,32.0,3.0,High,12.0,3.0,0.0,61.0,61-90 days,11902.71,11136.88,655.11,17.0,Not Applicable,0.0
CUST-012348,1,Consumer,9.0,5.0,High,17.0,18.0,8.0,355.0,271-365 days,36967.27,38117.4,1155.07,33.0,Poor Customer Service,15246.96
CUST-014472,0,Consumer,46.0,3.0,Medium,14.0,13.0,0.0,75.0,61-90 days,22777.88,27591.12,707.46,39.0,Not Applicable,0.0
CUST-001846,0,Consumer,12.0,2.0,Medium,17.0,9.0,4.0,8.0,0-30 days,5773.3,5980.02,1495.01,4.0,Not Applicable,0.0
CUST-024394,0,Consumer,5.0,1.0,High,9.0,5.0,0.0,282.0,271-365 days,43878.09,38962.26,1180.67,33.0,Not Applicable,0.0
CUST-026504,1,Premium,30.0,2.0,Medium,11.0,12.0,3.0,72.0,61-90 days,8936.0,8151.67,169.83,48.0,Low Product Variety,3260.668
CUST-020490,0,Consumer,16.0,5.0,High,19.0,13.0,2.0,233.0,181-270 days,661.16,528.58,17.05,31.0,Not Applicable,0.0
CUST-034811,0,Consumer,16.0,4.0,High,3.0,4.0,7.0,52.0,31-60 days,358.74,377.04,23.57,16.0,Not Applicable,0.0
CUST-009294,0,Consumer,4.0,1.0,High,6.0,2.0,0.0,227.0,181-270 days,5715.45,5453.18,302.95,18.0,Not Applicable,0.0
CUST-000057,0,Enterprise,6.0,5.0,Medium,10.0,1.0,4.0,12.0,0-30 days,19302.7,20788.92,0.0,0.0,Not Applicable,0.0
CUST-013530,0,Small Business,54.0,1.0,Medium,11.0,4.0,2.0,99.0,91-180 days,23210.29,22025.39,1376.59,16.0,Not Applicable,0.0
CUST-048203,1,Consumer,51.0,3.0,Low,1.0,4.0,7.0,74.0,61-90 days,42672.24,42202.24,21101.12,2.0,Poor Product Quality,16880.896
CUST-017041,0,Premium,27.0,1.0,Medium,7.0,5.0,3.0,21.0,0-30 days,22433.2,18751.32,568.22,33.0,Not Applicable,0.0
CUST-044218,0,Premium,56.0,3.0,Medium,13.0,15.0,4.0,121.0,91-180 days,31491.19,35910.5,732.87,49.0,Not Applicable,0.0
CUST-002259,1,Premium,1.0,5.0,Low,13.0,15.0,8.0,15.0,0-30 days,50610.86,40069.37,5724.2,7.0,Poor Customer Service,16027.748
CUST-035752,1,Premium,37.0,3.0,Medium,9.0,8.0,7.0,81.0,61-90 days,58182.11,46552.54,3103.5,15.0,Poor Product Quality,18621.016
CUST-006447,0,Consumer,57.0,3.0,Medium,19.0,22.0,3.0,86.0,61-90 days,41771.05,46958.52,958.34,49.0,Not Applicable,0.0
CUST-031197,1,Small Business,45.0,1.0,Low,5.0,6.0,6.0,51.0,31-60 days,1314.72,1563.87,120.3,13.0,Poor Customer Service,625.548
CUST-017622,1,Consumer,57.0,4.0,Low,10.0,0.0,8.0,225.0,181-270 days,36483.95,29078.51,593.44,49.0,Technical Issues,11631.404
CUST-049576,0,Small Business,2.0,1.0,High,17.0,11.0,4.0,275.0,271-365 days,26578.99,23966.64,1711.9,14.0,Not Applicable,0.0
CUST-007816,0,Enterprise,50.0,1.0,High,4.0,5.0,2.0,312.0,271-365 days,9022.59,8866.81,216.26,41.0,Not Applicable,0.0
CUST-034589,0,Premium,16.0,2.0,High,5.0,8.0,6.0,26.0,0-30 days,37949.43,29247.86,835.65,35.0,Not Applicable,0.0
CUST-027668,0,Enterprise,40.0,2.0,High,6.0,8.0,8.0,56.0,31-60 days,16057.68,17039.7,1310.75,13.0,Not Applicable,0.0
CUST-035620,0,Premium,33.0,3.0,High,14.0,2.0,1.0,90.0,61-90 days,8872.35,9592.55,342.59,28.0,Not Applicable,0.0
CUST-023785,0,Consumer,37.0,3.0,Medium,6.0,9.0,1.0,82.0,61-90 days,20638.91,20215.47,0.0,0.0,Not Applicable,0.0
CUST-010439,1,Premium,56.0,3.0,High,14.0,2.0,5.0,37.0,31-60 days,39047.18,44599.61,2229.98,20.0,Payment Problems,17839.843999999994
CUST-011358,1,Consumer,34.0,4.0,High,14.0,1.0,5.0,22.0,0-30 days,24210.06,21446.5,487.42,44.0,Poor Product Quality,8578.6
CUST-036251,1,Enterprise,28.0,1.0,Low,16.0,13.0,0.0,6.0,0-30 days,16822.62,13149.86,487.03,27.0,Shipping Issues,5259.944
CUST-043265,1,Consumer,46.0,5.0,Medium,19.0,19.0,6.0,25.0,0-30 days,15594.26,15174.81,337.22,45.0,Unhappy with Return Policy,6069.924
CUST-036830,1,Consumer,23.0,1.0,Medium,19.0,17.0,3.0,80.0,61-90 days,34413.56,36999.72,860.46,43.0,Too Expensive,14799.888
CUST-000337,0,Consumer,57.0,4.0,Medium,7.0,3.0,4.0,297.0,271-365 days,31548.93,36415.92,3034.66,12.0,Not Applicable,0.0
CUST-029283,1,Premium,46.0,5.0,Low,11.0,6.0,9.0,270.0,181-270 days,5315.79,6013.22,193.97,31.0,Technical Issues,2405.288
CUST-008941,0,Consumer,13.0,5.0,High,2.0,4.0,2.0,8.0,0-30 days,30144.05,24615.88,512.83,48.0,Not Applicable,0.0
CUST-026995,0,Premium,3.0,5.0,Low,0.0,1.0,7.0,52.0,31-60 days,21036.7,20241.04,5060.26,4.0,Not Applicable,0.0
CUST-030220,1,Premium,21.0,5.0,High,7.0,0.0,5.0,150.0,91-180 days,10827.83,10010.69,588.86,17.0,Account Issues,4004.276
CUST-024155,1,Premium,33.0,2.0,Low,2.0,3.0,3.0,4.0,0-30 days,49112.06,43195.01,2056.91,21.0,Poor Customer Service,17278.004
CUST-028351,1,Consumer,24.0,1.0,High,17.0,1.0,3.0,35.0,31-60 days,8596.77,9366.05,468.3,20.0,No Longer Need Service,3746.42
CUST-047910,1,Small Business,45.0,2.0,Low,5.0,7.0,8.0,90.0,61-90 days,30156.2,28797.19,846.98,34.0,Poor Customer Service,11518.876
CUST-028131,0,Consumer,45.0,3.0,Medium,1.0,1.0,1.0,70.0,61-90 days,33896.41,26155.4,568.6,46.0,Not Applicable,0.0
CUST-012707,0,Consumer,6.0,5.0,High,10.0,5.0,9.0,44.0,31-60 days,1892.67,2070.13,147.87,14.0,Not Applicable,0.0
CUST-020695,0,Small Business,40.0,5.0,Medium,9.0,1.0,8.0,50.0,31-60 days,5329.3,5664.17,708.02,8.0,Not Applicable,0.0
CUST-016656,0,Small Business,3.0,3.0,Medium,9.0,0.0,2.0,8.0,0-30 days,58406.49,49286.59,3520.47,14.0,Not Applicable,0.0
CUST-013611,1,Consumer,24.0,1.0,Medium,3.0,4.0,1.0,305.0,271-365 days,2703.95,2478.24,61.96,40.0,Found Alternative,991.296
CUST-048480,0,Consumer,35.0,3.0,Medium,11.0,13.0,0.0,363.0,271-365 days,2229.04,1945.35,57.22,34.0,Not Applicable,0.0
CUST-019913,1,Small Business,3.0,1.0,Low,19.0,22.0,7.0,55.0,31-60 days,44466.33,41215.14,2575.95,16.0,Found Alternative,16486.056
CUST-013723,0,Premium,38.0,3.0,Medium,19.0,9.0,2.0,345.0,271-365 days,38780.22,36202.42,841.92,43.0,Not Applicable,0.0
CUST-006993,0,Consumer,18.0,5.0,Medium,0.0,4.0,3.0,3.0,0-30 days,39156.82,46738.0,2459.89,19.0,Not Applicable,0.0
CUST-036531,1,Premium,58.0,3.0,Low,13.0,10.0,8.0,133.0,91-180 days,14659.88,14757.26,590.29,25.0,Payment Problems,5902.904
CUST-029258,1,Consumer,10.0,1.0,High,14.0,11.0,1.0,47.0,31-60 days,13740.59,13392.63,3348.16,4.0,Poor Customer Service,5357.052
CUST-038845,0,Enterprise,40.0,3.0,Medium,12.0,8.0,2.0,173.0,91-180 days,8843.16,7459.7,1065.67,7.0,Not Applicable,0.0
CUST-013673,0,Consumer,49.0,4.0,High,5.0,0.0,6.0,272.0,271-365 days,15938.91,15788.82,526.29,30.0,Not Applicable,0.0
CUST-010669,1,Consumer,38.0,1.0,Medium,16.0,19.0,9.0,83.0,61-90 days,18795.26,16452.7,498.57,33.0,Poor Customer Service,6581.080000000001
CUST-006478,1,Premium,34.0,2.0,Medium,3.0,1.0,7.0,85.0,61-90 days,12918.39,13937.87,6968.94,2.0,Technical Issues,5575.148000000001
CUST-036837,0,Consumer,11.0,2.0,High,5.0,4.0,6.0,29.0,0-30 days,39970.51,47225.96,1242.79,38.0,Not Applicable,0.0
CUST-013448,0,Small Business,7.0,5.0,High,1.0,5.0,5.0,19.0,0-30 days,2405.11,2609.24,144.96,18.0,Not Applicable,0.0
CUST-013198,0,Consumer,5.0,5.0,High,5.0,6.0,8.0,76.0,61-90 days,51462.01,40097.56,853.14,47.0,Not Applicable,0.0
CUST-044486,0,Enterprise,6.0,2.0,High,13.0,12.0,5.0,59.0,31-60 days,4617.37,3950.22,0.0,0.0,Not Applicable,0.0
CUST-002642,0,Enterprise,2.0,1.0,High,17.0,3.0,0.0,12.0,0-30 days,56231.57,46336.2,23168.1,2.0,Not Applicable,0.0
CUST-001475,0,Enterprise,17.0,1.0,Low,5.0,4.0,0.0,61.0,61-90 days,10717.29,11579.94,11579.94,1.0,Not Applicable,0.0
CUST-002958,1,Premium,20.0,2.0,Low,12.0,14.0,8.0,71.0,61-90 days,24676.3,19543.48,488.59,40.0,Poor Product Quality,7817.392
CUST-034490,0,Premium,32.0,5.0,High,14.0,17.0,5.0,89.0,61-90 days,3885.79,3896.41,389.64,10.0,Not Applicable,0.0
CUST-044710,0,Premium,57.0,3.0,Medium,7.0,11.0,3.0,254.0,181-270 days,20154.19,17370.5,482.51,36.0,Not Applicable,0.0
CUST-036631,1,Consumer,48.0,2.0,High,16.0,6.0,8.0,25.0,0-30 days,22507.13,23418.39,780.61,30.0,Found Alternative,9367.356
CUST-037800,0,Consumer,56.0,2.0,High,2.0,2.0,6.0,33.0,31-60 days,6066.52,6614.52,134.99,49.0,Not Applicable,0.0
CUST-031176,1,Premium,36.0,3.0,Medium,18.0,2.0,2.0,36.0,31-60 days,46153.29,42856.63,931.67,46.0,Better Price Elsewhere,17142.652
CUST-022149,0,Enterprise,13.0,2.0,Low,18.0,6.0,6.0,33.0,31-60 days,33497.52,25808.14,526.7,49.0,Not Applicable,0.0
CUST-034100,1,Consumer,18.0,1.0,Medium,4.0,0.0,1.0,52.0,31-60 days,18099.5,21391.05,21391.05,1.0,Shipping Issues,8556.42
CUST-025756,1,Premium,4.0,1.0,Low,19.0,2.0,8.0,190.0,181-270 days,627.32,676.19,16.49,41.0,Too Expensive,270.47600000000006
CUST-022876,0,Consumer,28.0,1.0,Low,9.0,6.0,4.0,39.0,31-60 days,23194.73,26431.42,13215.71,2.0,Not Applicable,0.0
CUST-020681,1,Consumer,15.0,3.0,High,13.0,5.0,6.0,80.0,61-90 days,14305.53,14951.09,786.9,19.0,Shipping Issues,5980.436000000002
CUST-019589,1,Consumer,33.0,4.0,High,11.0,6.0,0.0,344.0,271-365 days,59187.64,48276.1,985.23,49.0,Unhappy with Return Policy,19310.44
CUST-012148,0,Small Business,39.0,2.0,High,4.0,8.0,7.0,51.0,31-60 days,2124.82,1707.96,68.32,25.0,Not Applicable,0.0
CUST-019313,1,Enterprise,23.0,1.0,Low,10.0,2.0,2.0,67.0,61-90 days,53407.05,42975.32,1868.49,23.0,Found Alternative,17190.128
CUST-046789,1,Consumer,52.0,5.0,Low,12.0,1.0,0.0,355.0,271-365 days,23789.78,19140.67,19140.67,1.0,Found Alternative,7656.268
CUST-020058,1,Small Business,10.0,3.0,Low,2.0,1.0,4.0,78.0,61-90 days,35593.9,37577.57,1252.59,30.0,Better Price Elsewhere,15031.028
CUST-012848,0,Small Business,41.0,4.0,Medium,16.0,8.0,4.0,73.0,61-90 days,5438.05,4648.16,105.64,44.0,Not Applicable,0.0
CUST-020351,0,Consumer,25.0,4.0,High,13.0,16.0,0.0,71.0,61-90 days,32965.79,37377.32,889.94,42.0,Not Applicable,0.0
CUST-032441,0,Consumer,34.0,1.0,High,4.0,8.0,5.0,58.0,31-60 days,4659.9,5171.77,152.11,34.0,Not Applicable,0.0
CUST-006550,0,Premium,18.0,3.0,High,19.0,23.0,8.0,23.0,0-30 days,40643.73,45828.59,1697.36,27.0,Not Applicable,0.0
CUST-049001,1,Enterprise,44.0,2.0,Medium,3.0,4.0,7.0,278.0,271-365 days,13486.71,16012.55,2287.51,7.0,Poor Product Quality,6405.02
CUST-000402,0,Consumer,46.0,3.0,Medium,10.0,14.0,1.0,176.0,91-180 days,37681.82,36550.19,6091.7,6.0,Not Applicable,0.0
CUST-014203,0,Premium,42.0,2.0,Medium,1.0,0.0,4.0,3.0,0-30 days,7623.63,6453.44,358.52,18.0,Not Applicable,0.0
CUST-048066,0,Consumer,9.0,5.0,Medium,4.0,3.0,3.0,30.0,0-30 days,27422.18,31271.05,7817.76,4.0,Not Applicable,0.0
CUST-030122,0,Consumer,6.0,1.0,Low,15.0,5.0,0.0,3.0,0-30 days,16314.53,14320.22,795.57,18.0,Not Applicable,0.0
CUST-044363,0,Premium,31.0,3.0,High,12.0,0.0,8.0,311.0,271-365 days,24226.53,28698.79,1510.46,19.0,Not Applicable,0.0
CUST-044608,0,Consumer,32.0,4.0,High,17.0,3.0,1.0,180.0,91-180 days,43799.66,49425.83,2148.95,23.0,Not Applicable,0.0
CUST-039006,0,Enterprise,55.0,2.0,High,8.0,12.0,1.0,50.0,31-60 days,56622.96,48259.11,1723.54,28.0,Not Applicable,0.0
CUST-013755,0,Consumer,59.0,1.0,Medium,2.0,5.0,6.0,302.0,271-365 days,18909.84,16942.81,445.86,38.0,Not Applicable,0.0
CUST-043704,0,Enterprise,15.0,2.0,High,3.0,7.0,9.0,270.0,181-270 days,44221.36,36352.1,908.8,40.0,Not Applicable,0.0
CUST-025877,0,Enterprise,38.0,5.0,Medium,4.0,8.0,6.0,16.0,0-30 days,56049.87,45392.61,1031.65,44.0,Not Applicable,0.0
CUST-038045,0,Consumer,18.0,4.0,High,18.0,18.0,3.0,32.0,31-60 days,47155.48,42885.12,3298.86,13.0,Not Applicable,0.0
CUST-009119,0,Small Business,30.0,2.0,Medium,3.0,7.0,5.0,207.0,181-270 days,22439.59,24930.96,692.53,36.0,Not Applicable,0.0
CUST-013188,0,Consumer,9.0,1.0,Medium,9.0,1.0,4.0,60.0,31-60 days,1194.85,1368.74,1368.74,1.0,Not Applicable,0.0
CUST-017173,0,Consumer,7.0,5.0,High,9.0,1.0,7.0,231.0,181-270 days,15047.69,17351.7,642.66,27.0,Not Applicable,0.0
CUST-014394,1,Consumer,41.0,5.0,Medium,19.0,11.0,2.0,219.0,181-270 days,17902.61,16302.32,815.12,20.0,Poor Customer Service,6520.928000000001
CUST-021390,0,Consumer,52.0,3.0,Low,12.0,3.0,1.0,226.0,181-270 days,36358.57,40336.19,1680.67,24.0,Not Applicable,0.0
CUST-026767,0,Consumer,34.0,2.0,High,3.0,0.0,4.0,89.0,61-90 days,11119.85,10848.49,264.6,41.0,Not Applicable,0.0
CUST-044892,0,Consumer,23.0,3.0,High,14.0,17.0,8.0,133.0,91-180 days,24099.4,22239.25,11119.62,2.0,Not Applicable,0.0
CUST-037595,0,Premium,48.0,2.0,Medium,7.0,11.0,3.0,34.0,31-60 days,41711.71,42863.59,1158.48,37.0,Not Applicable,0.0
CUST-022327,1,Premium,11.0,1.0,Medium,16.0,1.0,0.0,86.0,61-90 days,26478.2,27763.69,730.62,38.0,Too Expensive,11105.476
CUST-041650,1,Consumer,41.0,3.0,Medium,15.0,10.0,2.0,36.0,31-60 days,10751.9,9870.66,394.83,25.0,Poor Customer Service,3948.264
CUST-032530,1,Premium,53.0,3.0,Medium,17.0,17.0,5.0,54.0,31-60 days,18675.89,16237.59,773.22,21.0,Technical Issues,6495.036
CUST-020831,1,Consumer,32.0,1.0,Medium,12.0,1.0,7.0,189.0,181-270 days,13361.28,12854.78,401.71,32.0,Poor Customer Service,5141.912
CUST-039547,0,Consumer,4.0,3.0,Low,6.0,3.0,7.0,51.0,31-60 days,5417.06,5865.2,255.01,23.0,Not Applicable,0.0
CUST-044893,1,Consumer,12.0,3.0,Medium,6.0,4.0,0.0,302.0,271-365 days,13588.88,10477.69,227.78,46.0,Technical Issues,4191.076
CUST-031514,0,Premium,54.0,2.0,Medium,2.0,0.0,3.0,150.0,91-180 days,32831.66,32942.88,8235.72,4.0,Not Applicable,0.0
CUST-042204,0,Enterprise,56.0,4.0,High,2.0,3.0,4.0,43.0,31-60 days,9084.97,9491.48,1054.61,9.0,Not Applicable,0.0
CUST-023507,1,Small Business,14.0,2.0,Low,3.0,7.0,0.0,62.0,61-90 days,19604.68,23235.81,726.12,32.0,Too Expensive,9294.324
CUST-028502,1,Small Business,59.0,4.0,Medium,18.0,19.0,3.0,279.0,271-365 days,11619.13,12133.91,808.93,15.0,Technical Issues,4853.564
CUST-008932,1,Consumer,39.0,4.0,Medium,6.0,9.0,1.0,53.0,31-60 days,22402.13,26983.55,1587.27,17.0,Poor Customer Service,10793.42
CUST-043240,1,Consumer,54.0,3.0,Low,17.0,9.0,7.0,89.0,61-90 days,23333.37,21458.37,564.69,38.0,Account Issues,8583.348
CUST-023069,1,Consumer,42.0,3.0,Medium,18.0,6.0,9.0,77.0,61-90 days,16003.81,13516.22,1351.62,10.0,Low Product Variety,5406.488
CUST-000221,0,Consumer,40.0,5.0,Medium,2.0,5.0,3.0,22.0,0-30 days,9124.63,10818.0,601.0,18.0,Not Applicable,0.0
CUST-039720,0,Premium,29.0,3.0,High,5.0,4.0,9.0,48.0,31-60 days,6794.66,8368.66,220.23,38.0,Not Applicable,0.0
CUST-005060,0,Premium,37.0,1.0,High,8.0,10.0,8.0,7.0,0-30 days,33150.35,38810.94,792.06,49.0,Not Applicable,0.0
CUST-023724,0,Premium,30.0,4.0,Low,12.0,5.0,5.0,55.0,31-60 days,9130.17,8911.57,469.03,19.0,Not Applicable,0.0
CUST-039845,1,Premium,42.0,2.0,Medium,5.0,5.0,2.0,36.0,31-60 days,22264.53,21452.97,1261.94,17.0,Payment Problems,8581.188
CUST-016403,0,Consumer,36.0,4.0,High,4.0,8.0,7.0,41.0,31-60 days,42307.96,48004.92,4000.41,12.0,Not Applicable,0.0
CUST-046136,0,Consumer,13.0,5.0,Medium,8.0,12.0,2.0,36.0,31-60 days,35455.62,36965.74,36965.74,1.0,Not Applicable,0.0
CUST-011216,1,Premium,33.0,5.0,Medium,19.0,14.0,7.0,48.0,31-60 days,7960.69,7794.6,7794.6,1.0,Technical Issues,3117.84
CUST-015081,1,Premium,25.0,4.0,High,15.0,3.0,1.0,86.0,61-90 days,7429.01,6650.16,179.73,37.0,Too Expensive,2660.0640000000008
CUST-008483,1,Premium,22.0,2.0,Low,11.0,14.0,0.0,86.0,61-90 days,26658.38,20608.21,490.67,42.0,Better Price Elsewhere,8243.284
CUST-017869,0,Consumer,17.0,1.0,High,2.0,3.0,9.0,33.0,31-60 days,55106.9,49173.39,7024.77,7.0,Not Applicable,0.0
CUST-027649,1,Consumer,32.0,2.0,High,3.0,3.0,5.0,210.0,181-270 days,1287.58,1295.07,26.98,48.0,Payment Problems,518.028
CUST-022469,0,Consumer,24.0,4.0,High,5.0,7.0,2.0,8.0,0-30 days,32079.36,36248.63,4027.63,9.0,Not Applicable,0.0
CUST-018826,0,Consumer,55.0,1.0,Medium,6.0,7.0,0.0,25.0,0-30 days,51515.06,48904.31,2876.72,17.0,Not Applicable,0.0
CUST-034714,0,Consumer,49.0,3.0,High,9.0,8.0,6.0,93.0,91-180 days,37503.29,43467.3,8693.46,5.0,Not Applicable,0.0
CUST-003437,1,Enterprise,27.0,4.0,Medium,0.0,0.0,2.0,61.0,61-90 days,46083.22,41824.57,1742.69,24.0,Found Alternative,16729.828
CUST-032614,1,Premium,26.0,4.0,Low,18.0,20.0,6.0,162.0,91-180 days,36638.25,34106.2,874.52,39.0,Poor Customer Service,13642.48
CUST-012002,0,Consumer,40.0,2.0,Low,5.0,1.0,8.0,4.0,0-30 days,24563.19,19536.13,4884.03,4.0,Not Applicable,0.0
CUST-005894,0,Small Business,57.0,5.0,High,9.0,3.0,0.0,46.0,31-60 days,12394.69,10360.64,345.35,30.0,Not Applicable,0.0
CUST-049079,0,Consumer,34.0,2.0,Medium,17.0,0.0,2.0,30.0,0-30 days,37512.59,33837.06,1253.22,27.0,Not Applicable,0.0
CUST-043926,0,Consumer,26.0,4.0,Low,8.0,12.0,9.0,7.0,0-30 days,2346.39,2455.64,306.95,8.0,Not Applicable,0.0
CUST-012633,1,Consumer,9.0,1.0,High,15.0,16.0,5.0,11.0,0-30 days,44823.3,38009.88,950.25,40.0,Too Expensive,15203.952
CUST-045044,1,Consumer,31.0,2.0,High,7.0,10.0,7.0,28.0,0-30 days,7567.66,5891.52,122.74,48.0,Poor Product Quality,2356.608
CUST-038477,0,Premium,36.0,4.0,High,18.0,15.0,8.0,336.0,271-365 days,44916.78,48991.48,1440.93,34.0,Not Applicable,0.0
CUST-047995,1,Premium,49.0,5.0,Medium,10.0,7.0,9.0,8.0,0-30 days,25301.24,24402.62,6100.65,4.0,Better Price Elsewhere,9761.048
CUST-012391,0,Consumer,9.0,4.0,Medium,5.0,3.0,9.0,334.0,271-365 days,13125.75,13068.36,3267.09,4.0,Not Applicable,0.0
CUST-013391,1,Consumer,58.0,1.0,Medium,7.0,6.0,9.0,66.0,61-90 days,41458.12,35758.39,3575.84,10.0,Poor Product Quality,14303.356000000002
CUST-007907,0,Consumer,37.0,5.0,Medium,3.0,0.0,0.0,13.0,0-30 days,8596.37,9617.86,4808.93,2.0,Not Applicable,0.0
CUST-048052,0,Premium,56.0,2.0,Medium,2.0,0.0,3.0,101.0,91-180 days,19118.69,22433.18,934.72,24.0,Not Applicable,0.0
CUST-030570,0,Premium,51.0,1.0,Medium,4.0,2.0,3.0,1.0,0-30 days,31313.11,26295.43,1143.28,23.0,Not Applicable,0.0
CUST-045191,0,Small Business,59.0,3.0,Medium,9.0,11.0,0.0,46.0,31-60 days,14294.93,16775.02,671.0,25.0,Not Applicable,0.0
CUST-006104,0,Consumer,53.0,3.0,High,6.0,5.0,7.0,24.0,0-30 days,35982.11,32321.42,2020.09,16.0,Not Applicable,0.0
CUST-004481,1,Premium,15.0,5.0,Low,10.0,5.0,6.0,254.0,181-270 days,28003.04,22962.39,560.06,41.0,Too Expensive,9184.956
CUST-000649,0,Consumer,35.0,5.0,Medium,0.0,3.0,0.0,54.0,31-60 days,36347.71,35735.86,1116.75,32.0,Not Applicable,0.0
CUST-000571,1,Consumer,35.0,4.0,Low,12.0,5.0,8.0,23.0,0-30 days,420.92,427.31,9.09,47.0,Poor Product Quality,170.924
CUST-013758,1,Consumer,28.0,3.0,Low,19.0,20.0,5.0,77.0,61-90 days,48842.46,49521.54,12380.39,4.0,Better Price Elsewhere,19808.616
CUST-000787,1,Small Business,50.0,2.0,Medium,17.0,12.0,9.0,62.0,61-90 days,34559.01,35727.14,729.13,49.0,Better Price Elsewhere,14290.856000000002
CUST-046866,1,Enterprise,39.0,3.0,Medium,16.0,9.0,5.0,58.0,31-60 days,25665.13,29113.68,594.16,49.0,Too Expensive,11645.472000000002
CUST-017020,1,Consumer,5.0,2.0,Medium,16.0,18.0,0.0,54.0,31-60 days,3709.55,4495.55,0.0,0.0,Better Price Elsewhere,1798.2200000000007
CUST-048076,0,Premium,2.0,5.0,Low,15.0,10.0,2.0,55.0,31-60 days,43900.98,48084.09,2185.64,22.0,Not Applicable,0.0
CUST-040951,1,Premium,29.0,2.0,Low,4.0,3.0,4.0,89.0,61-90 days,48031.96,37201.86,4133.54,9.0,Technical Issues,14880.744
CUST-045145,0,Premium,24.0,1.0,Low,4.0,8.0,6.0,23.0,0-30 days,50557.63,42698.96,1041.44,41.0,Not Applicable,0.0
CUST-014083,0,Consumer,48.0,1.0,Medium,8.0,9.0,5.0,253.0,181-270 days,6785.31,5369.32,116.72,46.0,Not Applicable,0.0
CUST-035045,0,Premium,38.0,5.0,Low,5.0,6.0,3.0,18.0,0-30 days,36622.3,36503.04,1073.62,34.0,Not Applicable,0.0
CUST-031127,1,Small Business,57.0,1.0,Medium,0.0,4.0,4.0,21.0,0-30 days,20319.79,19491.4,974.57,20.0,Found Alternative,7796.560000000001
CUST-003118,0,Consumer,49.0,4.0,Medium,12.0,8.0,4.0,255.0,181-270 days,17651.0,21580.26,7193.42,3.0,Not Applicable,0.0
CUST-048830,0,Consumer,22.0,4.0,High,11.0,1.0,7.0,9.0,0-30 days,55762.77,43890.99,43890.99,1.0,Not Applicable,0.0
CUST-012820,1,Consumer,35.0,5.0,Low,3.0,2.0,5.0,49.0,31-60 days,40723.67,41080.14,1244.85,33.0,Account Issues,16432.056
CUST-026073,0,Consumer,2.0,3.0,Medium,11.0,6.0,9.0,81.0,61-90 days,30110.26,29943.1,2303.32,13.0,Not Applicable,0.0
CUST-047334,0,Small Business,37.0,1.0,High,8.0,8.0,7.0,34.0,31-60 days,474.76,375.31,53.62,7.0,Not Applicable,0.0
CUST-020481,0,Small Business,41.0,4.0,Medium,16.0,0.0,9.0,8.0,0-30 days,456.99,517.28,34.49,15.0,Not Applicable,0.0
CUST-024014,0,Premium,58.0,3.0,Low,8.0,11.0,1.0,87.0,61-90 days,44709.88,35664.59,5094.94,7.0,Not Applicable,0.0
CUST-007988,0,Consumer,52.0,4.0,High,19.0,16.0,2.0,115.0,91-180 days,35394.9,35693.88,2099.64,17.0,Not Applicable,0.0
CUST-009010,0,Premium,29.0,4.0,Low,7.0,8.0,0.0,64.0,61-90 days,13675.52,11399.89,292.3,39.0,Not Applicable,0.0
CUST-045456,1,Consumer,57.0,2.0,Low,17.0,7.0,3.0,125.0,91-180 days,46924.1,38144.13,953.6,40.0,Found Alternative,15257.652
CUST-040705,0,Small Business,24.0,5.0,High,18.0,5.0,1.0,56.0,31-60 days,34094.72,38761.15,1174.58,33.0,Not Applicable,0.0
CUST-028361,0,Small Business,28.0,3.0,Medium,12.0,13.0,1.0,46.0,31-60 days,11705.61,11831.5,422.55,28.0,Not Applicable,0.0
CUST-017811,0,Small Business,25.0,4.0,Low,2.0,1.0,1.0,104.0,91-180 days,32465.84,27400.9,570.85,48.0,Not Applicable,0.0
CUST-017531,0,Enterprise,48.0,1.0,Medium,17.0,1.0,5.0,66.0,61-90 days,12732.81,11631.8,684.22,17.0,Not Applicable,0.0
CUST-048765,0,Consumer,26.0,2.0,High,8.0,2.0,9.0,80.0,61-90 days,31706.5,38127.34,811.22,47.0,Not Applicable,0.0
CUST-022549,0,Consumer,54.0,4.0,Low,2.0,6.0,7.0,59.0,31-60 days,45952.11,42663.22,907.73,47.0,Not Applicable,0.0
CUST-003995,1,Consumer,9.0,3.0,Low,1.0,0.0,2.0,3.0,0-30 days,49553.69,39430.99,39430.99,1.0,No Longer Need Service,15772.396
CUST-011574,0,Premium,58.0,2.0,Medium,0.0,2.0,9.0,64.0,61-90 days,21717.79,19606.16,594.13,33.0,Not Applicable,0.0
CUST-047008,1,Small Business,53.0,1.0,Medium,12.0,2.0,3.0,50.0,31-60 days,40414.05,46115.23,46115.23,1.0,No Longer Need Service,18446.092
CUST-017309,0,Premium,58.0,2.0,High,4.0,0.0,0.0,80.0,61-90 days,47746.04,42948.21,4294.82,10.0,Not Applicable,0.0
CUST-035767,0,Premium,55.0,4.0,Medium,0.0,4.0,8.0,79.0,61-90 days,15749.57,16890.45,804.31,21.0,Not Applicable,0.0
CUST-036018,0,Enterprise,31.0,2.0,Medium,11.0,3.0,9.0,46.0,31-60 days,28636.71,30180.46,670.68,45.0,Not Applicable,0.0
CUST-025564,0,Small Business,48.0,2.0,Medium,18.0,10.0,5.0,357.0,271-365 days,1919.6,1639.1,204.89,8.0,Not Applicable,0.0
CUST-017372,0,Consumer,12.0,4.0,High,13.0,11.0,3.0,66.0,61-90 days,36155.41,42677.92,21338.96,2.0,Not Applicable,0.0
CUST-022393,1,Consumer,14.0,2.0,Medium,8.0,6.0,3.0,12.0,0-30 days,12238.44,12535.36,626.77,20.0,Better Price Elsewhere,5014.144
CUST-000337,0,Consumer,57.0,4.0,Medium,7.0,9.0,4.0,297.0,271-365 days,31548.93,36415.92,3034.66,12.0,Not Applicable,0.0
CUST-029961,1,Premium,19.0,1.0,Low,19.0,13.0,2.0,126.0,91-180 days,24012.81,21197.82,683.8,31.0,Too Expensive,8479.128
CUST-033903,0,Enterprise,46.0,3.0,High,11.0,15.0,0.0,253.0,181-270 days,24122.47,20399.92,510.0,40.0,Not Applicable,0.0
CUST-002242,0,Enterprise,40.0,3.0,Low,12.0,9.0,2.0,77.0,61-90 days,53492.39,42859.78,2857.32,15.0,Not Applicable,0.0
CUST-023989,0,Small Business,28.0,3.0,High,14.0,1.0,4.0,200.0,181-270 days,11154.55,12567.54,256.48,49.0,Not Applicable,0.0
CUST-021676,0,Premium,47.0,2.0,High,1.0,0.0,2.0,58.0,31-60 days,54305.27,45076.26,2651.54,17.0,Not Applicable,0.0
CUST-017141,0,Premium,44.0,4.0,High,11.0,14.0,1.0,50.0,31-60 days,10588.26,11911.59,5955.8,2.0,Not Applicable,0.0
CUST-034377,1,Consumer,10.0,2.0,Low,19.0,21.0,0.0,81.0,61-90 days,4454.71,4055.18,162.21,25.0,Found Alternative,1622.0720000000001
CUST-008170,1,Consumer,36.0,5.0,Low,4.0,3.0,3.0,305.0,271-365 days,30192.53,36652.07,1182.32,31.0,Shipping Issues,14660.828000000001
CUST-030830,1,Premium,22.0,5.0,Low,4.0,1.0,6.0,19.0,0-30 days,8771.37,10071.12,251.78,40.0,Low Product Variety,4028.448
CUST-036617,1,Enterprise,35.0,3.0,Low,7.0,8.0,0.0,79.0,61-90 days,8072.23,7413.38,211.81,35.0,No Longer Need Service,2965.352000000001
CUST-024646,0,Premium,10.0,4.0,High,4.0,6.0,1.0,20.0,0-30 days,343.07,406.6,13.55,30.0,Not Applicable,0.0
CUST-001662,1,Consumer,17.0,1.0,Low,6.0,0.0,7.0,217.0,181-270 days,52704.08,46997.72,11749.43,4.0,Low Product Variety,18799.088
CUST-038068,0,Small Business,18.0,3.0,Medium,16.0,4.0,1.0,204.0,181-270 days,22287.41,21425.31,3060.76,7.0,Not Applicable,0.0
CUST-047193,0,Enterprise,39.0,1.0,High,14.0,9.0,9.0,77.0,61-90 days,25833.57,26535.59,564.59,47.0,Not Applicable,0.0
CUST-001290,1,Consumer,49.0,5.0,High,9.0,12.0,6.0,171.0,91-180 days,24184.07,18730.28,492.9,38.0,Shipping Issues,7492.111999999999
CUST-037651,1,Small Business,26.0,1.0,Low,4.0,2.0,3.0,60.0,31-60 days,9063.55,10165.81,635.36,16.0,Better Price Elsewhere,4066.324
CUST-007123,1,Consumer,36.0,1.0,Low,17.0,21.0,9.0,63.0,61-90 days,13890.13,15894.99,1766.11,9.0,Better Price Elsewhere,6357.996
CUST-045790,1,Small Business,45.0,3.0,Medium,1.0,4.0,0.0,1.0,0-30 days,44964.0,46264.05,963.83,48.0,No Longer Need Service,18505.620000000006
CUST-007612,0,Consumer,4.0,2.0,Medium,1.0,2.0,3.0,30.0,0-30 days,45211.24,49480.74,1030.85,48.0,Not Applicable,0.0
CUST-012114,0,Premium,1.0,2.0,Low,10.0,5.0,3.0,50.0,31-60 days,39726.75,31751.93,675.57,47.0,Not Applicable,0.0
CUST-026087,0,Small Business,52.0,2.0,Medium,17.0,0.0,6.0,26.0,0-30 days,36303.41,40290.85,1088.94,37.0,Not Applicable,0.0
CUST-035895,0,Consumer,29.0,4.0,Medium,15.0,13.0,3.0,339.0,271-365 days,52985.61,41453.95,1090.89,38.0,Not Applicable,0.0
CUST-027044,1,Consumer,45.0,3.0,Medium,8.0,12.0,8.0,19.0,0-30 days,17859.81,16470.51,716.11,23.0,No Longer Need Service,6588.2040000000015
CUST-030485,0,Premium,9.0,2.0,Medium,13.0,9.0,4.0,78.0,61-90 days,36205.99,39108.17,2172.68,18.0,Not Applicable,0.0
CUST-028382,0,Small Business,38.0,1.0,Low,3.0,6.0,1.0,2.0,0-30 days,57314.31,46892.25,1172.31,40.0,Not Applicable,0.0
CUST-000087,0,Consumer,46.0,2.0,Medium,7.0,3.0,5.0,112.0,91-180 days,6807.54,8104.63,289.45,28.0,Not Applicable,0.0
CUST-039406,0,Consumer,30.0,2.0,High,13.0,4.0,5.0,80.0,61-90 days,11861.52,11934.12,1989.02,6.0,Not Applicable,0.0
CUST-001931,0,Consumer,24.0,4.0,Medium,13.0,7.0,7.0,43.0,31-60 days,39585.77,39931.77,1174.46,34.0,Not Applicable,0.0
CUST-037366,0,Premium,58.0,3.0,High,0.0,0.0,7.0,19.0,0-30 days,61378.03,48661.44,4055.12,12.0,Not Applicable,0.0
CUST-019147,0,Small Business,20.0,1.0,Medium,6.0,2.0,8.0,22.0,0-30 days,7365.8,9056.39,196.88,46.0,Not Applicable,0.0
CUST-021626,1,Small Business,28.0,1.0,Low,15.0,8.0,4.0,300.0,271-365 days,17959.93,14689.17,14689.17,1.0,Poor Product Quality,5875.668000000002
CUST-007489,0,Consumer,30.0,3.0,Medium,19.0,15.0,5.0,35.0,31-60 days,17558.7,14413.15,327.57,44.0,Not Applicable,0.0
CUST-048844,1,Consumer,35.0,1.0,Medium,11.0,14.0,7.0,198.0,181-270 days,12681.94,14516.58,1319.69,11.0,Shipping Issues,5806.632000000001
CUST-000301,1,Consumer,55.0,3.0,Low,12.0,9.0,6.0,52.0,31-60 days,40720.29,40223.1,2117.01,19.0,Poor Product Quality,16089.24
CUST-039452,0,Enterprise,17.0,4.0,Medium,14.0,10.0,9.0,62.0,61-90 days,41388.74,48960.45,2720.02,18.0,Not Applicable,0.0
CUST-015556,0,Premium,58.0,2.0,High,6.0,0.0,3.0,50.0,31-60 days,40120.45,42926.93,1160.19,37.0,Not Applicable,0.0
CUST-006070,0,Premium,6.0,5.0,High,0.0,2.0,6.0,48.0,31-60 days,42799.15,46854.12,9370.82,5.0,Not Applicable,0.0
CUST-040384,0,Consumer,13.0,4.0,Low,15.0,8.0,4.0,51.0,31-60 days,16660.39,12930.9,862.06,15.0,Not Applicable,0.0
CUST-049582,1,Consumer,5.0,2.0,Medium,18.0,9.0,2.0,20.0,0-30 days,44420.57,38463.71,2564.25,15.0,Too Expensive,15385.484
CUST-009003,0,Consumer,58.0,5.0,Low,3.0,2.0,9.0,65.0,61-90 days,13400.33,10359.7,304.7,34.0,Not Applicable,0.0
CUST-001014,0,Consumer,8.0,2.0,Medium,13.0,1.0,1.0,31.0,31-60 days,23816.84,22438.31,547.28,41.0,Not Applicable,0.0
CUST-003666,1,Small Business,21.0,4.0,Low,6.0,5.0,7.0,85.0,61-90 days,36033.23,35592.95,808.93,44.0,Poor Product Quality,14237.18
CUST-016653,0,Consumer,33.0,1.0,High,12.0,7.0,0.0,69.0,61-90 days,38945.19,36149.54,860.7,42.0,Not Applicable,0.0
CUST-028491,1,Small Business,47.0,3.0,Low,9.0,0.0,9.0,252.0,181-270 days,4315.0,4214.27,135.94,31.0,Found Alternative,1685.7080000000005
CUST-041364,0,Small Business,14.0,2.0,High,16.0,9.0,4.0,155.0,91-180 days,33582.29,36133.82,1290.49,28.0,Not Applicable,0.0
CUST-009831,0,Consumer,14.0,4.0,Medium,9.0,3.0,9.0,100.0,91-180 days,8267.3,10184.46,231.46,44.0,Not Applicable,0.0
CUST-001808,1,Consumer,42.0,4.0,High,19.0,3.0,4.0,263.0,181-270 days,27284.75,24833.41,528.37,47.0,Unhappy with Return Policy,9933.364
CUST-012265,0,Enterprise,51.0,2.0,Medium,5.0,0.0,4.0,16.0,0-30 days,51688.13,49456.53,1336.66,37.0,Not Applicable,0.0
CUST-039867,1,Small Business,35.0,5.0,Medium,4.0,2.0,6.0,75.0,61-90 days,36640.89,44304.52,4430.45,10.0,Low Product Variety,17721.808
CUST-003899,1,Consumer,40.0,4.0,Low,3.0,3.0,9.0,36.0,31-60 days,44103.24,42989.66,0.0,0.0,Poor Product Quality,17195.863999999998
CUST-045775,0,Small Business,5.0,1.0,Low,0.0,3.0,9.0,74.0,61-90 days,5679.52,5182.43,259.12,20.0,Not Applicable,0.0
CUST-026727,0,Consumer,8.0,4.0,Medium,12.0,16.0,4.0,320.0,271-365 days,43635.08,46968.11,2609.34,18.0,Not Applicable,0.0
CUST-035714,0,Premium,49.0,4.0,Medium,17.0,3.0,5.0,202.0,181-270 days,37461.2,29582.61,2958.26,10.0,Not Applicable,0.0
CUST-018066,0,Enterprise,27.0,2.0,High,17.0,2.0,4.0,15.0,0-30 days,31361.31,30751.46,2196.53,14.0,Not Applicable,0.0
CUST-034012,0,Consumer,15.0,4.0,Medium,16.0,12.0,8.0,46.0,31-60 days,27681.83,22521.42,0.0,0.0,Not Applicable,0.0
CUST-006106,1,Consumer,54.0,5.0,Medium,1.0,4.0,5.0,6.0,0-30 days,50095.53,41462.02,5923.15,7.0,Found Alternative,16584.808
CUST-015410,1,Consumer,52.0,3.0,High,15.0,19.0,2.0,334.0,271-365 days,32391.16,28761.14,1250.48,23.0,Poor Customer Service,11504.456
CUST-044242,0,Premium,40.0,4.0,Medium,7.0,7.0,4.0,6.0,0-30 days,8954.41,7490.3,152.86,49.0,Not Applicable,0.0
CUST-022744,1,Consumer,13.0,2.0,Medium,14.0,3.0,3.0,356.0,271-365 days,4902.6,4783.36,597.92,8.0,Found Alternative,1913.344
CUST-009856,0,Small Business,12.0,4.0,High,9.0,1.0,6.0,355.0,271-365 days,2312.54,2660.57,98.54,27.0,Not Applicable,0.0
CUST-024470,0,Consumer,51.0,5.0,Medium,9.0,13.0,6.0,40.0,31-60 days,21674.25,22401.5,2036.5,11.0,Not Applicable,0.0
CUST-016250,1,Enterprise,7.0,3.0,Medium,11.0,5.0,9.0,203.0,181-270 days,37953.06,39578.89,965.34,41.0,Poor Product Quality,15831.556
CUST-047928,1,Enterprise,41.0,1.0,Medium,13.0,16.0,3.0,74.0,61-90 days,8593.9,9347.65,0.0,0.0,Poor Product Quality,3739.06
CUST-026913,0,Premium,54.0,2.0,Low,3.0,5.0,1.0,15.0,0-30 days,40627.9,41078.78,1026.97,40.0,Not Applicable,0.0
CUST-031259,0,Premium,19.0,1.0,Medium,4.0,5.0,5.0,24.0,0-30 days,27293.88,29941.18,809.22,37.0,Not Applicable,0.0
CUST-042872,1,Premium,20.0,2.0,Low,19.0,7.0,9.0,196.0,181-270 days,34095.51,27391.29,595.46,46.0,Poor Product Quality,10956.516000000001
CUST-043085,0,Consumer,2.0,2.0,High,3.0,3.0,0.0,54.0,31-60 days,8948.95,10173.76,282.6,36.0,Not Applicable,0.0
CUST-001316,0,Small Business,31.0,3.0,Medium,2.0,0.0,3.0,137.0,91-180 days,57457.14,45452.47,11363.12,4.0,Not Applicable,0.0
CUST-010757,0,Small Business,54.0,2.0,Medium,13.0,11.0,5.0,11.0,0-30 days,35332.06,41351.31,2756.75,15.0,Not Applicable,0.0
CUST-039158,0,Consumer,26.0,2.0,Medium,8.0,11.0,1.0,166.0,91-180 days,40288.69,34325.49,715.11,48.0,Not Applicable,0.0
CUST-034091,1,Enterprise,41.0,1.0,Medium,15.0,8.0,8.0,363.0,271-365 days,27552.19,23603.39,761.4,31.0,Shipping Issues,9441.356
CUST-035906,1,Premium,58.0,1.0,Medium,14.0,12.0,2.0,23.0,0-30 days,33576.74,39041.97,1055.19,37.0,Better Price Elsewhere,15616.788
CUST-040798,1,Consumer,20.0,1.0,Medium,19.0,10.0,1.0,11.0,0-30 days,41852.67,38272.61,2126.26,18.0,Shipping Issues,15309.044000000002
CUST-038046,1,Small Business,39.0,3.0,Medium,12.0,13.0,9.0,313.0,271-365 days,5160.36,4190.98,95.25,44.0,Found Alternative,1676.3919999999994
CUST-007364,0,Consumer,40.0,4.0,Low,1.0,0.0,2.0,222.0,181-270 days,4255.1,3902.44,81.3,48.0,Not Applicable,0.0
CUST-041885,1,Premium,35.0,1.0,Low,3.0,2.0,1.0,66.0,61-90 days,18379.22,14849.48,989.97,15.0,Account Issues,5939.792
CUST-031959,0,Consumer,3.0,3.0,Low,17.0,15.0,1.0,282.0,271-365 days,19804.46,21616.81,0.0,0.0,Not Applicable,0.0
CUST-032214,0,Enterprise,34.0,3.0,Medium,6.0,8.0,3.0,30.0,0-30 days,33700.99,29980.81,3331.2,9.0,Not Applicable,0.0
CUST-023569,1,Consumer,21.0,1.0,Low,17.0,13.0,9.0,22.0,0-30 days,38549.46,44713.35,7452.22,6.0,Poor Customer Service,17885.34
CUST-006502,0,Consumer,15.0,5.0,Medium,16.0,12.0,6.0,7.0,0-30 days,14693.97,14127.72,294.33,48.0,Not Applicable,0.0
CUST-026702,0,Consumer,22.0,1.0,Medium,1.0,3.0,4.0,38.0,31-60 days,18612.17,21030.24,1237.07,17.0,Not Applicable,0.0
CUST-042130,1,Consumer,47.0,1.0,Medium,13.0,7.0,9.0,54.0,31-60 days,24860.39,28649.22,4092.75,7.0,No Longer Need Service,11459.688000000002
CUST-033440,0,Small Business,46.0,5.0,High,11.0,3.0,5.0,264.0,181-270 days,36616.59,34160.77,697.16,49.0,Not Applicable,0.0
CUST-040262,0,Small Business,23.0,4.0,Low,0.0,3.0,9.0,47.0,31-60 days,25801.74,25723.54,887.02,29.0,Not Applicable,0.0
CUST-009869,0,Consumer,57.0,4.0,Low,5.0,8.0,1.0,20.0,0-30 days,6965.18,5485.7,171.43,32.0,Not Applicable,0.0
CUST-049144,1,Consumer,21.0,3.0,High,12.0,15.0,7.0,59.0,31-60 days,14155.34,11298.48,313.85,36.0,Poor Product Quality,4519.392
CUST-028736,0,Small Business,23.0,3.0,Medium,12.0,13.0,5.0,87.0,61-90 days,29578.4,26704.01,785.41,34.0,Not Applicable,0.0
CUST-022924,1,Consumer,8.0,3.0,High,11.0,13.0,5.0,364.0,271-365 days,43541.28,43588.57,1406.08,31.0,Payment Problems,17435.428
CUST-005097,0,Enterprise,23.0,4.0,Low,17.0,5.0,2.0,94.0,91-180 days,20244.06,22898.53,1908.21,12.0,Not Applicable,0.0
CUST-038609,1,Consumer,41.0,3.0,Medium,13.0,5.0,3.0,361.0,271-365 days,5531.5,4654.35,4654.35,1.0,Poor Customer Service,1861.74
CUST-016187,1,Consumer,55.0,5.0,High,11.0,14.0,7.0,200.0,181-270 days,18442.07,20898.91,426.51,49.0,Poor Customer Service,8359.564
CUST-013895,1,Premium,42.0,2.0,Medium,17.0,5.0,2.0,7.0,0-30 days,13040.77,10665.42,711.03,15.0,Technical Issues,4266.1680000000015
CUST-006069,1,Enterprise,17.0,1.0,Medium,3.0,7.0,2.0,195.0,181-270 days,24945.81,21147.07,1409.8,15.0,Payment Problems,8458.828000000001
CUST-016856,0,Enterprise,1.0,1.0,High,3.0,1.0,3.0,27.0,0-30 days,29081.37,27122.34,6780.59,4.0,Not Applicable,0.0
CUST-028482,0,Consumer,30.0,3.0,High,4.0,2.0,7.0,17.0,0-30 days,56125.67,43920.01,2745.0,16.0,Not Applicable,0.0
CUST-048169,1,Small Business,15.0,2.0,Low,17.0,9.0,8.0,163.0,91-180 days,9938.66,8787.37,798.85,11.0,Shipping Issues,3514.9480000000012
CUST-000325,1,Small Business,48.0,3.0,Low,13.0,12.0,1.0,72.0,61-90 days,19115.62,16302.53,1811.39,9.0,Poor Customer Service,6521.012000000002
CUST-042761,1,Small Business,14.0,2.0,Medium,12.0,8.0,6.0,230.0,181-270 days,32117.98,35579.87,1872.62,19.0,Payment Problems,14231.948000000002
CUST-028881,1,Consumer,31.0,1.0,Medium,16.0,0.0,1.0,29.0,0-30 days,23059.21,27209.14,1088.37,25.0,Poor Product Quality,10883.656
CUST-010536,0,Premium,28.0,2.0,High,11.0,9.0,0.0,27.0,0-30 days,34058.99,29811.24,634.28,47.0,Not Applicable,0.0
CUST-019339,1,Premium,31.0,4.0,Medium,2.0,0.0,9.0,6.0,0-30 days,35088.77,33710.45,1532.29,22.0,No Longer Need Service,13484.18
CUST-046425,0,Small Business,40.0,4.0,Medium,3.0,4.0,6.0,68.0,61-90 days,29534.06,34780.28,869.51,40.0,Not Applicable,0.0
CUST-027456,0,Consumer,19.0,3.0,Medium,0.0,2.0,9.0,363.0,271-365 days,3083.2,3066.16,306.62,10.0,Not Applicable,0.0
CUST-016162,1,Consumer,4.0,1.0,Medium,8.0,12.0,9.0,75.0,61-90 days,28920.88,26918.65,2243.22,12.0,Better Price Elsewhere,10767.46
CUST-011977,0,Enterprise,11.0,4.0,Medium,4.0,4.0,3.0,78.0,61-90 days,40356.17,43536.32,1243.89,35.0,Not Applicable,0.0
CUST-034126,1,Enterprise,37.0,1.0,Medium,15.0,17.0,6.0,29.0,0-30 days,34295.79,30769.89,2564.16,12.0,No Longer Need Service,12307.956
CUST-038371,0,Consumer,9.0,2.0,High,2.0,1.0,3.0,43.0,31-60 days,50639.68,40402.44,1756.63,23.0,Not Applicable,0.0
CUST-000861,0,Consumer,41.0,2.0,High,9.0,5.0,1.0,61.0,61-90 days,38511.22,37530.99,815.89,46.0,Not Applicable,0.0
CUST-047009,1,Consumer,52.0,2.0,High,15.0,8.0,5.0,19.0,0-30 days,48667.47,46493.93,5165.99,9.0,Poor Customer Service,18597.572
CUST-048744,0,Enterprise,19.0,4.0,Low,6.0,8.0,4.0,101.0,91-180 days,19595.32,19242.39,506.38,38.0,Not Applicable,0.0
CUST-009449,0,Enterprise,3.0,3.0,Low,0.0,0.0,5.0,200.0,181-270 days,12574.13,11475.29,409.83,28.0,Not Applicable,0.0
CUST-035294,0,Premium,1.0,4.0,High,8.0,1.0,2.0,87.0,61-90 days,33970.42,34394.6,17197.3,2.0,Not Applicable,0.0
CUST-043877,1,Premium,35.0,4.0,Low,3.0,2.0,1.0,363.0,271-365 days,21316.38,16758.15,0.0,0.0,No Longer Need Service,6703.260000000001
CUST-003065,0,Consumer,26.0,5.0,Low,6.0,2.0,9.0,229.0,181-270 days,40796.21,36320.92,981.65,37.0,Not Applicable,0.0
CUST-003581,0,Premium,5.0,5.0,High,8.0,3.0,0.0,80.0,61-90 days,27770.65,31992.11,15996.06,2.0,Not Applicable,0.0
CUST-038896,0,Consumer,32.0,5.0,Medium,14.0,14.0,0.0,58.0,31-60 days,854.55,658.78,34.67,19.0,Not Applicable,0.0
CUST-009141,0,Consumer,3.0,3.0,Medium,10.0,9.0,1.0,43.0,31-60 days,17861.47,16413.55,455.93,36.0,Not Applicable,0.0
CUST-038263,0,Small Business,43.0,2.0,Medium,9.0,2.0,3.0,358.0,271-365 days,40879.63,46190.74,1490.02,31.0,Not Applicable,0.0
CUST-013378,0,Premium,50.0,5.0,Medium,5.0,7.0,2.0,29.0,0-30 days,12723.87,9948.2,452.19,22.0,Not Applicable,0.0
CUST-015134,0,Consumer,29.0,5.0,Medium,1.0,4.0,7.0,337.0,271-365 days,41054.48,39226.47,2615.1,15.0,Not Applicable,0.0
CUST-013500,0,Consumer,13.0,2.0,Low,3.0,3.0,5.0,17.0,0-30 days,19033.68,21281.77,925.29,23.0,Not Applicable,0.0
CUST-044950,0,Small Business,1.0,4.0,Medium,10.0,7.0,8.0,2.0,0-30 days,3070.9,3387.25,1693.62,2.0,Not Applicable,0.0
CUST-004780,1,Consumer,28.0,5.0,Low,5.0,4.0,4.0,91.0,91-180 days,11310.49,9431.86,9431.86,1.0,Found Alternative,3772.744000000001
CUST-029223,0,Premium,13.0,4.0,High,18.0,8.0,5.0,289.0,271-365 days,22298.1,19105.77,597.06,32.0,Not Applicable,0.0
CUST-049934,1,Enterprise,40.0,5.0,Low,7.0,2.0,2.0,25.0,0-30 days,15845.71,19011.84,1118.34,17.0,Low Product Variety,7604.736000000001
CUST-010864,0,Consumer,54.0,3.0,Medium,5.0,4.0,6.0,2.0,0-30 days,4299.65,5314.25,759.18,7.0,Not Applicable,0.0
CUST-014802,0,Enterprise,22.0,1.0,High,9.0,7.0,2.0,314.0,271-365 days,3334.16,2721.19,66.37,41.0,Not Applicable,0.0
CUST-006692,0,Consumer,54.0,3.0,High,13.0,7.0,3.0,323.0,271-365 days,10376.83,11258.76,750.58,15.0,Not Applicable,0.0
CUST-019558,1,Premium,16.0,2.0,Low,16.0,16.0,1.0,32.0,31-60 days,32506.33,36487.96,2432.53,15.0,Poor Customer Service,14595.184
CUST-036314,1,Consumer,58.0,1.0,Medium,13.0,3.0,6.0,265.0,181-270 days,26036.44,23224.51,4644.9,5.0,Payment Problems,9289.804
CUST-039688,1,Consumer,12.0,1.0,Medium,1.0,3.0,2.0,242.0,181-270 days,24138.24,20478.6,20478.6,1.0,Too Expensive,8191.44
CUST-044865,0,Consumer,14.0,5.0,Medium,14.0,17.0,1.0,44.0,31-60 days,41988.72,39839.78,3621.8,11.0,Not Applicable,0.0
CUST-043747,0,Consumer,14.0,4.0,High,11.0,13.0,3.0,24.0,0-30 days,21901.88,18362.37,798.36,23.0,Not Applicable,0.0
CUST-005024,0,Consumer,44.0,1.0,High,5.0,7.0,7.0,42.0,31-60 days,10331.42,9956.96,1106.33,9.0,Not Applicable,0.0
CUST-015070,0,Enterprise,19.0,3.0,Low,3.0,4.0,3.0,31.0,31-60 days,35467.26,41450.9,2302.83,18.0,Not Applicable,0.0
CUST-004645,0,Premium,6.0,3.0,Low,16.0,1.0,2.0,62.0,61-90 days,45064.97,46634.09,1084.51,43.0,Not Applicable,0.0
CUST-011185,1,Consumer,41.0,2.0,Low,14.0,8.0,8.0,51.0,31-60 days,36482.85,43309.28,883.86,49.0,Low Product Variety,17323.712
CUST-020350,0,Premium,39.0,4.0,Low,9.0,10.0,2.0,40.0,31-60 days,15875.91,12360.61,537.42,23.0,Not Applicable,0.0
CUST-009798,0,Consumer,40.0,2.0,High,8.0,5.0,5.0,53.0,31-60 days,12976.46,10471.19,10471.19,1.0,Not Applicable,0.0
CUST-021571,0,Small Business,43.0,4.0,High,13.0,9.0,2.0,106.0,91-180 days,39704.65,38669.91,1933.5,20.0,Not Applicable,0.0
CUST-028580,1,Consumer,30.0,2.0,Medium,18.0,14.0,8.0,60.0,31-60 days,46044.39,37443.84,1497.75,25.0,Too Expensive,14977.536
CUST-040653,1,Consumer,54.0,3.0,Low,0.0,1.0,4.0,1.0,0-30 days,27602.35,29473.34,1733.73,17.0,Poor Product Quality,11789.336000000001
CUST-046974,0,Small Business,29.0,5.0,Medium,9.0,6.0,1.0,16.0,0-30 days,44267.24,39952.62,1536.64,26.0,Not Applicable,0.0
CUST-004659,0,Small Business,28.0,1.0,High,13.0,10.0,5.0,1.0,0-30 days,20483.51,23701.35,1128.64,21.0,Not Applicable,0.0
CUST-044812,1,Premium,12.0,2.0,High,12.0,0.0,1.0,62.0,61-90 days,4778.25,4026.64,402.66,10.0,Poor Customer Service,1610.656
CUST-029738,1,Premium,39.0,1.0,Low,7.0,5.0,8.0,180.0,91-180 days,49511.75,42553.99,1119.84,38.0,Better Price Elsewhere,17021.596
CUST-002910,1,Consumer,49.0,3.0,Medium,17.0,3.0,2.0,86.0,61-90 days,31595.65,34519.29,1380.77,25.0,Poor Product Quality,13807.716
CUST-047918,0,Consumer,27.0,3.0,Medium,10.0,14.0,5.0,10.0,0-30 days,44229.92,37289.48,0.0,0.0,Not Applicable,0.0
CUST-039291,1,Small Business,41.0,3.0,High,16.0,20.0,8.0,47.0,31-60 days,25675.63,28419.99,947.33,30.0,Poor Customer Service,11367.996000000001
CUST-037844,0,Premium,26.0,5.0,High,8.0,0.0,6.0,1.0,0-30 days,58163.87,49837.36,4983.74,10.0,Not Applicable,0.0
CUST-011771,0,Consumer,38.0,1.0,High,8.0,5.0,2.0,35.0,31-60 days,6059.57,6846.54,163.01,42.0,Not Applicable,0.0
CUST-011413,0,Enterprise,7.0,4.0,High,15.0,3.0,6.0,24.0,0-30 days,22076.73,17172.8,490.65,35.0,Not Applicable,0.0
CUST-014506,0,Consumer,25.0,2.0,Medium,11.0,1.0,9.0,284.0,271-365 days,12538.18,9781.59,250.81,39.0,Not Applicable,0.0
CUST-037058,0,Premium,31.0,2.0,Medium,17.0,19.0,3.0,56.0,31-60 days,24698.14,24987.78,520.58,48.0,Not Applicable,0.0
CUST-022786,0,Small Business,58.0,4.0,Medium,12.0,11.0,0.0,119.0,91-180 days,39529.46,38970.97,1217.84,32.0,Not Applicable,0.0
CUST-007868,1,Consumer,1.0,5.0,Medium,16.0,14.0,0.0,47.0,31-60 days,44084.84,36451.72,959.26,38.0,Poor Customer Service,14580.688000000002
CUST-046954,0,Small Business,29.0,4.0,Medium,9.0,3.0,9.0,162.0,91-180 days,30483.41,25680.26,2334.57,11.0,Not Applicable,0.0
CUST-037661,1,Consumer,32.0,1.0,Low,15.0,1.0,7.0,42.0,31-60 days,41567.15,38161.16,3469.2,11.0,Payment Problems,15264.464000000002
CUST-044595,1,Consumer,53.0,1.0,Medium,11.0,3.0,9.0,189.0,181-270 days,1793.72,1663.09,57.35,29.0,Better Price Elsewhere,665.2360000000001
CUST-033084,1,Premium,46.0,1.0,Medium,17.0,21.0,2.0,89.0,61-90 days,48685.63,42028.07,1313.38,32.0,Payment Problems,16811.228
CUST-046170,1,Small Business,8.0,4.0,Medium,16.0,17.0,2.0,187.0,181-270 days,28664.1,22634.02,905.36,25.0,Technical Issues,9053.608
CUST-021745,0,Consumer,53.0,5.0,High,14.0,15.0,2.0,8.0,0-30 days,27847.91,28600.79,733.35,39.0,Not Applicable,0.0
CUST-023843,1,Consumer,41.0,1.0,Medium,14.0,17.0,2.0,53.0,31-60 days,26652.91,32095.91,802.4,40.0,Too Expensive,12838.364
CUST-014042,0,Premium,28.0,3.0,Medium,12.0,3.0,3.0,163.0,91-180 days,41720.51,32235.11,976.82,33.0,Not Applicable,0.0
CUST-043059,1,Consumer,9.0,1.0,High,18.0,6.0,4.0,61.0,61-90 days,23149.13,28062.76,1039.36,27.0,Account Issues,11225.104
CUST-013170,0,Consumer,32.0,2.0,High,5.0,9.0,1.0,329.0,271-365 days,2240.23,2384.27,397.38,6.0,Not Applicable,0.0
CUST-005520,0,Consumer,4.0,3.0,Medium,2.0,1.0,1.0,354.0,271-365 days,37318.44,29766.62,930.21,32.0,Not Applicable,0.0
CUST-032639,1,Premium,14.0,1.0,High,15.0,5.0,8.0,229.0,181-270 days,39943.5,36341.23,1453.65,25.0,Too Expensive,14536.492000000002
CUST-017136,0,Consumer,56.0,3.0,Medium,6.0,5.0,6.0,56.0,31-60 days,28739.02,25715.14,627.2,41.0,Not Applicable,0.0
CUST-042250,0,Consumer,28.0,4.0,High,11.0,4.0,5.0,161.0,91-180 days,20990.07,25668.07,611.14,42.0,Not Applicable,0.0
CUST-049324,1,Consumer,48.0,2.0,Medium,8.0,2.0,2.0,208.0,181-270 days,2422.55,2028.4,101.42,20.0,Too Expensive,811.3600000000001
CUST-038163,1,Consumer,7.0,1.0,Medium,8.0,1.0,1.0,187.0,181-270 days,58348.7,46969.05,1145.59,41.0,Poor Customer Service,18787.620000000006
CUST-018295,0,Consumer,8.0,4.0,Medium,4.0,4.0,7.0,57.0,31-60 days,30290.29,28643.63,681.99,42.0,Not Applicable,0.0
CUST-029782,0,Consumer,22.0,3.0,Low,18.0,2.0,6.0,89.0,61-90 days,16752.19,17332.1,5777.37,3.0,Not Applicable,0.0
CUST-005232,1,Consumer,29.0,3.0,Medium,7.0,5.0,2.0,302.0,271-365 days,41792.9,47640.07,1035.65,46.0,Better Price Elsewhere,19056.028000000002
CUST-022780,1,Consumer,37.0,4.0,Low,2.0,4.0,9.0,53.0,31-60 days,35311.19,33025.52,16512.76,2.0,Too Expensive,13210.208
CUST-016898,0,Premium,8.0,1.0,High,10.0,12.0,0.0,30.0,0-30 days,10464.82,12910.47,263.48,49.0,Not Applicable,0.0
CUST-003080,1,Consumer,30.0,1.0,Medium,1.0,0.0,8.0,11.0,0-30 days,20015.13,19288.34,1607.36,12.0,Account Issues,7715.335999999998
CUST-040685,0,Enterprise,32.0,1.0,Medium,18.0,12.0,7.0,95.0,91-180 days,8480.54,10163.46,317.61,32.0,Not Applicable,0.0
CUST-032698,0,Consumer,55.0,4.0,Medium,3.0,1.0,9.0,140.0,91-180 days,21347.41,21792.94,5448.23,4.0,Not Applicable,0.0
CUST-006344,1,Consumer,29.0,2.0,Low,15.0,3.0,3.0,1.0,0-30 days,46716.24,40185.1,956.79,42.0,Found Alternative,16074.04
CUST-047748,0,Premium,45.0,3.0,Low,6.0,7.0,4.0,351.0,271-365 days,20685.77,19896.23,602.92,33.0,Not Applicable,0.0
CUST-046393,1,Consumer,56.0,2.0,Low,15.0,3.0,0.0,55.0,31-60 days,30290.17,34178.35,2278.56,15.0,Better Price Elsewhere,13671.34
CUST-024145,0,Small Business,22.0,5.0,Low,18.0,5.0,7.0,267.0,181-270 days,41272.73,33559.43,1766.29,19.0,Not Applicable,0.0
CUST-004279,1,Small Business,43.0,2.0,Medium,8.0,1.0,7.0,38.0,31-60 days,19477.8,19860.6,431.75,46.0,Poor Product Quality,7944.24
CUST-006814,0,Small Business,15.0,4.0,High,9.0,1.0,9.0,60.0,31-60 days,36585.0,32496.09,1354.0,24.0,Not Applicable,0.0
CUST-030770,0,Consumer,29.0,5.0,Medium,17.0,1.0,6.0,32.0,31-60 days,45056.87,47601.75,2975.11,16.0,Not Applicable,0.0
CUST-036484,1,Consumer,21.0,2.0,Low,2.0,4.0,8.0,14.0,0-30 days,35304.95,38043.12,975.46,39.0,Better Price Elsewhere,15217.248
CUST-027154,1,Premium,20.0,4.0,Medium,17.0,18.0,4.0,54.0,31-60 days,35217.98,27138.01,1130.75,24.0,Shipping Issues,10855.204
CUST-002253,0,Premium,11.0,3.0,Low,8.0,11.0,0.0,200.0,181-270 days,6189.32,6163.25,205.44,30.0,Not Applicable,0.0
CUST-027737,0,Premium,1.0,4.0,Medium,9.0,2.0,6.0,337.0,271-365 days,14446.47,11245.06,1022.28,11.0,Not Applicable,0.0
CUST-002076,0,Consumer,58.0,3.0,Medium,14.0,9.0,7.0,26.0,0-30 days,14335.04,14352.37,318.94,45.0,Not Applicable,0.0
CUST-036782,0,Consumer,44.0,3.0,Medium,4.0,3.0,6.0,48.0,31-60 days,15631.98,15066.33,602.65,25.0,Not Applicable,0.0
CUST-031960,0,Enterprise,44.0,4.0,Medium,19.0,14.0,0.0,15.0,0-30 days,63.6,64.82,1.35,48.0,Not Applicable,0.0
CUST-027061,0,Consumer,18.0,2.0,Low,16.0,8.0,3.0,34.0,31-60 days,32673.43,40580.81,845.43,48.0,Not Applicable,0.0
CUST-025843,1,Consumer,7.0,5.0,Medium,1.0,1.0,7.0,363.0,271-365 days,23738.49,26199.52,671.78,39.0,Found Alternative,10479.808
CUST-000069,0,Consumer,59.0,3.0,Low,1.0,5.0,4.0,333.0,271-365 days,3229.62,2768.12,173.01,16.0,Not Applicable,0.0
CUST-006781,0,Small Business,45.0,5.0,High,16.0,6.0,9.0,243.0,181-270 days,40425.17,34439.89,1076.25,32.0,Not Applicable,0.0
CUST-017746,1,Consumer,14.0,2.0,Low,3.0,3.0,1.0,297.0,271-365 days,3383.89,3227.99,119.56,27.0,Poor Customer Service,1291.196
CUST-033315,0,Small Business,42.0,1.0,Medium,10.0,13.0,3.0,293.0,271-365 days,1358.96,1566.57,34.81,45.0,Not Applicable,0.0
CUST-012672,0,Enterprise,14.0,3.0,Medium,9.0,13.0,8.0,343.0,271-365 days,38856.42,30594.92,665.11,46.0,Not Applicable,0.0
CUST-022618,0,Small Business,40.0,4.0,Low,12.0,2.0,4.0,200.0,181-270 days,41714.28,36219.05,953.13,38.0,Not Applicable,0.0
CUST-001457,0,Premium,55.0,3.0,Medium,13.0,5.0,6.0,245.0,181-270 days,42015.27,39278.4,1091.07,36.0,Not Applicable,0.0
CUST-039775,1,Small Business,19.0,2.0,High,16.0,18.0,0.0,32.0,31-60 days,37196.19,30388.66,844.13,36.0,Found Alternative,12155.464
CUST-024769,0,Consumer,30.0,1.0,Medium,1.0,5.0,1.0,11.0,0-30 days,38731.32,40482.33,0.0,0.0,Not Applicable,0.0
CUST-048741,0,Enterprise,35.0,5.0,Low,12.0,9.0,0.0,67.0,61-90 days,14497.54,12090.43,281.17,43.0,Not Applicable,0.0
CUST-038092,0,Premium,51.0,2.0,High,11.0,4.0,8.0,50.0,31-60 days,43996.32,35999.66,857.13,42.0,Not Applicable,0.0
CUST-009497,1,Consumer,58.0,2.0,High,13.0,4.0,5.0,39.0,31-60 days,36007.43,30374.1,619.88,49.0,No Longer Need Service,12149.64
CUST-007034,1,Consumer,28.0,3.0,Medium,13.0,0.0,8.0,116.0,91-180 days,29023.35,35319.15,981.09,36.0,Technical Issues,14127.660000000002
CUST-035737,1,Small Business,25.0,2.0,High,9.0,10.0,8.0,52.0,31-60 days,36292.97,31509.76,1432.26,22.0,Account Issues,12603.904
CUST-040128,0,Small Business,11.0,4.0,Medium,10.0,7.0,6.0,199.0,181-270 days,1783.77,1796.85,199.65,9.0,Not Applicable,0.0
CUST-015005,1,Consumer,6.0,1.0,Medium,19.0,8.0,3.0,115.0,91-180 days,21777.09,18082.11,951.69,19.0,Found Alternative,7232.844000000001
CUST-028444,1,Enterprise,1.0,3.0,High,8.0,2.0,8.0,32.0,31-60 days,41962.12,46046.9,1438.97,32.0,Unhappy with Return Policy,18418.76
CUST-040828,1,Premium,26.0,5.0,Low,7.0,0.0,9.0,35.0,31-60 days,29339.77,31438.56,2095.9,15.0,Poor Product Quality,12575.424
CUST-049224,0,Premium,1.0,1.0,Medium,10.0,0.0,1.0,245.0,181-270 days,2416.45,2142.87,107.14,20.0,Not Applicable,0.0
CUST-008204,1,Small Business,52.0,5.0,Medium,2.0,1.0,8.0,32.0,31-60 days,16266.56,12690.5,1057.54,12.0,Low Product Variety,5076.200000000002
CUST-011161,1,Enterprise,12.0,1.0,Low,3.0,0.0,6.0,78.0,61-90 days,52168.46,44368.18,2773.01,16.0,Better Price Elsewhere,17747.272
CUST-039910,0,Consumer,34.0,2.0,High,8.0,9.0,0.0,25.0,0-30 days,22365.79,23633.83,762.38,31.0,Not Applicable,0.0
CUST-006716,1,Consumer,43.0,1.0,Medium,16.0,19.0,9.0,352.0,271-365 days,36036.84,29778.06,1751.65,17.0,Better Price Elsewhere,11911.224000000002
CUST-023888,1,Consumer,35.0,3.0,High,3.0,0.0,1.0,18.0,0-30 days,23061.92,24902.48,1037.6,24.0,Other,9960.992
CUST-030196,1,Consumer,40.0,4.0,Low,13.0,0.0,6.0,332.0,271-365 days,22932.7,27066.31,9022.1,3.0,Payment Problems,10826.524
CUST-004419,1,Consumer,43.0,1.0,Medium,3.0,1.0,7.0,84.0,61-90 days,32241.83,29209.54,2920.95,10.0,Poor Customer Service,11683.816
CUST-040924,0,Premium,50.0,1.0,High,3.0,6.0,8.0,8.0,0-30 days,28415.72,29403.85,3675.48,8.0,Not Applicable,0.0
CUST-033286,0,Consumer,55.0,2.0,High,13.0,13.0,2.0,45.0,31-60 days,3723.18,3640.93,227.56,16.0,Not Applicable,0.0
CUST-000733,0,Consumer,31.0,5.0,Low,5.0,0.0,4.0,277.0,271-365 days,26888.25,28361.45,914.89,31.0,Not Applicable,0.0
CUST-031026,1,Small Business,37.0,1.0,Low,0.0,0.0,4.0,74.0,61-90 days,12892.39,13859.21,461.97,30.0,Poor Customer Service,5543.684
CUST-036221,0,Premium,53.0,3.0,Low,11.0,8.0,4.0,88.0,61-90 days,46740.07,38388.87,7677.77,5.0,Not Applicable,0.0
CUST-002061,0,Consumer,25.0,3.0,Medium,5.0,6.0,7.0,249.0,181-270 days,16344.15,15853.57,1056.9,15.0,Not Applicable,0.0
CUST-005429,0,Enterprise,17.0,4.0,Low,6.0,4.0,1.0,51.0,31-60 days,42938.23,35668.55,914.58,39.0,Not Applicable,0.0
CUST-041103,0,Consumer,47.0,4.0,Medium,10.0,2.0,9.0,120.0,91-180 days,46190.89,39154.02,1263.03,31.0,Not Applicable,0.0
CUST-030701,1,Small Business,47.0,1.0,High,14.0,4.0,3.0,31.0,31-60 days,47142.5,40820.23,10205.06,4.0,Account Issues,16328.092000000002
CUST-036915,0,Premium,46.0,3.0,High,7.0,5.0,0.0,15.0,0-30 days,26718.95,25881.78,808.81,32.0,Not Applicable,0.0
CUST-004316,0,Small Business,31.0,5.0,High,6.0,5.0,9.0,3.0,0-30 days,2291.52,2816.09,90.84,31.0,Not Applicable,0.0
CUST-038655,0,Premium,47.0,5.0,High,15.0,15.0,0.0,205.0,181-270 days,11805.74,13598.72,1699.84,8.0,Not Applicable,0.0
CUST-007150,1,Consumer,24.0,1.0,Medium,13.0,8.0,6.0,155.0,91-180 days,28098.07,24299.77,1735.7,14.0,Found Alternative,9719.908000000001
CUST-002252,0,Premium,54.0,5.0,Medium,0.0,2.0,9.0,51.0,31-60 days,11111.66,11268.82,1024.44,11.0,Not Applicable,0.0
CUST-009042,0,Premium,52.0,1.0,Medium,18.0,22.0,6.0,51.0,31-60 days,2565.72,2595.5,99.83,26.0,Not Applicable,0.0
CUST-006865,1,Premium,25.0,2.0,Medium,11.0,8.0,7.0,154.0,91-180 days,1620.84,1469.19,47.39,31.0,Payment Problems,587.6759999999998
CUST-000378,0,Small Business,8.0,3.0,Low,7.0,6.0,3.0,231.0,181-270 days,21340.22,20271.68,563.1,36.0,Not Applicable,0.0
CUST-030067,1,Premium,52.0,4.0,Low,12.0,7.0,2.0,68.0,61-90 days,24274.27,26173.47,6543.37,4.0,Poor Customer Service,10469.388
CUST-032969,0,Small Business,41.0,1.0,Low,1.0,1.0,9.0,17.0,0-30 days,19655.42,20541.24,821.65,25.0,Not Applicable,0.0
CUST-009713,1,Consumer,36.0,2.0,Low,15.0,14.0,4.0,162.0,91-180 days,47553.82,39344.97,4918.12,8.0,Poor Customer Service,15737.988000000001
CUST-025198,1,Premium,50.0,1.0,High,12.0,8.0,6.0,31.0,31-60 days,3709.53,3241.47,1080.49,3.0,Shipping Issues,1296.588
CUST-042653,0,Small Business,4.0,5.0,Medium,3.0,2.0,7.0,50.0,31-60 days,8597.6,7310.35,430.02,17.0,Not Applicable,0.0
CUST-006964,0,Enterprise,33.0,5.0,Medium,4.0,4.0,7.0,356.0,271-365 days,50051.6,46076.32,2710.37,17.0,Not Applicable,0.0
CUST-042478,0,Premium,13.0,2.0,Medium,16.0,0.0,7.0,230.0,181-270 days,4851.84,5652.54,353.28,16.0,Not Applicable,0.0
CUST-025042,1,Small Business,21.0,4.0,Medium,7.0,6.0,5.0,72.0,61-90 days,28652.86,28798.83,993.06,29.0,Payment Problems,11519.532
CUST-043866,0,Premium,30.0,2.0,Medium,9.0,6.0,1.0,61.0,61-90 days,53940.55,45414.25,1974.53,23.0,Not Applicable,0.0
CUST-034417,0,Premium,46.0,1.0,High,13.0,10.0,1.0,88.0,61-90 days,46117.14,47786.6,47786.6,1.0,Not Applicable,0.0
CUST-034952,1,Small Business,28.0,3.0,Medium,12.0,10.0,8.0,84.0,61-90 days,19350.94,21526.39,5381.6,4.0,Poor Product Quality,8610.556
CUST-012295,0,Consumer,30.0,2.0,Low,0.0,4.0,8.0,229.0,181-270 days,28867.08,28975.11,965.84,30.0,Not Applicable,0.0
CUST-002697,0,Consumer,12.0,4.0,Low,0.0,3.0,7.0,19.0,0-30 days,16025.27,12355.46,325.14,38.0,Not Applicable,0.0
CUST-042536,0,Enterprise,29.0,2.0,Low,11.0,14.0,0.0,25.0,0-30 days,34120.97,27369.86,3909.98,7.0,Not Applicable,0.0
CUST-026061,1,Consumer,22.0,1.0,High,19.0,11.0,7.0,313.0,271-365 days,43055.63,33168.92,789.74,42.0,Poor Customer Service,13267.568
CUST-002782,1,Enterprise,20.0,1.0,Low,14.0,3.0,8.0,251.0,181-270 days,32063.76,31306.59,7826.65,4.0,Poor Customer Service,12522.636
CUST-006341,0,Consumer,12.0,3.0,Medium,5.0,3.0,2.0,250.0,181-270 days,49103.35,38030.78,1000.81,38.0,Not Applicable,0.0
CUST-045816,0,Consumer,4.0,4.0,Medium,2.0,3.0,9.0,260.0,181-270 days,38419.3,43356.06,1032.29,42.0,Not Applicable,0.0
CUST-038905,0,Consumer,56.0,4.0,High,17.0,2.0,0.0,78.0,61-90 days,17057.06,21174.12,622.77,34.0,Not Applicable,0.0
CUST-018432,1,Consumer,7.0,4.0,Medium,18.0,8.0,6.0,12.0,0-30 days,40422.97,45197.92,9039.58,5.0,Payment Problems,18079.168
CUST-010491,0,Premium,17.0,5.0,High,17.0,15.0,7.0,54.0,31-60 days,25961.16,21001.58,477.31,44.0,Not Applicable,0.0
CUST-017962,1,Small Business,29.0,5.0,Low,2.0,6.0,2.0,332.0,271-365 days,38010.73,36108.07,1003.0,36.0,Better Price Elsewhere,14443.228000000001
CUST-028461,0,Premium,15.0,1.0,Medium,10.0,4.0,5.0,322.0,271-365 days,23142.12,20188.75,672.96,30.0,Not Applicable,0.0
CUST-022166,0,Small Business,40.0,3.0,High,10.0,2.0,7.0,224.0,181-270 days,2896.1,3177.79,1059.26,3.0,Not Applicable,0.0
CUST-005411,0,Premium,45.0,5.0,Medium,17.0,12.0,7.0,194.0,181-270 days,29813.42,33930.5,2827.54,12.0,Not Applicable,0.0
CUST-008995,1,Consumer,43.0,3.0,Low,19.0,22.0,2.0,279.0,271-365 days,11782.94,11304.99,1413.12,8.0,Found Alternative,4521.996
CUST-015873,0,Small Business,30.0,4.0,Medium,4.0,0.0,0.0,27.0,0-30 days,37530.15,32598.63,2173.24,15.0,Not Applicable,0.0
CUST-044084,1,Consumer,46.0,3.0,Low,6.0,0.0,1.0,132.0,91-180 days,18871.15,15696.24,413.06,38.0,Too Expensive,6278.496
CUST-033591,1,Premium,19.0,2.0,Medium,19.0,17.0,9.0,54.0,31-60 days,41900.97,35465.73,11821.91,3.0,Found Alternative,14186.292
CUST-030037,0,Consumer,52.0,4.0,Low,8.0,6.0,9.0,10.0,0-30 days,50847.29,45879.93,5734.99,8.0,Not Applicable,0.0
CUST-003046,0,Small Business,9.0,2.0,High,4.0,3.0,2.0,103.0,91-180 days,7098.99,8518.68,1703.74,5.0,Not Applicable,0.0
CUST-046475,0,Consumer,28.0,3.0,Medium,6.0,4.0,7.0,17.0,0-30 days,8440.8,8409.3,191.12,44.0,Not Applicable,0.0
CUST-034252,0,Consumer,53.0,3.0,Medium,0.0,4.0,6.0,29.0,0-30 days,57247.64,49225.07,4475.01,11.0,Not Applicable,0.0
CUST-044344,0,Small Business,32.0,1.0,Medium,16.0,9.0,7.0,83.0,61-90 days,40870.58,46785.54,1199.63,39.0,Not Applicable,0.0
CUST-020208,0,Consumer,18.0,2.0,High,7.0,2.0,6.0,45.0,31-60 days,29375.3,26806.67,924.37,29.0,Not Applicable,0.0
CUST-043344,0,Consumer,28.0,3.0,Medium,1.0,2.0,5.0,158.0,91-180 days,42660.94,34101.77,1263.03,27.0,Not Applicable,0.0
CUST-021581,1,Consumer,59.0,2.0,High,4.0,2.0,5.0,342.0,271-365 days,35601.35,38274.6,1530.98,25.0,Poor Product Quality,15309.84
CUST-045038,1,Enterprise,3.0,3.0,Medium,13.0,9.0,7.0,84.0,61-90 days,28519.13,35159.45,5859.91,6.0,Payment Problems,14063.78
CUST-033104,1,Premium,14.0,2.0,Low,13.0,17.0,4.0,297.0,271-365 days,46572.1,46218.38,1711.79,27.0,Poor Customer Service,18487.352
CUST-015684,1,Premium,29.0,2.0,Medium,9.0,13.0,2.0,92.0,91-180 days,41694.67,40136.62,1605.46,25.0,Better Price Elsewhere,16054.648000000001
CUST-017739,1,Small Business,20.0,5.0,Low,11.0,15.0,8.0,57.0,31-60 days,9700.06,10054.35,386.71,26.0,Technical Issues,4021.74
CUST-012066,0,Enterprise,38.0,3.0,Low,0.0,2.0,1.0,5.0,0-30 days,45486.1,42115.37,2005.49,21.0,Not Applicable,0.0
CUST-031891,1,Consumer,40.0,1.0,Low,15.0,7.0,6.0,16.0,0-30 days,43176.7,33529.01,762.02,44.0,No Longer Need Service,13411.604
CUST-003731,0,Small Business,31.0,4.0,Medium,16.0,10.0,4.0,43.0,31-60 days,39341.95,45367.79,2668.69,17.0,Not Applicable,0.0
CUST-044331,0,Small Business,22.0,5.0,Medium,10.0,6.0,2.0,57.0,31-60 days,8302.14,9242.43,660.17,14.0,Not Applicable,0.0
CUST-009310,1,Consumer,6.0,2.0,Medium,14.0,11.0,9.0,48.0,31-60 days,29003.88,31624.56,1054.15,30.0,Found Alternative,12649.824
CUST-035312,0,Consumer,5.0,5.0,High,13.0,16.0,3.0,33.0,31-60 days,58484.14,45610.28,1628.94,28.0,Not Applicable,0.0
CUST-023083,1,Consumer,12.0,3.0,High,4.0,5.0,7.0,333.0,271-365 days,24344.55,30310.17,1317.83,23.0,Found Alternative,12124.068
CUST-003919,0,Premium,28.0,1.0,High,16.0,4.0,3.0,87.0,61-90 days,29936.86,25867.56,834.44,31.0,Not Applicable,0.0
CUST-030819,1,Premium,18.0,1.0,Medium,13.0,8.0,6.0,72.0,61-90 days,14011.4,14349.21,797.18,18.0,Poor Customer Service,5739.684
CUST-013514,0,Premium,33.0,4.0,High,11.0,7.0,1.0,18.0,0-30 days,40179.54,32921.56,6584.31,5.0,Not Applicable,0.0
CUST-046455,1,Consumer,38.0,2.0,High,14.0,1.0,4.0,14.0,0-30 days,9005.25,7310.68,221.54,33.0,No Longer Need Service,2924.2720000000004
CUST-025026,1,Small Business,6.0,5.0,High,6.0,8.0,6.0,18.0,0-30 days,20060.82,20087.31,1339.15,15.0,Payment Problems,8034.924000000001
CUST-013641,1,Small Business,19.0,2.0,Low,12.0,10.0,7.0,48.0,31-60 days,17672.23,20714.24,545.11,38.0,Technical Issues,8285.696000000002
CUST-035055,1,Small Business,54.0,5.0,Medium,15.0,3.0,0.0,43.0,31-60 days,18889.22,19724.8,1160.28,17.0,Payment Problems,7889.92
CUST-037173,0,Small Business,29.0,3.0,Medium,3.0,5.0,2.0,65.0,61-90 days,13503.24,12898.12,4299.37,3.0,Not Applicable,0.0
CUST-017174,0,Enterprise,47.0,2.0,Medium,18.0,0.0,4.0,54.0,31-60 days,29148.74,35263.68,1469.32,24.0,Not Applicable,0.0
CUST-015497,1,Premium,6.0,1.0,Low,7.0,3.0,9.0,24.0,0-30 days,9080.55,7725.21,266.39,29.0,Poor Customer Service,3090.084000000001
CUST-044355,0,Consumer,10.0,4.0,High,10.0,14.0,4.0,92.0,91-180 days,17945.29,18965.75,2709.39,7.0,Not Applicable,0.0
CUST-013697,0,Consumer,10.0,3.0,Low,8.0,1.0,6.0,9.0,0-30 days,37245.06,45372.58,2520.7,18.0,Not Applicable,0.0
CUST-023042,0,Consumer,14.0,2.0,High,8.0,8.0,5.0,51.0,31-60 days,4715.4,4476.49,114.78,39.0,Not Applicable,0.0
CUST-006852,1,Small Business,25.0,1.0,Low,12.0,16.0,0.0,54.0,31-60 days,48746.32,49510.86,1500.33,33.0,Too Expensive,19804.344
CUST-018127,0,Premium,41.0,4.0,Low,7.0,7.0,9.0,83.0,61-90 days,32439.35,26850.35,789.72,34.0,Not Applicable,0.0
CUST-030340,1,Premium,32.0,2.0,Low,7.0,10.0,2.0,200.0,181-270 days,42411.13,39537.85,3294.82,12.0,Poor Product Quality,15815.14
CUST-020593,0,Premium,13.0,2.0,Medium,4.0,2.0,4.0,47.0,31-60 days,46054.18,42583.14,1013.88,42.0,Not Applicable,0.0
CUST-011475,0,Small Business,54.0,3.0,High,2.0,6.0,6.0,19.0,0-30 days,41611.45,46934.46,2040.63,23.0,Not Applicable,0.0
CUST-036793,1,Enterprise,22.0,2.0,Medium,12.0,4.0,3.0,215.0,181-270 days,4231.88,4765.75,0.0,0.0,Unhappy with Return Policy,1906.3
CUST-016815,0,Premium,43.0,4.0,Low,5.0,9.0,3.0,6.0,0-30 days,24127.16,20284.01,881.91,23.0,Not Applicable,0.0
CUST-046560,1,Consumer,46.0,1.0,High,11.0,8.0,0.0,14.0,0-30 days,5567.81,4915.31,153.6,32.0,Found Alternative,1966.1240000000007
CUST-021781,0,Consumer,59.0,3.0,Medium,16.0,4.0,7.0,78.0,61-90 days,50379.19,39855.29,847.98,47.0,Not Applicable,0.0
CUST-002820,1,Premium,40.0,2.0,High,15.0,10.0,6.0,30.0,0-30 days,38820.54,37415.37,796.07,47.0,Found Alternative,14966.148000000001
CUST-021048,0,Consumer,32.0,1.0,Medium,2.0,4.0,0.0,78.0,61-90 days,49924.61,41104.61,1957.36,21.0,Not Applicable,0.0
CUST-013353,1,Consumer,19.0,2.0,High,0.0,0.0,3.0,89.0,61-90 days,33670.21,38925.26,5560.75,7.0,Too Expensive,15570.104
CUST-011246,1,Consumer,8.0,5.0,Medium,18.0,20.0,6.0,64.0,61-90 days,55762.31,46904.03,23452.01,2.0,Shipping Issues,18761.612
CUST-040633,0,Consumer,20.0,5.0,Medium,16.0,6.0,6.0,74.0,61-90 days,15522.42,14193.25,2365.54,6.0,Not Applicable,0.0
CUST-047280,0,Consumer,8.0,1.0,Low,0.0,1.0,0.0,315.0,271-365 days,50534.76,40354.04,1754.52,23.0,Not Applicable,0.0
CUST-026556,1,Small Business,49.0,2.0,Medium,5.0,0.0,7.0,27.0,0-30 days,275.23,256.31,8.27,31.0,Technical Issues,102.524
CUST-006707,1,Enterprise,3.0,5.0,Low,18.0,18.0,7.0,57.0,31-60 days,12105.47,12618.98,1577.37,8.0,Poor Product Quality,5047.5920000000015
CUST-033112,1,Consumer,47.0,1.0,Medium,7.0,4.0,4.0,23.0,0-30 days,15606.15,14712.0,1131.69,13.0,Found Alternative,5884.8
CUST-033682,0,Consumer,1.0,3.0,Medium,3.0,5.0,5.0,84.0,61-90 days,30641.33,25619.1,1219.96,21.0,Not Applicable,0.0
CUST-041104,0,Consumer,58.0,4.0,High,12.0,14.0,3.0,74.0,61-90 days,28903.23,25586.97,1599.19,16.0,Not Applicable,0.0
CUST-000139,1,Enterprise,21.0,5.0,Low,2.0,5.0,5.0,62.0,61-90 days,36185.03,38401.89,960.05,40.0,Too Expensive,15360.756000000001
CUST-018501,0,Small Business,54.0,3.0,High,3.0,4.0,7.0,13.0,0-30 days,38872.61,32368.92,6473.78,5.0,Not Applicable,0.0
CUST-002873,0,Consumer,11.0,3.0,High,1.0,4.0,0.0,19.0,0-30 days,4976.79,6192.07,147.43,42.0,Not Applicable,0.0
CUST-021089,1,Premium,50.0,2.0,Low,9.0,8.0,4.0,89.0,61-90 days,30367.08,25851.41,1231.02,21.0,Too Expensive,10340.564
CUST-001633,0,Premium,2.0,1.0,Medium,0.0,4.0,2.0,74.0,61-90 days,50633.83,40728.08,1770.79,23.0,Not Applicable,0.0
CUST-004829,0,Consumer,12.0,5.0,Medium,16.0,17.0,2.0,5.0,0-30 days,14355.07,12612.45,900.89,14.0,Not Applicable,0.0
CUST-019785,0,Premium,19.0,5.0,Medium,5.0,7.0,4.0,101.0,91-180 days,14783.16,11982.91,363.12,33.0,Not Applicable,0.0
CUST-005432,1,Enterprise,25.0,2.0,High,6.0,6.0,1.0,126.0,91-180 days,36184.43,42659.35,7109.89,6.0,Better Price Elsewhere,17063.74
CUST-047383,0,Consumer,55.0,5.0,Medium,11.0,7.0,2.0,60.0,31-60 days,50729.5,39128.16,889.28,44.0,Not Applicable,0.0
CUST-014509,1,Small Business,6.0,2.0,High,15.0,4.0,1.0,73.0,61-90 days,19288.48,17278.57,959.92,18.0,Found Alternative,6911.428000000001
CUST-004618,0,Premium,4.0,5.0,High,17.0,14.0,0.0,76.0,61-90 days,52890.77,47883.46,1113.57,43.0,Not Applicable,0.0
CUST-040722,1,Consumer,51.0,1.0,Low,17.0,18.0,8.0,165.0,91-180 days,49192.81,42380.1,1210.86,35.0,Poor Customer Service,16952.04
CUST-036747,0,Premium,5.0,4.0,Medium,5.0,9.0,8.0,298.0,271-365 days,39029.92,46116.16,1124.78,41.0,Not Applicable,0.0
CUST-046275,0,Premium,3.0,1.0,Medium,12.0,5.0,0.0,13.0,0-30 days,21492.93,19224.93,915.47,21.0,Not Applicable,0.0
CUST-013227,0,Consumer,33.0,1.0,High,12.0,11.0,7.0,74.0,61-90 days,37856.39,38343.35,38343.35,1.0,Not Applicable,0.0
CUST-018797,1,Premium,57.0,2.0,Low,12.0,5.0,2.0,81.0,61-90 days,17746.92,14271.95,1585.77,9.0,Poor Customer Service,5708.7800000000025
CUST-006407,1,Consumer,1.0,1.0,Low,1.0,0.0,0.0,270.0,181-270 days,49882.73,47234.4,1004.99,47.0,Too Expensive,18893.76
CUST-000270,0,Enterprise,15.0,1.0,High,14.0,14.0,5.0,67.0,61-90 days,9980.5,8156.52,1359.42,6.0,Not Applicable,0.0
CUST-031970,0,Premium,28.0,4.0,Low,4.0,2.0,2.0,350.0,271-365 days,36143.8,33490.79,956.88,35.0,Not Applicable,0.0
CUST-009147,1,Consumer,46.0,1.0,Low,7.0,10.0,4.0,78.0,61-90 days,41194.09,42685.3,3880.48,11.0,Low Product Variety,17074.120000000006
CUST-016940,1,Small Business,38.0,2.0,Medium,11.0,14.0,7.0,26.0,0-30 days,42040.61,45822.57,3273.04,14.0,Found Alternative,18329.028000000002
CUST-003515,0,Consumer,39.0,2.0,Low,0.0,1.0,1.0,68.0,61-90 days,46726.35,49161.63,2731.2,18.0,Not Applicable,0.0
CUST-023054,1,Small Business,19.0,5.0,Low,19.0,4.0,9.0,266.0,181-270 days,11353.63,10937.77,3645.92,3.0,Found Alternative,4375.108
CUST-044960,1,Consumer,58.0,1.0,Medium,4.0,6.0,4.0,51.0,31-60 days,14061.61,12052.17,6026.09,2.0,Better Price Elsewhere,4820.868
CUST-040834,1,Consumer,51.0,2.0,Medium,9.0,4.0,8.0,5.0,0-30 days,20684.86,19170.45,580.92,33.0,Better Price Elsewhere,7668.18
CUST-043295,0,Enterprise,58.0,5.0,Low,5.0,4.0,3.0,29.0,0-30 days,49258.3,48401.59,3025.1,16.0,Not Applicable,0.0
CUST-021277,1,Consumer,37.0,5.0,Low,0.0,2.0,0.0,84.0,61-90 days,6102.8,6542.49,297.39,22.0,Low Product Variety,2616.996
CUST-048951,1,Consumer,19.0,2.0,Low,0.0,3.0,4.0,44.0,31-60 days,42220.12,38482.43,3498.4,11.0,Found Alternative,15392.972000000002
CUST-047081,0,Small Business,40.0,2.0,High,3.0,3.0,8.0,27.0,0-30 days,27640.02,24827.07,8275.69,3.0,Not Applicable,0.0
CUST-041168,0,Premium,34.0,2.0,High,18.0,15.0,1.0,88.0,61-90 days,21239.39,20436.24,567.67,36.0,Not Applicable,0.0
CUST-021932,0,Consumer,23.0,4.0,Low,19.0,9.0,5.0,290.0,271-365 days,23373.28,20737.27,2592.16,8.0,Not Applicable,0.0
CUST-044082,1,Small Business,37.0,2.0,High,2.0,2.0,8.0,332.0,271-365 days,18231.24,15258.19,544.94,28.0,Poor Product Quality,6103.276000000003
CUST-036831,0,Consumer,1.0,4.0,Medium,2.0,1.0,4.0,186.0,181-270 days,10458.07,12157.1,450.26,27.0,Not Applicable,0.0
CUST-005176,0,Consumer,14.0,3.0,High,18.0,22.0,7.0,272.0,271-365 days,31991.7,33204.37,3320.44,10.0,Not Applicable,0.0
CUST-015690,0,Premium,55.0,5.0,Low,4.0,4.0,2.0,169.0,91-180 days,29211.26,33380.5,681.23,49.0,Not Applicable,0.0
CUST-014259,1,Enterprise,56.0,2.0,Medium,17.0,16.0,8.0,52.0,31-60 days,38583.41,38590.12,1378.22,28.0,Better Price Elsewhere,15436.048000000004
CUST-001147,1,Small Business,14.0,1.0,Medium,19.0,7.0,6.0,83.0,61-90 days,8711.93,8892.87,468.05,19.0,Poor Customer Service,3557.148000000001
CUST-036464,0,Consumer,9.0,3.0,High,9.0,1.0,1.0,92.0,91-180 days,33962.85,30465.11,1015.5,30.0,Not Applicable,0.0
CUST-007721,0,Consumer,51.0,3.0,High,10.0,8.0,9.0,68.0,61-90 days,54146.35,41659.02,3471.58,12.0,Not Applicable,0.0
CUST-013027,0,Enterprise,46.0,4.0,Low,1.0,2.0,7.0,62.0,61-90 days,32184.47,28967.3,742.75,39.0,Not Applicable,0.0
CUST-007085,0,Enterprise,54.0,3.0,High,15.0,15.0,7.0,50.0,31-60 days,3605.67,4465.32,744.22,6.0,Not Applicable,0.0
CUST-021693,0,Premium,35.0,3.0,High,3.0,2.0,5.0,7.0,0-30 days,27647.48,34451.52,1722.58,20.0,Not Applicable,0.0
CUST-000789,0,Enterprise,40.0,3.0,High,5.0,6.0,0.0,312.0,271-365 days,14409.69,13050.97,0.0,0.0,Not Applicable,0.0
CUST-026054,1,Small Business,10.0,1.0,Low,14.0,13.0,6.0,222.0,181-270 days,17263.52,14020.26,0.0,0.0,Better Price Elsewhere,5608.104
CUST-036044,1,Small Business,13.0,2.0,Low,2.0,0.0,2.0,54.0,31-60 days,19839.96,22072.49,1226.25,18.0,No Longer Need Service,8828.996000000001
CUST-037843,0,Small Business,52.0,4.0,Low,15.0,13.0,3.0,57.0,31-60 days,12930.29,12869.14,415.13,31.0,Not Applicable,0.0
CUST-019104,0,Consumer,15.0,5.0,Medium,9.0,7.0,0.0,19.0,0-30 days,42713.49,41038.61,873.16,47.0,Not Applicable,0.0
CUST-027305,1,Small Business,39.0,4.0,High,7.0,1.0,1.0,232.0,181-270 days,28276.47,31784.56,1059.49,30.0,No Longer Need Service,12713.824
CUST-043680,0,Premium,12.0,5.0,Low,4.0,2.0,1.0,76.0,61-90 days,45472.8,48595.42,3037.21,16.0,Not Applicable,0.0
CUST-003030,0,Consumer,42.0,4.0,Medium,0.0,4.0,7.0,22.0,0-30 days,56689.7,47379.55,987.07,48.0,Not Applicable,0.0
CUST-042705,0,Premium,47.0,4.0,High,19.0,11.0,2.0,313.0,271-365 days,27461.87,29704.22,781.69,38.0,Not Applicable,0.0
CUST-028634,0,Enterprise,28.0,3.0,High,14.0,9.0,6.0,32.0,31-60 days,17380.78,16235.78,1803.98,9.0,Not Applicable,0.0
CUST-042274,0,Consumer,35.0,5.0,High,1.0,2.0,9.0,6.0,0-30 days,26147.91,26915.19,1495.29,18.0,Not Applicable,0.0
CUST-018815,0,Premium,19.0,3.0,High,4.0,0.0,5.0,11.0,0-30 days,19552.78,16062.71,573.67,28.0,Not Applicable,0.0
CUST-034658,0,Small Business,47.0,3.0,Low,11.0,1.0,2.0,43.0,31-60 days,36895.53,29313.2,916.04,32.0,Not Applicable,0.0
CUST-003405,0,Consumer,20.0,4.0,High,16.0,2.0,3.0,28.0,0-30 days,45405.2,41130.39,1082.38,38.0,Not Applicable,0.0
CUST-010200,0,Consumer,6.0,5.0,High,11.0,7.0,9.0,62.0,61-90 days,881.32,887.73,40.35,22.0,Not Applicable,0.0
CUST-024591,0,Small Business,3.0,4.0,High,4.0,3.0,0.0,63.0,61-90 days,14398.3,16886.73,1407.23,12.0,Not Applicable,0.0
CUST-009384,1,Consumer,37.0,2.0,Low,14.0,14.0,1.0,24.0,0-30 days,7417.06,6495.28,590.48,11.0,Found Alternative,2598.112
CUST-002660,1,Consumer,42.0,5.0,High,18.0,0.0,8.0,105.0,91-180 days,6715.42,5492.0,323.06,17.0,Payment Problems,2196.8
CUST-021258,1,Small Business,11.0,4.0,High,14.0,13.0,0.0,55.0,31-60 days,7280.68,7823.97,1564.79,5.0,Shipping Issues,3129.588
CUST-011611,1,Consumer,31.0,5.0,Low,17.0,11.0,3.0,12.0,0-30 days,37196.03,29819.4,608.56,49.0,Technical Issues,11927.760000000002
CUST-018411,1,Consumer,1.0,4.0,Low,9.0,3.0,9.0,30.0,0-30 days,16780.99,19615.96,560.46,35.0,Shipping Issues,7846.384
CUST-013321,0,Premium,30.0,1.0,Medium,12.0,9.0,7.0,61.0,61-90 days,27588.88,28677.3,843.45,34.0,Not Applicable,0.0
CUST-021268,1,Premium,19.0,3.0,Medium,17.0,3.0,4.0,335.0,271-365 days,5690.67,5321.85,409.37,13.0,Too Expensive,2128.74
CUST-039118,0,Premium,35.0,2.0,Medium,4.0,3.0,5.0,60.0,31-60 days,6678.1,7963.97,221.22,36.0,Not Applicable,0.0
CUST-033238,0,Enterprise,54.0,5.0,Medium,19.0,9.0,1.0,79.0,61-90 days,13999.03,11100.58,411.13,27.0,Not Applicable,0.0
CUST-048575,0,Small Business,19.0,5.0,Low,3.0,7.0,2.0,53.0,31-60 days,13183.1,12054.67,1205.47,10.0,Not Applicable,0.0
CUST-014547,1,Consumer,50.0,1.0,High,6.0,7.0,9.0,122.0,91-180 days,19922.38,19436.51,747.56,26.0,Poor Customer Service,7774.6039999999975
CUST-027868,0,Enterprise,50.0,2.0,Medium,3.0,0.0,4.0,125.0,91-180 days,57525.36,49681.05,1273.87,39.0,Not Applicable,0.0
CUST-028709,1,Small Business,57.0,3.0,Medium,5.0,9.0,7.0,203.0,181-270 days,38921.05,30554.49,694.42,44.0,Poor Customer Service,12221.796000000002
CUST-007686,1,Consumer,15.0,4.0,Medium,16.0,6.0,6.0,259.0,181-270 days,43036.79,44763.25,2984.22,15.0,Poor Customer Service,17905.3
CUST-020088,0,Consumer,6.0,5.0,High,15.0,9.0,6.0,75.0,61-90 days,12789.72,10704.88,369.13,29.0,Not Applicable,0.0
CUST-037514,0,Enterprise,50.0,5.0,High,2.0,0.0,3.0,163.0,91-180 days,44354.53,43753.02,994.39,44.0,Not Applicable,0.0
CUST-015901,0,Premium,50.0,2.0,High,17.0,17.0,5.0,30.0,0-30 days,5555.97,6761.24,307.33,22.0,Not Applicable,0.0
CUST-027183,1,Premium,54.0,3.0,Medium,15.0,13.0,4.0,86.0,61-90 days,62578.45,48287.78,48287.78,1.0,No Longer Need Service,19315.112
CUST-000370,0,Premium,6.0,2.0,Medium,13.0,6.0,4.0,5.0,0-30 days,13926.87,17109.45,712.89,24.0,Not Applicable,0.0
CUST-022962,0,Consumer,53.0,3.0,Low,17.0,8.0,4.0,10.0,0-30 days,44594.42,44132.77,900.67,49.0,Not Applicable,0.0
CUST-044371,1,Small Business,49.0,2.0,Low,8.0,9.0,7.0,72.0,61-90 days,14044.33,12581.62,393.18,32.0,No Longer Need Service,5032.648000000001
CUST-049107,0,Enterprise,26.0,4.0,High,5.0,5.0,8.0,252.0,181-270 days,19269.94,17762.5,467.43,38.0,Not Applicable,0.0
CUST-005205,0,Consumer,21.0,4.0,Medium,13.0,13.0,4.0,58.0,31-60 days,442.2,550.11,68.76,8.0,Not Applicable,0.0
CUST-009852,1,Small Business,8.0,1.0,Medium,19.0,22.0,7.0,83.0,61-90 days,33480.62,35365.53,884.14,40.0,Poor Customer Service,14146.212
CUST-004747,1,Premium,22.0,5.0,Low,3.0,3.0,2.0,86.0,61-90 days,50154.72,40938.99,1137.19,36.0,Shipping Issues,16375.596
CUST-029697,1,Consumer,55.0,3.0,Low,18.0,4.0,4.0,10.0,0-30 days,33279.76,27548.46,5509.69,5.0,Technical Issues,11019.383999999998
CUST-006153,1,Consumer,41.0,2.0,Low,7.0,7.0,8.0,99.0,91-180 days,16034.67,12782.54,798.91,16.0,No Longer Need Service,5113.016000000001
CUST-045527,0,Consumer,59.0,3.0,Medium,1.0,2.0,3.0,55.0,31-60 days,32573.66,26922.34,572.82,47.0,Not Applicable,0.0
CUST-010683,0,Premium,15.0,3.0,Medium,8.0,5.0,1.0,81.0,61-90 days,38291.51,43299.4,0.0,0.0,Not Applicable,0.0
CUST-049614,0,Premium,16.0,3.0,Medium,0.0,1.0,9.0,57.0,31-60 days,27913.63,24696.98,2058.08,12.0,Not Applicable,0.0
CUST-003070,0,Small Business,55.0,1.0,High,2.0,0.0,7.0,14.0,0-30 days,13722.8,14555.78,3638.95,4.0,Not Applicable,0.0
CUST-003513,1,Consumer,6.0,5.0,Low,9.0,10.0,0.0,227.0,181-270 days,4093.54,4476.92,109.19,41.0,Payment Problems,1790.7679999999998
CUST-030431,0,Premium,55.0,5.0,High,3.0,0.0,0.0,58.0,31-60 days,46696.12,43350.32,2167.52,20.0,Not Applicable,0.0
CUST-046623,0,Consumer,36.0,2.0,High,4.0,3.0,3.0,45.0,31-60 days,37280.55,41548.72,966.25,43.0,Not Applicable,0.0
CUST-014645,1,Consumer,19.0,1.0,Medium,19.0,5.0,5.0,89.0,61-90 days,17735.81,16184.25,359.65,45.0,Better Price Elsewhere,6473.700000000003
CUST-017958,0,Consumer,42.0,3.0,Low,5.0,4.0,9.0,28.0,0-30 days,27157.19,25340.52,589.31,43.0,Not Applicable,0.0
CUST-018561,0,Enterprise,4.0,1.0,High,4.0,3.0,3.0,55.0,31-60 days,53520.72,46753.2,1198.8,39.0,Not Applicable,0.0
CUST-038809,1,Consumer,12.0,3.0,High,18.0,22.0,6.0,10.0,0-30 days,28958.39,29370.06,1223.75,24.0,Poor Product Quality,11748.024
CUST-022099,0,Small Business,36.0,3.0,Low,2.0,4.0,3.0,83.0,61-90 days,43325.15,43403.07,4340.31,10.0,Not Applicable,0.0
CUST-031845,0,Consumer,28.0,5.0,Medium,2.0,1.0,5.0,50.0,31-60 days,36423.93,36169.36,9042.34,4.0,Not Applicable,0.0
CUST-016144,1,Consumer,15.0,5.0,High,14.0,13.0,7.0,76.0,61-90 days,25450.37,26710.84,3338.86,8.0,Payment Problems,10684.336000000001
CUST-005378,1,Consumer,27.0,1.0,Low,3.0,0.0,4.0,172.0,91-180 days,731.51,701.31,233.77,3.0,Too Expensive,280.524
CUST-024084,1,Premium,14.0,3.0,Low,18.0,16.0,3.0,30.0,0-30 days,12737.86,13432.0,463.17,29.0,Too Expensive,5372.8
CUST-005187,1,Premium,43.0,1.0,Medium,18.0,14.0,1.0,221.0,181-270 days,21929.67,16902.42,1207.32,14.0,Poor Customer Service,6760.968000000002
CUST-030130,0,Consumer,37.0,5.0,Medium,11.0,11.0,9.0,214.0,181-270 days,31426.62,30296.61,1122.1,27.0,Not Applicable,0.0
CUST-023630,0,Consumer,32.0,1.0,High,12.0,7.0,4.0,7.0,0-30 days,31062.92,29878.69,622.47,48.0,Not Applicable,0.0
CUST-028978,1,Small Business,4.0,2.0,Low,13.0,12.0,0.0,30.0,0-30 days,18685.23,14580.44,455.64,32.0,Poor Product Quality,5832.176
CUST-036255,0,Consumer,6.0,4.0,Medium,3.0,6.0,5.0,36.0,31-60 days,41982.4,41041.09,10260.27,4.0,Not Applicable,0.0
CUST-043576,0,Premium,3.0,3.0,High,3.0,7.0,2.0,88.0,61-90 days,16544.66,18700.25,0.0,0.0,Not Applicable,0.0
CUST-030223,0,Premium,38.0,3.0,High,13.0,6.0,3.0,62.0,61-90 days,26466.52,31446.45,5241.07,6.0,Not Applicable,0.0
CUST-005486,0,Premium,58.0,5.0,High,4.0,7.0,7.0,58.0,31-60 days,50431.77,39511.54,918.87,43.0,Not Applicable,0.0
CUST-042999,0,Consumer,19.0,4.0,Medium,19.0,17.0,7.0,21.0,0-30 days,5767.01,4522.29,145.88,31.0,Not Applicable,0.0
CUST-014869,1,Small Business,37.0,4.0,Medium,17.0,4.0,3.0,127.0,91-180 days,37775.11,36263.8,1007.33,36.0,Technical Issues,14505.520000000002
CUST-007565,1,Consumer,40.0,3.0,Low,2.0,3.0,6.0,71.0,61-90 days,39815.68,38878.76,38878.76,1.0,Too Expensive,15551.504
CUST-022045,1,Consumer,42.0,1.0,High,17.0,13.0,8.0,51.0,31-60 days,17554.43,15644.06,539.45,29.0,Shipping Issues,6257.624
CUST-038892,0,Small Business,36.0,1.0,Low,0.0,3.0,0.0,46.0,31-60 days,28555.22,25199.59,3599.94,7.0,Not Applicable,0.0
CUST-020308,1,Consumer,40.0,1.0,Low,19.0,4.0,9.0,196.0,181-270 days,12261.32,9623.73,4811.86,2.0,Better Price Elsewhere,3849.492
CUST-040840,0,Consumer,33.0,3.0,High,0.0,3.0,3.0,54.0,31-60 days,16009.08,14340.31,551.55,26.0,Not Applicable,0.0
CUST-015921,1,Premium,16.0,3.0,Low,12.0,3.0,4.0,47.0,31-60 days,18822.11,19273.37,602.29,32.0,Poor Customer Service,7709.348000000001
CUST-030345,1,Consumer,24.0,2.0,Low,17.0,17.0,4.0,31.0,31-60 days,26501.74,32621.02,1208.19,27.0,Too Expensive,13048.408000000001
CUST-036421,1,Small Business,10.0,2.0,Medium,9.0,8.0,8.0,347.0,271-365 days,32408.21,35490.24,5915.04,6.0,Payment Problems,14196.096
CUST-010506,1,Enterprise,36.0,2.0,Medium,0.0,3.0,1.0,343.0,271-365 days,6895.84,7682.7,213.41,36.0,Poor Customer Service,3073.08
CUST-027072,0,Consumer,55.0,3.0,Medium,19.0,6.0,5.0,64.0,61-90 days,53035.87,47324.31,3640.33,13.0,Not Applicable,0.0
CUST-003017,0,Consumer,40.0,3.0,Medium,16.0,6.0,6.0,95.0,91-180 days,46749.01,41907.31,1822.06,23.0,Not Applicable,0.0
CUST-018930,0,Premium,48.0,2.0,High,16.0,13.0,9.0,25.0,0-30 days,1106.43,974.17,19.88,49.0,Not Applicable,0.0
CUST-029464,1,Premium,22.0,4.0,Low,8.0,12.0,3.0,219.0,181-270 days,35134.95,36244.27,1342.38,27.0,Technical Issues,14497.708
CUST-049043,1,Small Business,45.0,5.0,Low,4.0,1.0,3.0,88.0,61-90 days,17188.69,19874.72,1419.62,14.0,Too Expensive,7949.888000000001
CUST-008203,1,Small Business,42.0,4.0,Medium,13.0,17.0,2.0,18.0,0-30 days,26718.08,26963.89,869.8,31.0,Poor Product Quality,10785.556
CUST-029629,0,Premium,6.0,3.0,Low,7.0,3.0,3.0,277.0,271-365 days,26434.31,25184.88,839.5,30.0,Not Applicable,0.0
CUST-011196,1,Small Business,9.0,3.0,Low,9.0,3.0,9.0,361.0,271-365 days,40546.57,31697.52,960.53,33.0,Account Issues,12679.008000000002
CUST-040271,0,Consumer,33.0,1.0,Medium,2.0,3.0,0.0,3.0,0-30 days,37647.95,31442.6,1497.27,21.0,Not Applicable,0.0
CUST-025073,0,Premium,32.0,5.0,Low,12.0,3.0,0.0,87.0,61-90 days,34578.18,40929.61,2923.54,14.0,Not Applicable,0.0
CUST-035069,0,Consumer,48.0,3.0,Low,13.0,5.0,3.0,20.0,0-30 days,37796.0,38696.07,1682.44,23.0,Not Applicable,0.0
CUST-041886,1,Premium,47.0,4.0,High,12.0,6.0,6.0,178.0,91-180 days,14875.32,17682.21,1964.69,9.0,Shipping Issues,7072.884
CUST-011412,0,Small Business,14.0,4.0,High,13.0,0.0,4.0,64.0,61-90 days,46589.05,43363.13,1204.53,36.0,Not Applicable,0.0
CUST-014061,0,Small Business,36.0,2.0,Medium,2.0,4.0,7.0,106.0,91-180 days,4983.28,4626.93,121.76,38.0,Not Applicable,0.0
CUST-000993,1,Premium,48.0,4.0,High,16.0,6.0,0.0,148.0,91-180 days,22093.91,22739.8,2526.64,9.0,Low Product Variety,9095.92
CUST-000898,1,Enterprise,9.0,5.0,Medium,13.0,11.0,1.0,273.0,271-365 days,31631.28,25557.97,12778.99,2.0,No Longer Need Service,10223.188000000002
CUST-044783,0,Premium,8.0,4.0,Medium,8.0,0.0,7.0,37.0,31-60 days,60948.19,47361.44,1127.65,42.0,Not Applicable,0.0
CUST-000596,0,Small Business,6.0,3.0,High,16.0,10.0,0.0,70.0,61-90 days,59793.96,46808.25,15602.75,3.0,Not Applicable,0.0
CUST-005954,1,Consumer,28.0,1.0,Low,4.0,7.0,9.0,77.0,61-90 days,23311.26,20931.14,427.17,49.0,Poor Customer Service,8372.456
CUST-026040,0,Consumer,13.0,5.0,Low,2.0,5.0,0.0,36.0,31-60 days,37252.86,39661.19,1071.92,37.0,Not Applicable,0.0
CUST-034846,0,Consumer,45.0,4.0,High,14.0,17.0,4.0,58.0,31-60 days,38733.33,33775.15,3377.52,10.0,Not Applicable,0.0
CUST-003168,1,Consumer,7.0,2.0,Medium,17.0,1.0,6.0,42.0,31-60 days,3858.34,4521.28,173.9,26.0,Technical Issues,1808.512
CUST-023183,0,Enterprise,2.0,3.0,Medium,16.0,16.0,4.0,73.0,61-90 days,33926.97,33279.49,2218.63,15.0,Not Applicable,0.0
CUST-024934,1,Consumer,8.0,2.0,High,11.0,12.0,6.0,71.0,61-90 days,42652.6,42687.59,1255.52,34.0,Poor Customer Service,17075.036
CUST-042160,0,Premium,21.0,2.0,High,16.0,1.0,3.0,73.0,61-90 days,22791.79,18042.7,383.89,47.0,Not Applicable,0.0
CUST-022780,1,Consumer,37.0,4.0,Low,2.0,4.0,9.0,53.0,31-60 days,35311.19,33025.52,16512.76,2.0,Too Expensive,13210.208
CUST-004764,0,Enterprise,30.0,1.0,Low,19.0,0.0,0.0,50.0,31-60 days,14357.2,11975.43,1197.54,10.0,Not Applicable,0.0
CUST-041846,1,Consumer,13.0,3.0,High,14.0,3.0,6.0,233.0,181-270 days,44980.72,44564.79,2345.52,19.0,No Longer Need Service,17825.916
CUST-003222,1,Enterprise,27.0,5.0,Low,17.0,8.0,1.0,33.0,31-60 days,16487.65,12961.01,3240.25,4.0,Poor Product Quality,5184.404
CUST-003095,0,Premium,40.0,3.0,High,10.0,6.0,7.0,78.0,61-90 days,42769.91,49669.69,1379.71,36.0,Not Applicable,0.0
CUST-044506,1,Premium,37.0,4.0,Low,11.0,12.0,8.0,316.0,271-365 days,10138.68,12320.83,333.0,37.0,Poor Product Quality,4928.332
CUST-031565,1,Enterprise,21.0,2.0,Medium,16.0,19.0,7.0,18.0,0-30 days,16774.3,16298.73,651.95,25.0,Shipping Issues,6519.491999999998
CUST-031012,1,Premium,16.0,1.0,Medium,18.0,4.0,9.0,265.0,181-270 days,7711.76,6925.67,407.39,17.0,Too Expensive,2770.268
CUST-012120,0,Small Business,19.0,1.0,Medium,1.0,2.0,6.0,7.0,0-30 days,24978.88,27281.11,665.39,41.0,Not Applicable,0.0
CUST-034110,1,Consumer,43.0,2.0,Low,5.0,1.0,5.0,24.0,0-30 days,18138.85,16306.32,452.95,36.0,Shipping Issues,6522.528
CUST-024522,0,Enterprise,12.0,4.0,Low,15.0,18.0,4.0,6.0,0-30 days,34585.17,37438.32,1439.94,26.0,Not Applicable,0.0
CUST-031270,1,Consumer,12.0,3.0,High,14.0,15.0,9.0,63.0,61-90 days,26316.31,22808.48,600.22,38.0,Account Issues,9123.392
CUST-042423,1,Enterprise,1.0,3.0,Low,7.0,7.0,0.0,151.0,91-180 days,28277.58,24555.13,792.1,31.0,Poor Product Quality,9822.052
CUST-039188,0,Premium,23.0,5.0,Low,6.0,9.0,1.0,1.0,0-30 days,57084.02,44858.88,1121.47,40.0,Not Applicable,0.0
CUST-018507,0,Premium,39.0,1.0,High,8.0,2.0,2.0,166.0,91-180 days,38973.89,42504.2,867.43,49.0,Not Applicable,0.0
CUST-023574,0,Premium,56.0,4.0,Low,5.0,9.0,6.0,44.0,31-60 days,30107.01,23874.04,1256.53,19.0,Not Applicable,0.0
CUST-030270,0,Enterprise,38.0,4.0,Medium,3.0,3.0,2.0,28.0,0-30 days,5509.74,5579.27,113.86,49.0,Not Applicable,0.0
CUST-027517,1,Consumer,34.0,1.0,Medium,2.0,1.0,1.0,179.0,91-180 days,10402.97,12657.08,361.63,35.0,Shipping Issues,5062.832
CUST-001222,0,Premium,19.0,5.0,Medium,17.0,2.0,9.0,63.0,61-90 days,22411.3,22444.64,1496.31,15.0,Not Applicable,0.0
CUST-047975,0,Small Business,47.0,3.0,High,8.0,11.0,3.0,37.0,31-60 days,38793.3,34615.84,805.02,43.0,Not Applicable,0.0
CUST-006386,1,Consumer,20.0,5.0,Low,11.0,12.0,0.0,71.0,61-90 days,16584.09,20152.05,6717.35,3.0,Payment Problems,8060.82
CUST-040109,0,Small Business,9.0,3.0,Medium,7.0,9.0,3.0,1.0,0-30 days,4460.84,3537.91,110.56,32.0,Not Applicable,0.0
CUST-006622,0,Consumer,12.0,4.0,High,10.0,6.0,3.0,14.0,0-30 days,19340.12,19689.76,6563.25,3.0,Not Applicable,0.0
CUST-000199,0,Enterprise,48.0,1.0,Low,1.0,1.0,3.0,87.0,61-90 days,12896.16,13268.15,288.44,46.0,Not Applicable,0.0
CUST-036645,0,Consumer,51.0,4.0,High,12.0,7.0,8.0,32.0,31-60 days,29884.43,29660.77,1186.43,25.0,Not Applicable,0.0
CUST-004728,0,Consumer,53.0,5.0,Medium,15.0,19.0,3.0,28.0,0-30 days,20262.95,23287.19,1108.91,21.0,Not Applicable,0.0
CUST-019805,0,Enterprise,41.0,3.0,Medium,16.0,3.0,2.0,72.0,61-90 days,11081.12,10737.03,3579.01,3.0,Not Applicable,0.0
CUST-000009,0,Small Business,55.0,5.0,Medium,4.0,1.0,3.0,313.0,271-365 days,9147.92,11047.75,1004.34,11.0,Not Applicable,0.0
CUST-014661,0,Small Business,29.0,4.0,High,13.0,15.0,9.0,78.0,61-90 days,44091.9,48523.4,4852.34,10.0,Not Applicable,0.0
CUST-007443,0,Premium,20.0,2.0,Medium,16.0,5.0,7.0,149.0,91-180 days,51726.16,45668.71,1201.81,38.0,Not Applicable,0.0
CUST-003553,1,Small Business,29.0,2.0,Medium,17.0,13.0,1.0,77.0,61-90 days,4701.37,3619.92,116.77,31.0,Shipping Issues,1447.9679999999996
CUST-032716,0,Consumer,34.0,3.0,Low,5.0,4.0,9.0,30.0,0-30 days,8567.74,8742.01,224.15,39.0,Not Applicable,0.0
CUST-030592,1,Small Business,35.0,2.0,Medium,18.0,13.0,8.0,114.0,91-180 days,6661.24,7119.55,1779.89,4.0,Better Price Elsewhere,2847.82
CUST-030812,0,Premium,28.0,3.0,High,4.0,8.0,1.0,88.0,61-90 days,57390.81,45678.64,2686.98,17.0,Not Applicable,0.0
CUST-032300,1,Small Business,33.0,2.0,High,8.0,7.0,8.0,74.0,61-90 days,30612.41,24908.42,830.28,30.0,Found Alternative,9963.368
CUST-043059,1,Consumer,9.0,1.0,High,18.0,2.0,4.0,61.0,61-90 days,23149.13,28062.76,1039.36,27.0,Shipping Issues,11225.104
CUST-023939,1,Consumer,15.0,1.0,High,12.0,6.0,8.0,136.0,91-180 days,25635.97,27950.4,1118.02,25.0,Too Expensive,11180.160000000002
CUST-002025,1,Premium,52.0,4.0,Medium,17.0,1.0,6.0,47.0,31-60 days,16976.08,13342.89,1667.86,8.0,Poor Customer Service,5337.156
CUST-028143,1,Consumer,44.0,3.0,Medium,17.0,3.0,0.0,24.0,0-30 days,40206.41,37979.36,1898.97,20.0,Shipping Issues,15191.744
CUST-035517,1,Consumer,44.0,1.0,Low,12.0,3.0,1.0,20.0,0-30 days,46646.92,37275.33,1620.67,23.0,Poor Product Quality,14910.132
CUST-008811,1,Enterprise,50.0,1.0,Low,10.0,4.0,0.0,85.0,61-90 days,7655.69,7253.74,172.71,42.0,Poor Customer Service,2901.496
CUST-047885,0,Small Business,12.0,5.0,Low,1.0,0.0,8.0,243.0,181-270 days,29297.77,29919.03,636.58,47.0,Not Applicable,0.0
CUST-039414,0,Premium,8.0,2.0,High,12.0,3.0,4.0,5.0,0-30 days,22663.94,21638.39,618.24,35.0,Not Applicable,0.0
CUST-004298,0,Small Business,12.0,3.0,High,19.0,6.0,5.0,178.0,91-180 days,37820.05,30046.17,770.41,39.0,Not Applicable,0.0
CUST-010334,0,Premium,56.0,4.0,Low,1.0,1.0,1.0,8.0,0-30 days,50755.35,47932.67,6847.52,7.0,Not Applicable,0.0
CUST-036171,1,Consumer,59.0,2.0,Low,15.0,10.0,4.0,189.0,181-270 days,8413.39,8403.27,525.2,16.0,Shipping Issues,3361.3080000000004
CUST-039129,1,Premium,47.0,4.0,Medium,8.0,8.0,6.0,242.0,181-270 days,44291.7,40626.4,4514.04,9.0,Poor Product Quality,16250.56
CUST-049491,0,Small Business,56.0,2.0,High,19.0,0.0,5.0,73.0,61-90 days,46450.3,45103.61,1002.3,45.0,Not Applicable,0.0
CUST-025973,0,Premium,49.0,1.0,Medium,8.0,7.0,9.0,45.0,31-60 days,12800.64,11928.14,5964.07,2.0,Not Applicable,0.0
CUST-045199,0,Small Business,8.0,3.0,High,3.0,0.0,9.0,36.0,31-60 days,46751.96,38711.4,2765.1,14.0,Not Applicable,0.0
CUST-038676,0,Premium,6.0,4.0,Low,17.0,2.0,3.0,284.0,271-365 days,21582.99,19531.06,542.53,36.0,Not Applicable,0.0
CUST-005267,1,Consumer,45.0,2.0,Low,3.0,1.0,1.0,10.0,0-30 days,30970.81,34669.32,990.55,35.0,Unhappy with Return Policy,13867.728000000001
CUST-013615,0,Premium,47.0,4.0,Medium,19.0,2.0,4.0,73.0,61-90 days,17167.3,20913.32,1161.85,18.0,Not Applicable,0.0
CUST-048635,1,Enterprise,13.0,2.0,High,17.0,8.0,0.0,13.0,0-30 days,39823.43,46078.34,1023.96,45.0,Account Issues,18431.336
CUST-015395,1,Enterprise,59.0,4.0,High,0.0,1.0,9.0,30.0,0-30 days,39511.89,47035.41,1237.77,38.0,Low Product Variety,18814.164
CUST-020248,0,Enterprise,35.0,3.0,High,13.0,6.0,5.0,21.0,0-30 days,4168.75,3431.72,73.02,47.0,Not Applicable,0.0
CUST-011773,0,Small Business,54.0,5.0,Low,3.0,2.0,9.0,31.0,31-60 days,33740.33,38023.07,2236.65,17.0,Not Applicable,0.0
CUST-021769,1,Premium,52.0,3.0,Low,17.0,19.0,0.0,78.0,61-90 days,44049.15,34351.77,1374.07,25.0,Poor Product Quality,13740.708
CUST-027996,0,Small Business,39.0,3.0,High,12.0,0.0,7.0,86.0,61-90 days,24635.96,24006.46,1333.69,18.0,Not Applicable,0.0
CUST-031490,1,Enterprise,59.0,3.0,Low,11.0,1.0,1.0,66.0,61-90 days,36794.94,41513.3,3773.94,11.0,Better Price Elsewhere,16605.320000000003
CUST-010338,0,Premium,39.0,3.0,High,19.0,2.0,1.0,160.0,91-180 days,1684.1,1867.51,93.38,20.0,Not Applicable,0.0
CUST-018456,1,Consumer,38.0,1.0,High,3.0,1.0,2.0,71.0,61-90 days,27856.57,31321.5,652.53,48.0,Low Product Variety,12528.6
CUST-010548,0,Small Business,3.0,3.0,High,5.0,0.0,9.0,47.0,31-60 days,27331.55,21099.96,4219.99,5.0,Not Applicable,0.0
CUST-001820,0,Premium,1.0,1.0,Low,6.0,10.0,9.0,40.0,31-60 days,43092.77,38542.34,1751.92,22.0,Not Applicable,0.0
CUST-009763,0,Enterprise,21.0,3.0,Medium,2.0,5.0,8.0,42.0,31-60 days,30635.67,33463.41,1079.46,31.0,Not Applicable,0.0
CUST-005544,1,Consumer,18.0,1.0,Low,11.0,9.0,6.0,22.0,0-30 days,8216.56,8523.63,0.0,0.0,No Longer Need Service,3409.452
CUST-006264,0,Consumer,59.0,4.0,High,10.0,8.0,4.0,28.0,0-30 days,2846.93,2248.15,321.16,7.0,Not Applicable,0.0
CUST-006384,1,Small Business,29.0,4.0,Low,14.0,7.0,0.0,70.0,61-90 days,43334.62,45321.7,1224.91,37.0,Poor Customer Service,18128.68
CUST-046235,0,Small Business,7.0,1.0,Medium,11.0,11.0,8.0,78.0,61-90 days,154.64,174.87,9.71,18.0,Not Applicable,0.0
CUST-010140,1,Premium,7.0,1.0,High,8.0,9.0,5.0,229.0,181-270 days,21660.62,17322.77,597.34,29.0,No Longer Need Service,6929.108
CUST-004837,0,Consumer,21.0,1.0,Medium,3.0,1.0,2.0,85.0,61-90 days,40725.71,42116.9,1108.34,38.0,Not Applicable,0.0
CUST-033309,1,Consumer,40.0,2.0,Low,0.0,1.0,6.0,267.0,181-270 days,32.48,37.82,0.92,41.0,Low Product Variety,15.128
CUST-029645,1,Premium,57.0,3.0,Low,2.0,1.0,5.0,26.0,0-30 days,47690.84,49771.73,4147.64,12.0,Better Price Elsewhere,19908.692000000006
CUST-022723,1,Small Business,12.0,4.0,Low,9.0,3.0,8.0,62.0,61-90 days,35727.71,34261.87,951.72,36.0,No Longer Need Service,13704.748
CUST-023823,1,Enterprise,38.0,2.0,Medium,1.0,1.0,7.0,50.0,31-60 days,34883.98,35282.68,5040.38,7.0,Account Issues,14113.072
CUST-043843,1,Enterprise,22.0,1.0,Medium,19.0,2.0,7.0,76.0,61-90 days,10834.34,12787.92,608.95,21.0,Poor Product Quality,5115.1680000000015
CUST-033501,0,Consumer,52.0,4.0,Medium,15.0,2.0,9.0,147.0,91-180 days,27361.93,27393.12,1191.01,23.0,Not Applicable,0.0
CUST-000111,0,Small Business,31.0,1.0,Medium,6.0,5.0,7.0,159.0,91-180 days,21001.56,23739.39,505.09,47.0,Not Applicable,0.0
CUST-037260,0,Consumer,32.0,5.0,High,14.0,5.0,3.0,47.0,31-60 days,5657.67,5370.98,122.07,44.0,Not Applicable,0.0
CUST-014903,1,Consumer,19.0,1.0,Medium,10.0,5.0,8.0,298.0,271-365 days,36263.03,36466.79,1012.97,36.0,Found Alternative,14586.716
CUST-020425,1,Consumer,26.0,1.0,Medium,9.0,0.0,9.0,251.0,181-270 days,37841.33,29843.13,2486.93,12.0,Payment Problems,11937.252
CUST-019681,0,Consumer,31.0,2.0,Medium,10.0,11.0,2.0,264.0,181-270 days,36179.16,28104.63,1338.32,21.0,Not Applicable,0.0
CUST-037581,0,Premium,58.0,4.0,Medium,11.0,5.0,7.0,48.0,31-60 days,30072.71,24023.74,1264.41,19.0,Not Applicable,0.0
CUST-015179,0,Enterprise,6.0,4.0,High,16.0,9.0,8.0,324.0,271-365 days,43909.15,33825.2,786.63,43.0,Not Applicable,0.0
CUST-038652,1,Consumer,32.0,3.0,Low,0.0,0.0,3.0,42.0,31-60 days,24448.59,23727.98,1078.54,22.0,Payment Problems,9491.192
CUST-004558,1,Premium,24.0,1.0,Low,17.0,18.0,7.0,31.0,31-60 days,13307.67,11996.81,571.28,21.0,Found Alternative,4798.724
CUST-021757,0,Premium,54.0,5.0,Medium,10.0,1.0,0.0,39.0,31-60 days,29323.03,26660.83,987.44,27.0,Not Applicable,0.0
CUST-009112,0,Consumer,48.0,3.0,Low,15.0,0.0,3.0,7.0,0-30 days,23508.12,21473.12,536.83,40.0,Not Applicable,0.0
CUST-014098,0,Premium,33.0,5.0,Low,1.0,1.0,8.0,31.0,31-60 days,37947.42,33069.47,1224.8,27.0,Not Applicable,0.0
CUST-003804,0,Consumer,6.0,5.0,Medium,9.0,1.0,5.0,63.0,61-90 days,35425.96,37957.74,998.89,38.0,Not Applicable,0.0
CUST-048288,1,Consumer,57.0,4.0,Low,13.0,16.0,2.0,35.0,31-60 days,8075.35,8529.16,426.46,20.0,Shipping Issues,3411.664
CUST-020599,0,Enterprise,26.0,3.0,High,2.0,2.0,2.0,34.0,31-60 days,4400.36,5198.94,1732.98,3.0,Not Applicable,0.0
CUST-023693,1,Consumer,41.0,2.0,Low,16.0,10.0,6.0,162.0,91-180 days,27379.96,23437.87,1233.57,19.0,Better Price Elsewhere,9375.148
CUST-026886,0,Consumer,7.0,4.0,Medium,6.0,8.0,1.0,24.0,0-30 days,23299.76,28612.05,0.0,0.0,Not Applicable,0.0
CUST-042850,0,Enterprise,53.0,2.0,High,6.0,10.0,5.0,103.0,91-180 days,11125.51,10860.33,10860.33,1.0,Not Applicable,0.0
CUST-045522,0,Consumer,37.0,1.0,Low,2.0,5.0,2.0,67.0,61-90 days,22734.14,25282.15,5056.43,5.0,Not Applicable,0.0
CUST-029016,0,Consumer,31.0,4.0,Medium,8.0,11.0,2.0,68.0,61-90 days,34805.54,29649.42,1976.63,15.0,Not Applicable,0.0
CUST-026604,0,Enterprise,54.0,5.0,Low,15.0,9.0,1.0,40.0,31-60 days,17194.9,13445.05,305.57,44.0,Not Applicable,0.0
CUST-017028,0,Consumer,1.0,5.0,Low,19.0,10.0,0.0,55.0,31-60 days,13670.86,13754.4,382.07,36.0,Not Applicable,0.0
CUST-026659,0,Consumer,43.0,2.0,Medium,0.0,2.0,3.0,37.0,31-60 days,52479.15,43604.61,1557.31,28.0,Not Applicable,0.0
CUST-025073,0,Premium,32.0,5.0,Low,12.0,8.0,0.0,87.0,61-90 days,34578.18,40929.61,2923.54,14.0,Not Applicable,0.0
CUST-038504,1,Small Business,28.0,3.0,Low,19.0,7.0,1.0,122.0,91-180 days,8780.83,7617.65,692.51,11.0,Poor Product Quality,3047.06
CUST-049207,0,Consumer,16.0,5.0,Medium,11.0,14.0,9.0,23.0,0-30 days,25222.46,30306.01,5051.0,6.0,Not Applicable,0.0
CUST-019473,0,Premium,54.0,4.0,High,14.0,6.0,0.0,15.0,0-30 days,9255.82,10940.28,475.66,23.0,Not Applicable,0.0
CUST-041183,0,Consumer,57.0,5.0,Medium,12.0,10.0,8.0,50.0,31-60 days,21083.8,25760.96,831.0,31.0,Not Applicable,0.0
CUST-007104,1,Premium,37.0,1.0,Medium,6.0,5.0,5.0,25.0,0-30 days,27584.97,29975.8,1498.79,20.0,Payment Problems,11990.32
CUST-040917,1,Consumer,39.0,1.0,Low,3.0,3.0,5.0,217.0,181-270 days,40297.21,32216.26,1400.71,23.0,Poor Customer Service,12886.504
CUST-002073,1,Premium,41.0,3.0,Medium,1.0,3.0,6.0,86.0,61-90 days,27659.88,28580.47,893.14,32.0,Found Alternative,11432.188000000002
CUST-005986,1,Premium,2.0,4.0,Medium,17.0,2.0,6.0,79.0,61-90 days,10924.4,10208.05,425.34,24.0,Found Alternative,4083.22
CUST-022066,0,Consumer,9.0,1.0,Medium,1.0,3.0,6.0,51.0,31-60 days,22466.0,26044.57,578.77,45.0,Not Applicable,0.0
CUST-027896,0,Enterprise,34.0,2.0,Medium,13.0,1.0,2.0,8.0,0-30 days,29229.63,32799.01,762.77,43.0,Not Applicable,0.0
CUST-032208,1,Consumer,39.0,5.0,Low,10.0,0.0,7.0,17.0,0-30 days,10840.78,13505.75,844.11,16.0,Poor Product Quality,5402.3
CUST-015896,1,Premium,29.0,5.0,Low,0.0,3.0,1.0,107.0,91-180 days,75.94,87.21,1.78,49.0,Shipping Issues,34.884
CUST-047894,0,Consumer,53.0,5.0,Medium,5.0,5.0,4.0,3.0,0-30 days,23166.65,24214.88,1274.47,19.0,Not Applicable,0.0
CUST-012818,0,Premium,19.0,5.0,High,17.0,1.0,9.0,32.0,31-60 days,9023.94,8772.17,417.72,21.0,Not Applicable,0.0
CUST-024589,1,Consumer,44.0,5.0,High,0.0,0.0,9.0,76.0,61-90 days,12385.54,14495.65,1035.4,14.0,Found Alternative,5798.26
CUST-012546,1,Premium,55.0,3.0,High,0.0,4.0,9.0,76.0,61-90 days,27742.85,28871.67,721.79,40.0,Technical Issues,11548.668
CUST-027899,0,Premium,44.0,5.0,Medium,12.0,4.0,5.0,78.0,61-90 days,8561.54,9231.28,192.32,48.0,Not Applicable,0.0
CUST-035064,0,Small Business,10.0,5.0,High,1.0,3.0,1.0,234.0,181-270 days,30711.2,36768.29,1186.07,31.0,Not Applicable,0.0
CUST-020139,0,Consumer,30.0,3.0,High,18.0,6.0,4.0,55.0,31-60 days,48993.98,41437.17,2589.82,16.0,Not Applicable,0.0
CUST-018385,0,Premium,58.0,2.0,Medium,11.0,14.0,0.0,27.0,0-30 days,1889.7,1786.77,44.67,40.0,Not Applicable,0.0
CUST-044493,0,Small Business,2.0,2.0,High,15.0,11.0,1.0,23.0,0-30 days,50396.25,45079.92,920.0,49.0,Not Applicable,0.0
CUST-033108,1,Premium,33.0,5.0,Low,12.0,2.0,1.0,4.0,0-30 days,33604.28,28525.14,633.89,45.0,Too Expensive,11410.056
CUST-017189,1,Premium,21.0,2.0,Low,0.0,0.0,3.0,125.0,91-180 days,42765.35,38214.25,955.36,40.0,Found Alternative,15285.7
CUST-025487,0,Enterprise,2.0,3.0,Medium,9.0,0.0,3.0,53.0,31-60 days,31850.47,34801.77,870.04,40.0,Not Applicable,0.0
CUST-013182,1,Consumer,53.0,1.0,Medium,2.0,4.0,4.0,226.0,181-270 days,21968.79,24171.17,4028.53,6.0,Shipping Issues,9668.468
CUST-025622,0,Premium,48.0,3.0,High,5.0,1.0,0.0,153.0,91-180 days,34295.73,32717.5,778.99,42.0,Not Applicable,0.0
CUST-024221,1,Enterprise,38.0,4.0,Medium,14.0,7.0,9.0,167.0,91-180 days,6662.04,5190.98,133.1,39.0,Better Price Elsewhere,2076.3920000000007
CUST-008108,0,Premium,47.0,5.0,Medium,10.0,6.0,2.0,3.0,0-30 days,46694.95,45916.13,4174.19,11.0,Not Applicable,0.0
CUST-038120,0,Premium,32.0,2.0,Medium,9.0,0.0,6.0,235.0,181-270 days,21851.34,19651.86,467.9,42.0,Not Applicable,0.0
CUST-007310,0,Premium,52.0,3.0,Low,2.0,3.0,0.0,56.0,31-60 days,5606.43,6186.68,3093.34,2.0,Not Applicable,0.0
CUST-046039,0,Consumer,33.0,3.0,Medium,4.0,6.0,4.0,148.0,91-180 days,46706.54,48151.62,1203.79,40.0,Not Applicable,0.0
CUST-001612,0,Consumer,34.0,5.0,Medium,14.0,11.0,6.0,74.0,61-90 days,44592.12,48255.09,2838.53,17.0,Not Applicable,0.0
CUST-044786,1,Enterprise,45.0,5.0,High,14.0,8.0,1.0,70.0,61-90 days,41438.98,33413.77,1285.14,26.0,Payment Problems,13365.508
CUST-033599,1,Enterprise,5.0,2.0,High,9.0,13.0,5.0,30.0,0-30 days,5836.24,5779.91,231.2,25.0,Poor Customer Service,2311.964
CUST-012402,0,Consumer,36.0,2.0,High,0.0,0.0,2.0,61.0,61-90 days,33666.74,30861.87,6172.37,5.0,Not Applicable,0.0
CUST-009509,0,Consumer,44.0,1.0,Medium,7.0,6.0,1.0,55.0,31-60 days,33556.48,31345.03,1649.74,19.0,Not Applicable,0.0
CUST-015168,0,Small Business,3.0,2.0,High,1.0,5.0,9.0,37.0,31-60 days,48211.01,47572.41,2378.62,20.0,Not Applicable,0.0
CUST-034700,0,Consumer,15.0,4.0,Low,8.0,12.0,7.0,155.0,91-180 days,40595.53,47501.56,4318.32,11.0,Not Applicable,0.0
CUST-047186,0,Premium,59.0,4.0,High,1.0,5.0,6.0,50.0,31-60 days,62511.79,49020.88,1400.6,35.0,Not Applicable,0.0
CUST-002743,0,Premium,58.0,4.0,Medium,2.0,5.0,3.0,16.0,0-30 days,31177.13,33705.56,4815.08,7.0,Not Applicable,0.0
CUST-047486,0,Premium,46.0,5.0,Low,16.0,18.0,0.0,190.0,181-270 days,52583.24,40994.44,976.06,42.0,Not Applicable,0.0
CUST-032781,0,Consumer,25.0,2.0,High,14.0,18.0,9.0,66.0,61-90 days,4350.95,3734.96,155.62,24.0,Not Applicable,0.0
CUST-010869,1,Consumer,34.0,2.0,Low,16.0,13.0,9.0,185.0,181-270 days,50462.71,41250.35,8250.07,5.0,Better Price Elsewhere,16500.14
CUST-004737,1,Small Business,4.0,2.0,Medium,19.0,22.0,3.0,253.0,181-270 days,5473.57,5569.34,222.77,25.0,Shipping Issues,2227.736000000001
CUST-009894,1,Small Business,45.0,5.0,Medium,13.0,11.0,6.0,73.0,61-90 days,50854.85,49866.69,12466.67,4.0,Better Price Elsewhere,19946.676000000003
CUST-038099,1,Consumer,28.0,4.0,Medium,8.0,9.0,9.0,71.0,61-90 days,28125.32,28814.2,778.76,37.0,Poor Customer Service,11525.68
CUST-039679,1,Consumer,40.0,5.0,Medium,6.0,1.0,9.0,210.0,181-270 days,31398.34,31114.01,1555.7,20.0,Poor Customer Service,12445.604
CUST-049803,1,Consumer,32.0,3.0,Low,2.0,6.0,2.0,67.0,61-90 days,4700.31,5420.46,271.02,20.0,Too Expensive,2168.184
CUST-049684,1,Enterprise,44.0,4.0,Low,8.0,4.0,7.0,153.0,91-180 days,21720.89,20759.38,648.73,32.0,Poor Product Quality,8303.752
CUST-021657,0,Premium,26.0,3.0,Medium,2.0,6.0,7.0,32.0,31-60 days,15115.29,13812.81,493.31,28.0,Not Applicable,0.0
CUST-009739,0,Consumer,49.0,3.0,Medium,14.0,3.0,3.0,47.0,31-60 days,10165.03,8605.7,260.78,33.0,Not Applicable,0.0
CUST-024725,0,Premium,28.0,3.0,Low,11.0,9.0,0.0,1.0,0-30 days,51305.01,42577.66,42577.66,1.0,Not Applicable,0.0
CUST-028100,1,Consumer,1.0,2.0,Low,0.0,2.0,9.0,82.0,61-90 days,24792.23,28848.25,28848.25,1.0,Better Price Elsewhere,11539.3
CUST-003304,0,Consumer,47.0,4.0,Medium,4.0,4.0,8.0,363.0,271-365 days,8020.97,6346.38,373.32,17.0,Not Applicable,0.0
CUST-031641,1,Consumer,22.0,2.0,Low,15.0,1.0,9.0,309.0,271-365 days,22309.89,21125.39,728.46,29.0,Better Price Elsewhere,8450.155999999999
CUST-049391,0,Small Business,9.0,3.0,Medium,7.0,4.0,0.0,49.0,31-60 days,18260.37,15260.01,526.21,29.0,Not Applicable,0.0
CUST-021354,1,Premium,2.0,1.0,Low,3.0,4.0,6.0,55.0,31-60 days,38619.86,31801.48,5300.25,6.0,Better Price Elsewhere,12720.592
CUST-012699,0,Enterprise,44.0,1.0,Medium,8.0,7.0,1.0,75.0,61-90 days,44640.31,41894.42,1444.64,29.0,Not Applicable,0.0
CUST-048910,1,Consumer,5.0,1.0,High,8.0,12.0,1.0,74.0,61-90 days,35997.05,28837.81,739.43,39.0,Found Alternative,11535.124000000002
CUST-010460,1,Consumer,51.0,5.0,Low,17.0,16.0,1.0,79.0,61-90 days,8733.94,9529.94,250.79,38.0,Poor Customer Service,3811.976000000001
CUST-048222,0,Consumer,15.0,1.0,Medium,7.0,11.0,1.0,347.0,271-365 days,20529.73,16766.21,1047.89,16.0,Not Applicable,0.0
CUST-024253,0,Consumer,12.0,4.0,Medium,1.0,5.0,4.0,275.0,271-365 days,32092.48,32235.4,1535.02,21.0,Not Applicable,0.0
CUST-000443,1,Consumer,26.0,4.0,Medium,11.0,15.0,9.0,63.0,61-90 days,30992.74,29611.54,0.0,0.0,Poor Customer Service,11844.616000000002
CUST-013186,1,Consumer,19.0,2.0,Low,13.0,12.0,8.0,62.0,61-90 days,8764.4,8019.66,422.09,19.0,Account Issues,3207.864
CUST-046538,0,Small Business,51.0,5.0,Medium,17.0,18.0,2.0,3.0,0-30 days,21070.68,19120.44,956.02,20.0,Not Applicable,0.0
CUST-020255,1,Consumer,57.0,2.0,Medium,6.0,10.0,9.0,12.0,0-30 days,8062.85,8306.93,267.97,31.0,Better Price Elsewhere,3322.7720000000004
CUST-030640,0,Consumer,1.0,3.0,High,3.0,1.0,3.0,36.0,31-60 days,53568.35,49548.07,16516.02,3.0,Not Applicable,0.0
CUST-012695,0,Premium,11.0,3.0,Medium,7.0,3.0,7.0,52.0,31-60 days,29184.29,27135.8,553.79,49.0,Not Applicable,0.0
CUST-024896,1,Small Business,11.0,5.0,Medium,17.0,2.0,9.0,79.0,61-90 days,49026.61,42225.56,3838.69,11.0,Unhappy with Return Policy,16890.224
CUST-040444,1,Enterprise,6.0,3.0,Low,0.0,3.0,6.0,5.0,0-30 days,5636.72,5152.34,286.24,18.0,Low Product Variety,2060.936
CUST-030969,1,Consumer,5.0,5.0,Low,12.0,6.0,0.0,206.0,181-270 days,17765.78,21784.59,518.68,42.0,Payment Problems,8713.836000000001
CUST-041748,1,Consumer,29.0,2.0,Low,5.0,1.0,7.0,65.0,61-90 days,36571.58,45322.09,45322.09,1.0,Better Price Elsewhere,18128.836
CUST-001702,0,Consumer,52.0,3.0,High,8.0,6.0,7.0,5.0,0-30 days,44820.17,38981.68,2598.78,15.0,Not Applicable,0.0
CUST-010572,0,Premium,49.0,4.0,Medium,15.0,15.0,2.0,177.0,91-180 days,43671.5,37975.44,5425.06,7.0,Not Applicable,0.0
CUST-018805,1,Small Business,50.0,3.0,High,5.0,2.0,7.0,4.0,0-30 days,40434.9,32150.85,1786.16,18.0,Payment Problems,12860.34
CUST-010071,1,Small Business,18.0,3.0,High,12.0,12.0,9.0,325.0,271-365 days,12364.16,10825.47,676.59,16.0,Account Issues,4330.188
CUST-027864,0,Premium,16.0,2.0,Medium,8.0,10.0,0.0,81.0,61-90 days,30489.89,35119.79,4389.97,8.0,Not Applicable,0.0
CUST-004130,0,Premium,40.0,2.0,Medium,18.0,10.0,2.0,75.0,61-90 days,41313.32,37967.97,3451.63,11.0,Not Applicable,0.0
CUST-045029,1,Enterprise,14.0,4.0,Medium,6.0,3.0,6.0,61.0,61-90 days,25621.62,29070.03,7267.51,4.0,Too Expensive,11628.012
CUST-023538,0,Premium,28.0,5.0,Medium,2.0,5.0,0.0,76.0,61-90 days,47.83,56.8,1.39,41.0,Not Applicable,0.0
CUST-025840,1,Consumer,41.0,2.0,Low,17.0,20.0,0.0,64.0,61-90 days,46029.58,39851.6,1532.75,26.0,Poor Customer Service,15940.64
CUST-015178,0,Premium,57.0,1.0,High,1.0,5.0,8.0,25.0,0-30 days,35144.52,36047.08,750.98,48.0,Not Applicable,0.0
CUST-017680,1,Premium,38.0,1.0,Medium,4.0,5.0,5.0,5.0,0-30 days,31759.42,38963.37,1113.24,35.0,Better Price Elsewhere,15585.348000000002
CUST-048770,1,Consumer,3.0,2.0,Medium,14.0,10.0,0.0,35.0,31-60 days,5232.11,5656.02,131.54,43.0,Shipping Issues,2262.408000000001
CUST-028169,1,Premium,17.0,2.0,Medium,4.0,5.0,5.0,321.0,271-365 days,37556.49,31401.1,2415.47,13.0,Shipping Issues,12560.44
CUST-006433,1,Consumer,48.0,3.0,Low,15.0,7.0,6.0,159.0,91-180 days,33913.65,29455.29,626.71,47.0,Found Alternative,11782.116000000002
CUST-030140,0,Consumer,24.0,2.0,Medium,2.0,0.0,2.0,79.0,61-90 days,34481.59,37354.26,794.77,47.0,Not Applicable,0.0
CUST-011515,1,Premium,43.0,3.0,Low,17.0,2.0,4.0,38.0,31-60 days,11486.25,12826.37,0.0,0.0,Found Alternative,5130.548000000002
CUST-026621,0,Premium,2.0,2.0,Low,0.0,1.0,6.0,11.0,0-30 days,4608.65,4918.62,819.77,6.0,Not Applicable,0.0
CUST-027633,0,Premium,5.0,1.0,Low,10.0,12.0,4.0,50.0,31-60 days,61161.51,48677.87,3744.45,13.0,Not Applicable,0.0
CUST-040986,1,Consumer,53.0,4.0,Low,11.0,13.0,0.0,154.0,91-180 days,7243.84,8176.03,220.97,37.0,No Longer Need Service,3270.412000000001
CUST-010394,1,Consumer,28.0,1.0,Low,4.0,1.0,7.0,2.0,0-30 days,29848.31,36943.18,1420.89,26.0,Poor Customer Service,14777.272
CUST-010641,0,Consumer,22.0,3.0,Medium,1.0,3.0,6.0,14.0,0-30 days,2554.21,2802.78,560.56,5.0,Not Applicable,0.0
CUST-040937,0,Consumer,25.0,2.0,High,8.0,8.0,9.0,159.0,91-180 days,3689.23,3920.11,0.0,0.0,Not Applicable,0.0
CUST-037439,1,Premium,21.0,3.0,Low,12.0,14.0,7.0,276.0,271-365 days,49853.58,43252.87,2402.94,18.0,Poor Product Quality,17301.148
CUST-031704,1,Consumer,32.0,4.0,Low,16.0,18.0,4.0,33.0,31-60 days,16742.87,14939.33,403.77,37.0,Poor Product Quality,5975.732
CUST-014787,0,Premium,22.0,3.0,Medium,19.0,13.0,1.0,89.0,61-90 days,32795.88,34366.22,3818.47,9.0,Not Applicable,0.0
CUST-012792,0,Consumer,9.0,3.0,Medium,7.0,2.0,8.0,256.0,181-270 days,1801.55,1520.13,80.01,19.0,Not Applicable,0.0
CUST-020812,0,Consumer,30.0,3.0,Low,12.0,8.0,8.0,62.0,61-90 days,36235.19,42641.72,3045.84,14.0,Not Applicable,0.0
CUST-042186,0,Small Business,44.0,3.0,High,9.0,13.0,2.0,196.0,181-270 days,24670.63,21486.81,767.39,28.0,Not Applicable,0.0
CUST-049595,0,Premium,47.0,1.0,Medium,3.0,4.0,5.0,67.0,61-90 days,49357.5,44733.78,1016.68,44.0,Not Applicable,0.0
CUST-023923,0,Enterprise,13.0,1.0,Low,0.0,1.0,4.0,50.0,31-60 days,11312.77,13673.6,1953.37,7.0,Not Applicable,0.0
CUST-023992,1,Enterprise,1.0,1.0,Medium,16.0,17.0,6.0,45.0,31-60 days,7282.23,6838.81,325.66,21.0,Found Alternative,2735.524000000001
CUST-033591,0,Premium,19.0,2.0,Medium,19.0,17.0,9.0,54.0,31-60 days,41900.97,35465.73,11821.91,3.0,Not Applicable,0.0
CUST-033545,0,Consumer,51.0,3.0,Low,16.0,7.0,2.0,11.0,0-30 days,36168.65,36506.22,1177.62,31.0,Not Applicable,0.0
CUST-034820,0,Small Business,22.0,5.0,High,15.0,6.0,3.0,19.0,0-30 days,44904.19,34561.84,1382.47,25.0,Not Applicable,0.0
CUST-005768,1,Premium,33.0,1.0,Low,19.0,2.0,9.0,66.0,61-90 days,483.16,490.61,10.01,49.0,Payment Problems,196.24400000000003
CUST-017998,1,Small Business,40.0,1.0,Medium,12.0,12.0,4.0,269.0,181-270 days,28539.12,32147.54,5357.92,6.0,Better Price Elsewhere,12859.016000000001
CUST-010235,0,Consumer,12.0,1.0,High,10.0,6.0,4.0,13.0,0-30 days,20489.48,17299.36,2471.34,7.0,Not Applicable,0.0
CUST-026340,1,Consumer,9.0,3.0,Low,12.0,11.0,9.0,219.0,181-270 days,16007.26,14582.78,2083.25,7.0,Account Issues,5833.112000000001
CUST-031304,1,Consumer,33.0,2.0,High,15.0,7.0,4.0,19.0,0-30 days,19280.96,16987.47,2831.25,6.0,Poor Customer Service,6794.988000000001
CUST-035909,0,Enterprise,1.0,3.0,Medium,11.0,4.0,4.0,183.0,181-270 days,21956.84,18710.34,1559.19,12.0,Not Applicable,0.0
CUST-045343,0,Premium,54.0,3.0,Medium,7.0,2.0,4.0,7.0,0-30 days,22295.69,17817.36,5939.12,3.0,Not Applicable,0.0
CUST-041629,0,Consumer,33.0,4.0,High,3.0,3.0,4.0,76.0,61-90 days,10750.93,11980.5,998.38,12.0,Not Applicable,0.0
CUST-016438,0,Consumer,40.0,3.0,Low,1.0,4.0,5.0,58.0,31-60 days,10036.4,12062.29,1340.25,9.0,Not Applicable,0.0
CUST-010379,0,Consumer,43.0,4.0,High,15.0,15.0,1.0,131.0,91-180 days,18652.37,20372.32,783.55,26.0,Not Applicable,0.0
CUST-026583,0,Consumer,15.0,4.0,Medium,12.0,3.0,3.0,25.0,0-30 days,31918.84,26474.82,6618.7,4.0,Not Applicable,0.0
CUST-037062,0,Premium,37.0,4.0,Medium,7.0,10.0,0.0,51.0,31-60 days,11511.64,8860.61,354.42,25.0,Not Applicable,0.0
CUST-012152,0,Small Business,15.0,1.0,Low,6.0,0.0,9.0,81.0,61-90 days,3700.03,3211.09,80.28,40.0,Not Applicable,0.0
CUST-002850,1,Small Business,32.0,5.0,High,19.0,17.0,7.0,53.0,31-60 days,17779.13,17877.87,3575.57,5.0,Poor Product Quality,7151.148
CUST-036191,0,Enterprise,1.0,4.0,High,15.0,6.0,1.0,69.0,61-90 days,17791.15,15048.74,627.03,24.0,Not Applicable,0.0
CUST-036574,0,Consumer,45.0,5.0,Medium,16.0,9.0,9.0,265.0,181-270 days,29566.38,25041.04,1926.23,13.0,Not Applicable,0.0
CUST-005211,0,Consumer,12.0,2.0,High,15.0,17.0,8.0,67.0,61-90 days,25158.73,25310.73,0.0,0.0,Not Applicable,0.0
CUST-019404,0,Consumer,37.0,1.0,Medium,6.0,7.0,8.0,42.0,31-60 days,44605.07,45300.78,2265.04,20.0,Not Applicable,0.0
CUST-018234,1,Consumer,8.0,2.0,Medium,13.0,0.0,3.0,64.0,61-90 days,15091.22,15319.7,3063.94,5.0,Poor Customer Service,6127.880000000001
CUST-020342,0,Small Business,16.0,3.0,High,18.0,21.0,5.0,100.0,91-180 days,13299.47,14318.76,397.74,36.0,Not Applicable,0.0
CUST-000575,0,Consumer,16.0,4.0,High,19.0,16.0,1.0,2.0,0-30 days,25159.45,23318.87,2119.9,11.0,Not Applicable,0.0
CUST-016951,1,Small Business,22.0,3.0,High,19.0,14.0,1.0,69.0,61-90 days,50062.83,45674.46,4152.22,11.0,Payment Problems,18269.784
CUST-007666,0,Consumer,30.0,4.0,High,13.0,16.0,1.0,52.0,31-60 days,20134.73,19212.02,960.6,20.0,Not Applicable,0.0
CUST-019643,0,Consumer,14.0,5.0,High,10.0,6.0,6.0,1.0,0-30 days,61304.48,48944.85,2224.77,22.0,Not Applicable,0.0
CUST-040324,0,Small Business,18.0,4.0,High,18.0,6.0,2.0,24.0,0-30 days,47527.34,44417.94,1645.11,27.0,Not Applicable,0.0
CUST-045787,0,Premium,36.0,4.0,Low,1.0,5.0,2.0,71.0,61-90 days,8375.64,6535.87,159.41,41.0,Not Applicable,0.0
CUST-013691,1,Consumer,54.0,2.0,High,8.0,6.0,2.0,74.0,61-90 days,49454.61,45527.0,1686.19,27.0,Shipping Issues,18210.8
CUST-018315,0,Enterprise,25.0,3.0,Medium,10.0,6.0,7.0,287.0,271-365 days,28344.11,31078.05,776.95,40.0,Not Applicable,0.0
CUST-045127,0,Consumer,38.0,4.0,High,0.0,1.0,9.0,83.0,61-90 days,45713.69,42943.35,1022.46,42.0,Not Applicable,0.0
CUST-042198,0,Consumer,36.0,4.0,Low,17.0,12.0,0.0,57.0,31-60 days,1448.96,1487.69,78.3,19.0,Not Applicable,0.0
CUST-036706,0,Consumer,27.0,5.0,High,13.0,6.0,9.0,272.0,271-365 days,17030.42,17033.34,486.67,35.0,Not Applicable,0.0
CUST-033521,1,Consumer,52.0,5.0,High,15.0,7.0,1.0,8.0,0-30 days,40043.74,38181.33,1031.93,37.0,Found Alternative,15272.532
CUST-032685,0,Consumer,1.0,4.0,High,9.0,10.0,9.0,69.0,61-90 days,9019.24,10432.19,652.01,16.0,Not Applicable,0.0
CUST-048046,0,Small Business,37.0,1.0,Low,15.0,1.0,9.0,73.0,61-90 days,9148.16,10072.84,287.8,35.0,Not Applicable,0.0
CUST-042058,1,Consumer,50.0,2.0,Medium,17.0,8.0,4.0,1.0,0-30 days,16655.94,17659.11,1358.39,13.0,Shipping Issues,7063.644
CUST-041739,1,Consumer,21.0,2.0,Low,3.0,0.0,3.0,52.0,31-60 days,34776.25,41307.85,5163.48,8.0,Poor Product Quality,16523.14
CUST-043075,0,Consumer,5.0,3.0,High,4.0,6.0,0.0,35.0,31-60 days,6959.25,6509.58,542.47,12.0,Not Applicable,0.0
CUST-022937,0,Small Business,58.0,3.0,High,13.0,13.0,2.0,54.0,31-60 days,17616.97,14184.49,506.59,28.0,Not Applicable,0.0
CUST-011780,1,Consumer,36.0,3.0,Low,6.0,7.0,3.0,15.0,0-30 days,53487.94,49212.23,16404.08,3.0,Poor Product Quality,19684.892000000003
CUST-000057,0,Enterprise,6.0,5.0,Medium,10.0,3.0,4.0,12.0,0-30 days,19302.7,20788.92,0.0,0.0,Not Applicable,0.0
CUST-003769,0,Enterprise,28.0,3.0,Medium,16.0,12.0,4.0,318.0,271-365 days,18411.36,14553.42,3638.36,4.0,Not Applicable,0.0
CUST-025332,0,Premium,45.0,2.0,High,6.0,3.0,2.0,58.0,31-60 days,32927.03,39923.88,928.46,43.0,Not Applicable,0.0
CUST-006033,0,Consumer,37.0,4.0,High,2.0,3.0,3.0,19.0,0-30 days,26745.41,22137.14,670.82,33.0,Not Applicable,0.0
CUST-032147,0,Consumer,42.0,3.0,High,2.0,1.0,0.0,54.0,31-60 days,16128.08,19481.67,590.35,33.0,Not Applicable,0.0
CUST-009750,0,Consumer,13.0,5.0,Medium,2.0,3.0,7.0,73.0,61-90 days,31215.12,30155.15,1076.97,28.0,Not Applicable,0.0
CUST-047843,0,Enterprise,3.0,4.0,Medium,15.0,10.0,1.0,62.0,61-90 days,6089.21,4758.71,176.25,27.0,Not Applicable,0.0
CUST-045388,1,Consumer,8.0,3.0,Medium,17.0,18.0,6.0,57.0,31-60 days,27130.86,24323.15,540.51,45.0,Found Alternative,9729.26
CUST-014726,0,Consumer,59.0,1.0,Medium,13.0,1.0,7.0,63.0,61-90 days,5867.65,4895.02,99.9,49.0,Not Applicable,0.0
CUST-007565,0,Consumer,40.0,3.0,Low,2.0,2.0,6.0,71.0,61-90 days,39815.68,38878.76,38878.76,1.0,Not Applicable,0.0
CUST-020419,1,Consumer,41.0,2.0,Low,4.0,2.0,7.0,363.0,271-365 days,45423.96,40633.31,3693.94,11.0,Poor Customer Service,16253.324
CUST-038672,0,Consumer,10.0,3.0,High,1.0,1.0,1.0,123.0,91-180 days,10034.58,11268.3,375.61,30.0,Not Applicable,0.0
CUST-029415,1,Enterprise,24.0,1.0,Low,14.0,3.0,9.0,21.0,0-30 days,41539.49,46218.27,1593.73,29.0,Poor Customer Service,18487.308
CUST-019871,0,Premium,38.0,2.0,High,3.0,1.0,6.0,141.0,91-180 days,43586.6,43426.15,2714.13,16.0,Not Applicable,0.0
CUST-027050,0,Consumer,25.0,4.0,High,5.0,2.0,2.0,73.0,61-90 days,22599.5,19214.71,457.49,42.0,Not Applicable,0.0
CUST-012994,0,Small Business,55.0,3.0,Low,5.0,6.0,2.0,88.0,61-90 days,13581.03,12183.71,338.44,36.0,Not Applicable,0.0
CUST-026791,0,Small Business,27.0,5.0,Low,4.0,8.0,4.0,30.0,0-30 days,55265.48,43326.94,2888.46,15.0,Not Applicable,0.0
CUST-008879,0,Consumer,15.0,5.0,High,11.0,8.0,0.0,68.0,61-90 days,43273.86,41611.15,1095.03,38.0,Not Applicable,0.0
CUST-034297,0,Small Business,43.0,4.0,High,7.0,10.0,7.0,67.0,61-90 days,39602.48,33538.0,1016.3,33.0,Not Applicable,0.0
CUST-023537,1,Small Business,59.0,5.0,Low,14.0,11.0,8.0,234.0,181-270 days,43319.74,36609.59,7321.92,5.0,Poor Customer Service,14643.836
CUST-010955,1,Premium,2.0,4.0,High,6.0,4.0,3.0,197.0,181-270 days,25625.26,23001.61,920.06,25.0,Poor Customer Service,9200.644
CUST-031577,1,Small Business,22.0,1.0,High,3.0,0.0,7.0,65.0,61-90 days,4673.18,4607.35,307.16,15.0,Technical Issues,1842.9400000000005
CUST-047323,0,Consumer,44.0,5.0,High,13.0,8.0,0.0,215.0,181-270 days,13444.99,15671.05,356.16,44.0,Not Applicable,0.0
CUST-040718,1,Consumer,30.0,4.0,Medium,9.0,1.0,6.0,358.0,271-365 days,18210.58,18221.69,506.16,36.0,Poor Product Quality,7288.675999999998
CUST-030150,1,Premium,38.0,2.0,High,7.0,4.0,4.0,80.0,61-90 days,35575.48,33649.53,1201.77,28.0,Payment Problems,13459.812
CUST-029187,0,Small Business,16.0,4.0,High,6.0,0.0,9.0,70.0,61-90 days,34001.98,31704.79,1321.03,24.0,Not Applicable,0.0
CUST-046356,1,Consumer,26.0,2.0,High,9.0,0.0,2.0,83.0,61-90 days,25726.44,25731.89,1072.16,24.0,No Longer Need Service,10292.756
CUST-012018,0,Consumer,37.0,4.0,Medium,10.0,9.0,2.0,69.0,61-90 days,47283.37,41012.56,911.39,45.0,Not Applicable,0.0
CUST-023150,1,Small Business,17.0,5.0,Medium,17.0,3.0,8.0,49.0,31-60 days,11894.47,11160.82,310.02,36.0,Technical Issues,4464.328
CUST-025733,0,Consumer,29.0,3.0,Medium,2.0,6.0,8.0,14.0,0-30 days,13590.39,14822.88,370.57,40.0,Not Applicable,0.0
CUST-005112,1,Consumer,10.0,3.0,Medium,16.0,4.0,3.0,15.0,0-30 days,26228.93,28548.71,1903.25,15.0,Found Alternative,11419.484
CUST-043414,0,Consumer,33.0,4.0,Medium,7.0,1.0,8.0,79.0,61-90 days,2782.31,3083.93,70.09,44.0,Not Applicable,0.0
CUST-003473,1,Consumer,17.0,3.0,Low,8.0,2.0,4.0,9.0,0-30 days,16531.52,13560.72,356.86,38.0,Poor Product Quality,5424.288000000001
CUST-000072,0,Consumer,11.0,4.0,High,16.0,13.0,3.0,71.0,61-90 days,21849.27,17230.32,366.6,47.0,Not Applicable,0.0
CUST-003310,0,Consumer,40.0,4.0,Low,10.0,6.0,6.0,30.0,0-30 days,21423.79,21887.92,10943.96,2.0,Not Applicable,0.0
CUST-000175,0,Premium,56.0,4.0,High,17.0,3.0,5.0,155.0,91-180 days,17824.62,17961.07,1496.76,12.0,Not Applicable,0.0
CUST-002861,1,Consumer,34.0,2.0,Medium,17.0,9.0,1.0,352.0,271-365 days,18853.29,20643.15,6881.05,3.0,Poor Product Quality,8257.26
CUST-018971,0,Consumer,52.0,3.0,High,4.0,6.0,8.0,8.0,0-30 days,20332.33,22292.04,2786.51,8.0,Not Applicable,0.0
CUST-047070,1,Small Business,19.0,5.0,Low,10.0,5.0,0.0,66.0,61-90 days,9336.05,11107.99,694.25,16.0,Too Expensive,4443.196
CUST-023601,1,Enterprise,42.0,3.0,High,14.0,12.0,7.0,56.0,31-60 days,20994.49,20883.88,549.58,38.0,Found Alternative,8353.552000000001
CUST-039687,1,Small Business,50.0,1.0,High,13.0,9.0,4.0,34.0,31-60 days,61112.51,49354.95,1495.6,33.0,Technical Issues,19741.98
CUST-025327,0,Consumer,5.0,2.0,Medium,17.0,7.0,3.0,1.0,0-30 days,47961.57,47563.06,3658.7,13.0,Not Applicable,0.0
CUST-023328,1,Premium,16.0,3.0,Low,11.0,7.0,7.0,322.0,271-365 days,32839.34,32058.39,1034.14,31.0,No Longer Need Service,12823.356000000002
CUST-045475,0,Consumer,20.0,5.0,Medium,4.0,6.0,5.0,86.0,61-90 days,10148.58,11986.65,521.16,23.0,Not Applicable,0.0
CUST-006456,0,Small Business,23.0,4.0,Low,16.0,3.0,9.0,25.0,0-30 days,14278.02,11667.87,729.24,16.0,Not Applicable,0.0
CUST-045644,1,Consumer,19.0,3.0,Medium,5.0,0.0,0.0,18.0,0-30 days,11706.78,11176.27,2794.07,4.0,Low Product Variety,4470.508000000002
CUST-042467,0,Premium,49.0,3.0,Low,1.0,5.0,0.0,18.0,0-30 days,41694.97,43781.31,2918.75,15.0,Not Applicable,0.0
CUST-019133,0,Consumer,30.0,5.0,Medium,15.0,1.0,8.0,228.0,181-270 days,31728.07,28203.0,5640.6,5.0,Not Applicable,0.0
CUST-029965,0,Premium,40.0,3.0,Medium,12.0,10.0,0.0,46.0,31-60 days,2607.73,2137.96,85.52,25.0,Not Applicable,0.0
CUST-043733,0,Consumer,56.0,2.0,High,11.0,12.0,7.0,52.0,31-60 days,39751.03,47789.48,1838.06,26.0,Not Applicable,0.0
CUST-022698,0,Small Business,24.0,4.0,Medium,13.0,2.0,7.0,58.0,31-60 days,12740.8,15604.51,624.18,25.0,Not Applicable,0.0
CUST-027790,1,Enterprise,4.0,4.0,Low,6.0,9.0,9.0,79.0,61-90 days,5240.04,5286.5,330.41,16.0,Low Product Variety,2114.6
CUST-022685,0,Premium,37.0,3.0,Medium,1.0,4.0,4.0,65.0,61-90 days,34261.36,39780.65,947.16,42.0,Not Applicable,0.0
CUST-022149,1,Enterprise,13.0,2.0,Low,18.0,12.0,6.0,33.0,31-60 days,33497.52,25808.14,526.7,49.0,Poor Product Quality,10323.256
CUST-037827,1,Consumer,9.0,5.0,Low,13.0,9.0,9.0,15.0,0-30 days,41089.06,43555.62,1281.05,34.0,Too Expensive,17422.248000000003
CUST-015047,0,Premium,42.0,3.0,High,10.0,5.0,4.0,66.0,61-90 days,22365.96,20570.82,979.56,21.0,Not Applicable,0.0
CUST-005238,1,Small Business,46.0,1.0,Medium,4.0,1.0,1.0,31.0,31-60 days,13661.52,10708.93,1784.82,6.0,Poor Product Quality,4283.572
CUST-002693,0,Consumer,30.0,1.0,Low,1.0,4.0,8.0,15.0,0-30 days,19190.63,19355.04,2765.01,7.0,Not Applicable,0.0
CUST-025079,1,Premium,29.0,2.0,Medium,4.0,7.0,6.0,124.0,91-180 days,16617.4,17592.46,462.96,38.0,Poor Product Quality,7036.984
CUST-048166,0,Premium,59.0,2.0,High,2.0,1.0,3.0,73.0,61-90 days,17205.59,18207.59,568.99,32.0,Not Applicable,0.0
CUST-027392,1,Consumer,33.0,2.0,High,19.0,2.0,4.0,18.0,0-30 days,36026.75,34758.65,4965.52,7.0,Too Expensive,13903.46
CUST-001262,0,Small Business,28.0,4.0,High,4.0,7.0,8.0,49.0,31-60 days,38166.14,34204.71,34204.71,1.0,Not Applicable,0.0
CUST-047339,1,Small Business,43.0,2.0,Medium,18.0,10.0,7.0,33.0,31-60 days,21250.65,18329.02,2291.13,8.0,Poor Customer Service,7331.608
CUST-005648,1,Premium,1.0,2.0,Medium,1.0,4.0,4.0,103.0,91-180 days,37021.77,34549.99,0.0,0.0,Poor Customer Service,13819.996
CUST-012362,1,Consumer,46.0,2.0,Low,12.0,13.0,8.0,22.0,0-30 days,21170.15,24316.93,506.6,48.0,No Longer Need Service,9726.772
CUST-000169,0,Enterprise,44.0,3.0,Medium,4.0,1.0,9.0,66.0,61-90 days,28503.37,25899.98,1850.0,14.0,Not Applicable,0.0
CUST-038291,0,Small Business,14.0,3.0,Medium,15.0,16.0,3.0,3.0,0-30 days,9699.97,8359.07,208.98,40.0,Not Applicable,0.0
CUST-001788,0,Consumer,55.0,1.0,Medium,9.0,12.0,3.0,54.0,31-60 days,15646.02,14575.06,355.49,41.0,Not Applicable,0.0
CUST-043886,1,Consumer,16.0,3.0,High,14.0,4.0,9.0,6.0,0-30 days,3611.37,4257.1,133.03,32.0,Found Alternative,1702.84
CUST-045769,0,Premium,45.0,5.0,High,18.0,22.0,1.0,44.0,31-60 days,22479.44,17368.72,496.25,35.0,Not Applicable,0.0
CUST-022944,0,Small Business,49.0,5.0,Low,0.0,3.0,4.0,313.0,271-365 days,32332.37,33118.42,2547.57,13.0,Not Applicable,0.0
CUST-012764,0,Premium,56.0,1.0,Medium,3.0,0.0,9.0,22.0,0-30 days,53693.8,47236.46,1180.91,40.0,Not Applicable,0.0
CUST-015399,1,Small Business,10.0,4.0,High,17.0,10.0,6.0,149.0,91-180 days,18772.37,18212.04,395.91,46.0,Technical Issues,7284.8160000000025
CUST-013088,0,Consumer,51.0,3.0,Medium,18.0,16.0,4.0,120.0,91-180 days,41896.65,47364.1,4736.41,10.0,Not Applicable,0.0
CUST-009494,0,Small Business,45.0,5.0,Medium,8.0,9.0,2.0,84.0,61-90 days,3357.06,2769.32,395.62,7.0,Not Applicable,0.0
CUST-022561,0,Consumer,16.0,3.0,Medium,8.0,1.0,3.0,4.0,0-30 days,29939.4,24625.13,665.54,37.0,Not Applicable,0.0
CUST-025334,0,Consumer,53.0,1.0,High,1.0,3.0,2.0,250.0,181-270 days,44160.38,41934.03,1075.23,39.0,Not Applicable,0.0
CUST-008190,0,Small Business,11.0,3.0,Medium,13.0,1.0,1.0,26.0,0-30 days,31418.07,36387.81,3032.32,12.0,Not Applicable,0.0
CUST-033058,0,Consumer,48.0,3.0,Medium,8.0,1.0,1.0,4.0,0-30 days,14048.89,14315.81,332.93,43.0,Not Applicable,0.0
CUST-043739,0,Consumer,29.0,5.0,Medium,12.0,3.0,1.0,83.0,61-90 days,2544.59,2269.53,75.65,30.0,Not Applicable,0.0
CUST-048428,0,Consumer,47.0,3.0,High,17.0,16.0,4.0,63.0,61-90 days,690.65,663.05,14.11,47.0,Not Applicable,0.0
CUST-016279,0,Enterprise,30.0,4.0,High,10.0,2.0,3.0,108.0,91-180 days,33033.85,30087.23,6017.45,5.0,Not Applicable,0.0
CUST-019876,1,Premium,47.0,3.0,Low,5.0,8.0,7.0,49.0,31-60 days,13173.92,10955.68,782.55,14.0,Too Expensive,4382.272
CUST-023211,0,Premium,26.0,4.0,High,8.0,12.0,4.0,58.0,31-60 days,12788.81,10396.02,495.05,21.0,Not Applicable,0.0
CUST-043899,1,Premium,20.0,3.0,Low,14.0,3.0,6.0,31.0,31-60 days,33086.31,31593.51,1858.44,17.0,Poor Customer Service,12637.404
CUST-031738,0,Premium,57.0,3.0,High,6.0,4.0,5.0,22.0,0-30 days,11997.62,10205.88,351.93,29.0,Not Applicable,0.0
CUST-034986,1,Small Business,54.0,4.0,Low,14.0,11.0,9.0,111.0,91-180 days,40904.88,34177.94,1314.54,26.0,Shipping Issues,13671.176000000001
CUST-005750,0,Premium,49.0,4.0,Medium,1.0,4.0,4.0,113.0,91-180 days,2932.83,3440.76,0.0,0.0,Not Applicable,0.0
CUST-031872,0,Premium,14.0,4.0,High,11.0,9.0,7.0,237.0,181-270 days,17383.85,19494.32,556.98,35.0,Not Applicable,0.0
CUST-009964,0,Consumer,46.0,1.0,Medium,0.0,1.0,3.0,355.0,271-365 days,19645.45,23290.93,554.55,42.0,Not Applicable,0.0
CUST-004435,0,Consumer,27.0,1.0,Low,1.0,4.0,2.0,181.0,181-270 days,32443.75,38843.54,1765.62,22.0,Not Applicable,0.0
CUST-024406,1,Consumer,35.0,5.0,High,16.0,8.0,7.0,150.0,91-180 days,4856.45,4563.31,1140.83,4.0,Poor Customer Service,1825.3240000000005
CUST-001801,0,Small Business,13.0,3.0,High,19.0,5.0,9.0,28.0,0-30 days,19877.42,17137.01,612.04,28.0,Not Applicable,0.0
CUST-025161,0,Premium,14.0,5.0,Medium,4.0,7.0,4.0,29.0,0-30 days,22980.68,21801.84,622.91,35.0,Not Applicable,0.0
CUST-007574,1,Consumer,37.0,2.0,Medium,0.0,4.0,2.0,333.0,271-365 days,28700.36,24256.22,4851.24,5.0,Poor Customer Service,9702.488000000001
CUST-039224,0,Consumer,13.0,3.0,High,3.0,0.0,1.0,155.0,91-180 days,26449.11,23316.35,647.68,36.0,Not Applicable,0.0
CUST-038439,0,Small Business,46.0,1.0,Low,8.0,3.0,5.0,32.0,31-60 days,40224.99,39607.99,2640.53,15.0,Not Applicable,0.0
CUST-037774,1,Small Business,27.0,1.0,Low,14.0,6.0,0.0,261.0,181-270 days,39679.24,38119.56,1732.71,22.0,Better Price Elsewhere,15247.824
CUST-003481,1,Premium,6.0,1.0,High,7.0,5.0,7.0,9.0,0-30 days,48188.05,42310.52,5288.81,8.0,Poor Customer Service,16924.208
CUST-027274,0,Consumer,4.0,4.0,Medium,2.0,4.0,1.0,20.0,0-30 days,1283.79,1532.81,37.39,41.0,Not Applicable,0.0
CUST-013517,0,Enterprise,45.0,4.0,Medium,6.0,4.0,3.0,26.0,0-30 days,3246.29,2578.23,54.86,47.0,Not Applicable,0.0
CUST-005989,1,Enterprise,49.0,4.0,Low,9.0,4.0,0.0,319.0,271-365 days,37754.68,38448.34,1068.01,36.0,Technical Issues,15379.336
CUST-007500,0,Enterprise,59.0,5.0,Medium,8.0,2.0,5.0,282.0,271-365 days,43611.03,48162.18,1204.05,40.0,Not Applicable,0.0
CUST-032092,0,Consumer,51.0,5.0,Low,15.0,7.0,4.0,117.0,91-180 days,27517.46,30491.99,648.77,47.0,Not Applicable,0.0
CUST-006108,0,Premium,50.0,5.0,Low,12.0,16.0,8.0,51.0,31-60 days,18573.9,20445.25,584.15,35.0,Not Applicable,0.0
CUST-036792,0,Premium,40.0,3.0,High,17.0,20.0,4.0,197.0,181-270 days,36421.62,29162.31,1121.63,26.0,Not Applicable,0.0
CUST-029550,0,Consumer,27.0,2.0,Medium,17.0,1.0,0.0,65.0,61-90 days,20224.38,15818.04,0.0,0.0,Not Applicable,0.0
CUST-022019,1,Consumer,29.0,1.0,Low,14.0,8.0,9.0,166.0,91-180 days,10259.05,11533.78,1281.53,9.0,Poor Product Quality,4613.5120000000015
CUST-014531,1,Consumer,20.0,2.0,Medium,9.0,11.0,5.0,73.0,61-90 days,21832.82,21054.63,1403.64,15.0,Better Price Elsewhere,8421.851999999999
CUST-029754,0,Consumer,56.0,3.0,Medium,3.0,5.0,5.0,76.0,61-90 days,36614.03,29798.02,4256.86,7.0,Not Applicable,0.0
CUST-028245,0,Consumer,15.0,1.0,Medium,7.0,5.0,9.0,83.0,61-90 days,18158.87,17646.89,1960.77,9.0,Not Applicable,0.0
CUST-036040,1,Consumer,53.0,2.0,Medium,14.0,10.0,4.0,147.0,91-180 days,19473.35,20901.55,597.19,35.0,Poor Product Quality,8360.62
CUST-031280,0,Consumer,7.0,2.0,High,6.0,3.0,0.0,62.0,61-90 days,26008.46,23397.03,899.89,26.0,Not Applicable,0.0
CUST-034705,0,Premium,35.0,5.0,Low,9.0,1.0,0.0,61.0,61-90 days,6660.38,7414.61,494.31,15.0,Not Applicable,0.0
CUST-015973,1,Consumer,30.0,4.0,Low,16.0,1.0,5.0,278.0,271-365 days,27862.41,22865.87,1758.91,13.0,Poor Product Quality,9146.348
CUST-032283,1,Enterprise,39.0,4.0,Low,8.0,9.0,6.0,321.0,271-365 days,24397.79,21165.67,1007.89,21.0,Low Product Variety,8466.268
CUST-010427,0,Small Business,11.0,5.0,High,7.0,1.0,2.0,51.0,31-60 days,35444.42,32972.29,891.14,37.0,Not Applicable,0.0
CUST-044022,1,Consumer,48.0,4.0,Low,12.0,7.0,1.0,69.0,61-90 days,47157.67,43027.17,2868.48,15.0,Poor Customer Service,17210.868000000002
CUST-021676,0,Premium,47.0,2.0,High,1.0,5.0,2.0,58.0,31-60 days,54305.27,45076.26,2651.54,17.0,Not Applicable,0.0
CUST-019805,1,Enterprise,41.0,3.0,Medium,16.0,1.0,2.0,72.0,61-90 days,11081.12,10737.03,3579.01,3.0,Account Issues,4294.812000000001
CUST-017269,1,Enterprise,45.0,1.0,High,1.0,2.0,9.0,236.0,181-270 days,17523.29,13890.46,631.38,22.0,Account Issues,5556.184
CUST-017985,0,Premium,52.0,1.0,High,2.0,0.0,7.0,74.0,61-90 days,12303.09,10470.7,317.29,33.0,Not Applicable,0.0
CUST-036712,1,Consumer,2.0,1.0,Low,7.0,2.0,4.0,281.0,271-365 days,15145.88,12677.75,258.73,49.0,Better Price Elsewhere,5071.1
CUST-036030,0,Enterprise,26.0,4.0,High,1.0,3.0,6.0,50.0,31-60 days,17302.53,19840.57,522.12,38.0,Not Applicable,0.0
CUST-005313,1,Consumer,28.0,5.0,Medium,14.0,1.0,6.0,69.0,61-90 days,34426.03,27855.3,2321.28,12.0,Payment Problems,11142.12
CUST-049156,1,Small Business,7.0,1.0,High,0.0,2.0,6.0,6.0,0-30 days,8269.54,6822.29,148.31,46.0,Better Price Elsewhere,2728.916
CUST-045883,1,Small Business,43.0,5.0,Low,19.0,16.0,3.0,67.0,61-90 days,37016.16,45005.45,1071.56,42.0,Payment Problems,18002.18
CUST-041868,0,Enterprise,56.0,3.0,Medium,10.0,4.0,4.0,29.0,0-30 days,17049.35,15997.06,5332.35,3.0,Not Applicable,0.0
CUST-019720,1,Premium,14.0,1.0,Medium,7.0,1.0,8.0,1.0,0-30 days,714.41,656.37,29.84,22.0,Poor Customer Service,262.548
CUST-002240,1,Small Business,51.0,2.0,Low,9.0,9.0,1.0,201.0,181-270 days,2395.12,2337.87,51.95,45.0,Better Price Elsewhere,935.148
CUST-026127,0,Small Business,32.0,5.0,Low,13.0,13.0,8.0,60.0,31-60 days,14439.39,11991.22,444.12,27.0,Not Applicable,0.0
CUST-011108,0,Small Business,34.0,3.0,Medium,1.0,5.0,3.0,317.0,271-365 days,22666.88,24651.72,8217.24,3.0,Not Applicable,0.0
CUST-022131,0,Consumer,39.0,3.0,Medium,4.0,2.0,7.0,47.0,31-60 days,4362.07,3862.86,386.29,10.0,Not Applicable,0.0
CUST-037368,1,Consumer,4.0,1.0,Low,1.0,1.0,1.0,28.0,0-30 days,31976.02,35015.65,1094.24,32.0,Better Price Elsewhere,14006.260000000002
CUST-015421,0,Premium,27.0,5.0,Medium,7.0,8.0,2.0,21.0,0-30 days,25107.32,23149.32,593.57,39.0,Not Applicable,0.0
CUST-016455,0,Consumer,56.0,2.0,Medium,17.0,7.0,8.0,267.0,181-270 days,7180.51,6635.01,245.74,27.0,Not Applicable,0.0
CUST-014189,0,Premium,23.0,3.0,Low,0.0,0.0,3.0,113.0,91-180 days,11546.66,13163.67,376.1,35.0,Not Applicable,0.0
CUST-026112,1,Premium,58.0,1.0,Low,11.0,13.0,8.0,170.0,91-180 days,8950.38,11150.88,384.51,29.0,Shipping Issues,4460.352
CUST-021863,0,Consumer,21.0,4.0,Medium,6.0,4.0,8.0,78.0,61-90 days,6492.91,7861.38,374.35,21.0,Not Applicable,0.0
CUST-044871,1,Consumer,25.0,1.0,Low,5.0,4.0,0.0,39.0,31-60 days,25319.21,27911.68,1073.53,26.0,Shipping Issues,11164.672
CUST-001020,0,Consumer,35.0,3.0,High,10.0,13.0,0.0,47.0,31-60 days,32863.99,40459.18,10114.8,4.0,Not Applicable,0.0
CUST-014137,1,Consumer,12.0,4.0,Low,19.0,5.0,1.0,274.0,271-365 days,32568.59,34778.68,0.0,0.0,Too Expensive,13911.472000000002
CUST-045708,0,Premium,6.0,4.0,Low,4.0,5.0,8.0,60.0,31-60 days,26066.82,22340.31,5585.08,4.0,Not Applicable,0.0
CUST-019848,1,Consumer,16.0,1.0,High,13.0,8.0,8.0,62.0,61-90 days,44801.35,47953.2,2283.49,21.0,Better Price Elsewhere,19181.28
CUST-033879,0,Consumer,24.0,4.0,Medium,0.0,0.0,9.0,54.0,31-60 days,43263.78,49060.97,1001.24,49.0,Not Applicable,0.0
CUST-004380,0,Premium,43.0,5.0,High,13.0,9.0,5.0,67.0,61-90 days,9116.3,7113.61,222.3,32.0,Not Applicable,0.0
CUST-037903,1,Consumer,51.0,2.0,Medium,7.0,10.0,5.0,8.0,0-30 days,16745.51,14101.4,1281.95,11.0,Payment Problems,5640.56
CUST-037652,0,Consumer,59.0,2.0,Low,3.0,6.0,3.0,78.0,61-90 days,713.36,661.71,60.16,11.0,Not Applicable,0.0
CUST-026718,1,Consumer,16.0,1.0,Medium,3.0,6.0,8.0,35.0,31-60 days,33920.06,32396.92,1045.06,31.0,Better Price Elsewhere,12958.768
CUST-003467,0,Small Business,58.0,5.0,High,7.0,11.0,0.0,227.0,181-270 days,36387.95,32781.87,0.0,0.0,Not Applicable,0.0
CUST-003052,1,Enterprise,26.0,1.0,Medium,4.0,0.0,6.0,89.0,61-90 days,13366.6,12562.24,2512.45,5.0,Shipping Issues,5024.896000000002
CUST-030028,1,Premium,20.0,1.0,Medium,14.0,8.0,9.0,64.0,61-90 days,1786.65,2079.55,415.91,5.0,Poor Customer Service,831.8200000000003
CUST-028610,0,Premium,39.0,4.0,Medium,19.0,6.0,5.0,50.0,31-60 days,18916.52,18691.09,479.26,39.0,Not Applicable,0.0
CUST-049472,1,Consumer,57.0,4.0,High,18.0,20.0,6.0,28.0,0-30 days,21511.76,17122.92,1426.91,12.0,Payment Problems,6849.1680000000015
CUST-036873,1,Small Business,47.0,1.0,Low,16.0,19.0,9.0,300.0,271-365 days,19474.28,23501.18,479.62,49.0,Payment Problems,9400.472
CUST-040591,0,Small Business,15.0,3.0,High,5.0,2.0,4.0,10.0,0-30 days,38614.81,33999.29,693.86,49.0,Not Applicable,0.0
CUST-018974,1,Small Business,33.0,2.0,High,13.0,9.0,1.0,67.0,61-90 days,36343.07,36528.6,830.2,44.0,No Longer Need Service,14611.44
CUST-039038,1,Consumer,10.0,1.0,Medium,7.0,8.0,2.0,330.0,271-365 days,16049.04,15113.21,419.81,36.0,Poor Customer Service,6045.2840000000015
CUST-001839,1,Small Business,22.0,1.0,High,2.0,4.0,1.0,163.0,91-180 days,16606.2,15987.81,355.28,45.0,Shipping Issues,6395.124
CUST-030056,0,Consumer,32.0,3.0,Medium,5.0,9.0,7.0,238.0,181-270 days,43899.48,37188.25,1282.35,29.0,Not Applicable,0.0
CUST-041410,0,Consumer,32.0,3.0,Medium,17.0,10.0,3.0,77.0,61-90 days,51413.37,49631.73,3817.83,13.0,Not Applicable,0.0
CUST-026549,1,Consumer,29.0,3.0,Low,4.0,6.0,0.0,71.0,61-90 days,47644.84,37246.05,1330.22,28.0,Shipping Issues,14898.420000000002
CUST-004365,1,Consumer,16.0,1.0,Low,3.0,2.0,7.0,132.0,91-180 days,44492.75,40656.27,8131.25,5.0,Shipping Issues,16262.508
CUST-015919,0,Consumer,37.0,4.0,Medium,15.0,16.0,3.0,27.0,0-30 days,23373.91,20011.9,465.39,43.0,Not Applicable,0.0
CUST-037890,0,Consumer,49.0,1.0,Low,10.0,9.0,0.0,20.0,0-30 days,41503.48,39376.6,1093.79,36.0,Not Applicable,0.0
CUST-036622,0,Small Business,18.0,4.0,High,5.0,7.0,2.0,18.0,0-30 days,43816.65,43310.71,1883.07,23.0,Not Applicable,0.0
CUST-043684,0,Consumer,48.0,1.0,High,10.0,0.0,1.0,40.0,31-60 days,44970.27,41612.72,1600.49,26.0,Not Applicable,0.0
CUST-004640,0,Consumer,41.0,2.0,High,4.0,0.0,1.0,28.0,0-30 days,20401.38,25189.03,629.73,40.0,Not Applicable,0.0
CUST-030329,0,Small Business,10.0,2.0,Medium,12.0,13.0,9.0,60.0,31-60 days,9738.29,9337.64,227.75,41.0,Not Applicable,0.0
CUST-012679,0,Premium,39.0,1.0,Low,10.0,7.0,4.0,78.0,61-90 days,5301.02,5064.14,136.87,37.0,Not Applicable,0.0
CUST-045762,1,Small Business,41.0,4.0,High,13.0,1.0,2.0,269.0,181-270 days,8946.05,7883.66,606.44,13.0,Poor Customer Service,3153.4640000000004
CUST-008640,0,Consumer,46.0,1.0,Medium,9.0,1.0,8.0,11.0,0-30 days,4935.28,4400.4,191.32,23.0,Not Applicable,0.0
CUST-034269,0,Consumer,47.0,3.0,Medium,14.0,2.0,7.0,23.0,0-30 days,9913.81,10248.08,683.21,15.0,Not Applicable,0.0
CUST-021855,0,Consumer,50.0,5.0,Medium,18.0,10.0,4.0,245.0,181-270 days,9977.34,8223.54,1174.79,7.0,Not Applicable,0.0
CUST-028671,1,Premium,48.0,4.0,Medium,14.0,17.0,8.0,318.0,271-365 days,48814.87,42829.61,1586.28,27.0,Poor Customer Service,17131.843999999994
CUST-023751,1,Consumer,36.0,4.0,Low,12.0,16.0,7.0,12.0,0-30 days,8192.48,6412.3,194.31,33.0,Poor Customer Service,2564.92
CUST-018480,1,Consumer,55.0,5.0,Low,5.0,2.0,2.0,76.0,61-90 days,17634.17,14548.34,1039.17,14.0,Poor Customer Service,5819.335999999998
CUST-037810,0,Consumer,17.0,4.0,High,10.0,12.0,5.0,33.0,31-60 days,18142.66,20442.59,638.83,32.0,Not Applicable,0.0
CUST-011470,0,Small Business,37.0,5.0,High,7.0,0.0,8.0,197.0,181-270 days,18730.31,14919.6,3729.9,4.0,Not Applicable,0.0
CUST-030768,0,Enterprise,25.0,3.0,Low,7.0,11.0,1.0,53.0,31-60 days,28484.95,24358.2,2214.38,11.0,Not Applicable,0.0
CUST-012750,0,Small Business,34.0,4.0,Medium,14.0,10.0,4.0,81.0,61-90 days,27128.31,28660.23,1246.1,23.0,Not Applicable,0.0
CUST-040644,0,Consumer,57.0,5.0,Medium,2.0,1.0,2.0,56.0,31-60 days,38234.05,46886.96,2604.83,18.0,Not Applicable,0.0
CUST-001005,0,Consumer,52.0,5.0,High,10.0,0.0,2.0,280.0,271-365 days,44371.29,34933.92,873.35,40.0,Not Applicable,0.0
CUST-008163,0,Premium,18.0,4.0,Low,7.0,7.0,2.0,108.0,91-180 days,3168.26,3020.1,79.48,38.0,Not Applicable,0.0
CUST-013060,0,Premium,47.0,3.0,Low,8.0,8.0,9.0,33.0,31-60 days,24233.25,24419.83,610.5,40.0,Not Applicable,0.0
CUST-006724,0,Consumer,14.0,4.0,Low,16.0,15.0,0.0,46.0,31-60 days,30473.27,25807.05,782.03,33.0,Not Applicable,0.0
CUST-034092,0,Premium,34.0,1.0,High,2.0,6.0,9.0,45.0,31-60 days,2791.36,2253.06,204.82,11.0,Not Applicable,0.0
CUST-036784,1,Premium,58.0,1.0,Low,14.0,15.0,9.0,40.0,31-60 days,29671.43,35738.45,1701.83,21.0,Poor Product Quality,14295.38
CUST-004835,1,Consumer,24.0,2.0,Low,0.0,4.0,8.0,53.0,31-60 days,41859.96,49028.37,1257.14,39.0,Poor Customer Service,19611.348
CUST-045780,0,Consumer,56.0,3.0,High,17.0,8.0,5.0,2.0,0-30 days,38332.26,40518.73,900.42,45.0,Not Applicable,0.0
CUST-037579,0,Small Business,42.0,2.0,Low,3.0,4.0,9.0,247.0,181-270 days,12615.14,11912.2,340.35,35.0,Not Applicable,0.0
CUST-035306,1,Small Business,54.0,1.0,Low,1.0,3.0,7.0,177.0,91-180 days,10124.05,9750.57,513.19,19.0,Poor Customer Service,3900.228
CUST-016567,1,Premium,56.0,4.0,High,0.0,3.0,3.0,192.0,181-270 days,38572.22,37533.89,938.35,40.0,Low Product Variety,15013.556
CUST-024687,0,Consumer,9.0,1.0,Medium,18.0,1.0,7.0,89.0,61-90 days,1548.58,1219.38,29.03,42.0,Not Applicable,0.0
CUST-029185,0,Small Business,29.0,5.0,Medium,14.0,10.0,6.0,130.0,91-180 days,30192.26,26417.69,550.37,48.0,Not Applicable,0.0
CUST-016656,0,Small Business,3.0,3.0,Medium,9.0,1.0,2.0,8.0,0-30 days,58406.49,49286.59,3520.47,14.0,Not Applicable,0.0
CUST-017821,1,Premium,23.0,5.0,Medium,13.0,17.0,7.0,310.0,271-365 days,23875.51,24647.61,770.24,32.0,Shipping Issues,9859.044000000002
CUST-028394,1,Consumer,4.0,4.0,Medium,14.0,3.0,0.0,66.0,61-90 days,45411.78,37292.15,4143.57,9.0,Shipping Issues,14916.86
CUST-018838,1,Premium,12.0,1.0,Medium,12.0,1.0,0.0,41.0,31-60 days,23914.46,28408.01,2185.23,13.0,Better Price Elsewhere,11363.204
CUST-009168,0,Consumer,17.0,4.0,High,5.0,1.0,0.0,64.0,61-90 days,1458.18,1333.87,27.22,49.0,Not Applicable,0.0
CUST-038656,0,Premium,23.0,3.0,High,14.0,0.0,2.0,189.0,181-270 days,1278.35,1509.34,65.62,23.0,Not Applicable,0.0
CUST-036364,1,Consumer,20.0,1.0,High,4.0,1.0,7.0,133.0,91-180 days,36485.69,37785.56,1049.6,36.0,Poor Product Quality,15114.223999999998
CUST-013215,0,Consumer,12.0,5.0,Medium,3.0,6.0,0.0,68.0,61-90 days,8337.69,7656.65,212.68,36.0,Not Applicable,0.0
CUST-019286,0,Premium,26.0,4.0,High,5.0,4.0,4.0,7.0,0-30 days,17468.44,19001.36,1461.64,13.0,Not Applicable,0.0
CUST-022183,1,Consumer,16.0,4.0,Medium,2.0,3.0,0.0,1.0,0-30 days,8009.61,9261.27,308.71,30.0,Technical Issues,3704.508
CUST-006967,1,Consumer,16.0,2.0,Low,15.0,9.0,6.0,10.0,0-30 days,6043.22,6025.83,223.18,27.0,Payment Problems,2410.332000000001
CUST-029003,1,Consumer,53.0,1.0,Low,19.0,14.0,0.0,248.0,181-270 days,25152.57,31336.5,15668.25,2.0,Account Issues,12534.6
CUST-037972,1,Small Business,50.0,3.0,Low,19.0,18.0,4.0,315.0,271-365 days,29057.17,23332.18,686.24,34.0,Poor Customer Service,9332.872
CUST-002780,0,Premium,35.0,4.0,Low,9.0,3.0,4.0,31.0,31-60 days,38408.63,38585.55,2030.82,19.0,Not Applicable,0.0
CUST-041286,0,Small Business,34.0,3.0,Medium,17.0,1.0,4.0,43.0,31-60 days,13668.68,11821.07,537.32,22.0,Not Applicable,0.0
CUST-017029,0,Consumer,12.0,2.0,High,19.0,21.0,1.0,320.0,271-365 days,30704.04,35193.84,818.46,43.0,Not Applicable,0.0
CUST-041452,0,Consumer,4.0,5.0,Medium,5.0,9.0,4.0,21.0,0-30 days,30434.7,26380.32,643.42,41.0,Not Applicable,0.0
CUST-044339,1,Small Business,49.0,2.0,High,12.0,5.0,6.0,73.0,61-90 days,5575.49,5630.9,165.61,34.0,Better Price Elsewhere,2252.36
CUST-025188,0,Premium,12.0,5.0,Low,8.0,4.0,8.0,55.0,31-60 days,10432.2,11202.87,273.24,41.0,Not Applicable,0.0
CUST-031103,0,Consumer,48.0,5.0,High,6.0,4.0,3.0,76.0,61-90 days,17268.54,15125.43,351.75,43.0,Not Applicable,0.0
CUST-034009,0,Consumer,26.0,4.0,High,9.0,0.0,4.0,82.0,61-90 days,42699.23,41644.58,8328.92,5.0,Not Applicable,0.0
CUST-014904,0,Premium,41.0,4.0,Low,0.0,1.0,5.0,68.0,61-90 days,53781.22,45192.09,0.0,0.0,Not Applicable,0.0
CUST-011722,1,Consumer,19.0,1.0,High,14.0,14.0,7.0,63.0,61-90 days,34739.44,32056.17,4579.45,7.0,Better Price Elsewhere,12822.468
CUST-001561,0,Consumer,41.0,4.0,Medium,12.0,10.0,9.0,34.0,31-60 days,15578.49,14377.25,399.37,36.0,Not Applicable,0.0
CUST-032792,1,Premium,59.0,2.0,Medium,14.0,5.0,0.0,9.0,0-30 days,56329.43,44977.97,2044.45,22.0,Shipping Issues,17991.188000000002
CUST-048232,0,Consumer,49.0,4.0,Medium,3.0,4.0,5.0,59.0,31-60 days,14601.89,16290.4,626.55,26.0,Not Applicable,0.0
CUST-013866,0,Enterprise,44.0,3.0,Medium,17.0,12.0,6.0,274.0,271-365 days,7143.99,6146.05,142.93,43.0,Not Applicable,0.0
CUST-037286,0,Consumer,18.0,5.0,Low,18.0,14.0,2.0,334.0,271-365 days,17646.41,18183.11,0.0,0.0,Not Applicable,0.0
CUST-042455,0,Consumer,53.0,5.0,High,16.0,1.0,3.0,14.0,0-30 days,23702.78,21063.74,4212.75,5.0,Not Applicable,0.0
CUST-047837,0,Premium,41.0,2.0,High,9.0,6.0,7.0,52.0,31-60 days,9828.81,10794.72,1542.1,7.0,Not Applicable,0.0
CUST-031025,0,Premium,34.0,5.0,Low,0.0,0.0,1.0,89.0,61-90 days,1954.16,2322.82,154.85,15.0,Not Applicable,0.0
CUST-020484,0,Consumer,35.0,5.0,Medium,16.0,20.0,5.0,41.0,31-60 days,53785.17,47784.57,1086.01,44.0,Not Applicable,0.0
CUST-021222,0,Small Business,1.0,1.0,Medium,11.0,4.0,9.0,19.0,0-30 days,9262.45,7593.83,303.75,25.0,Not Applicable,0.0
CUST-011903,0,Enterprise,13.0,3.0,Medium,19.0,19.0,5.0,22.0,0-30 days,23863.68,21072.18,501.72,42.0,Not Applicable,0.0
CUST-040765,0,Premium,8.0,3.0,Medium,18.0,1.0,5.0,6.0,0-30 days,37690.34,31987.13,969.31,33.0,Not Applicable,0.0
CUST-034063,0,Small Business,33.0,4.0,Medium,7.0,4.0,9.0,5.0,0-30 days,6871.22,7786.46,409.81,19.0,Not Applicable,0.0
CUST-005181,1,Small Business,16.0,1.0,Low,0.0,4.0,4.0,64.0,61-90 days,55727.24,45514.26,5689.28,8.0,Poor Product Quality,18205.704
CUST-039174,1,Enterprise,6.0,2.0,Low,18.0,0.0,4.0,60.0,31-60 days,43247.02,39312.73,1228.52,32.0,Found Alternative,15725.092000000002
CUST-044240,0,Premium,54.0,5.0,Medium,9.0,13.0,6.0,25.0,0-30 days,3945.61,4557.69,130.22,35.0,Not Applicable,0.0
CUST-006159,0,Premium,10.0,4.0,Medium,9.0,6.0,2.0,238.0,181-270 days,3207.08,2558.56,150.5,17.0,Not Applicable,0.0
CUST-007921,0,Premium,35.0,4.0,High,7.0,10.0,5.0,99.0,91-180 days,38752.27,31957.21,5326.2,6.0,Not Applicable,0.0
CUST-041879,0,Premium,21.0,5.0,Medium,13.0,17.0,0.0,86.0,61-90 days,34509.05,41237.51,20618.76,2.0,Not Applicable,0.0
CUST-036794,0,Premium,7.0,5.0,High,5.0,5.0,5.0,56.0,31-60 days,19329.97,20778.91,472.25,44.0,Not Applicable,0.0
CUST-021469,1,Small Business,40.0,4.0,High,19.0,0.0,6.0,43.0,31-60 days,12349.35,14175.53,0.0,0.0,Poor Customer Service,5670.212
CUST-006576,1,Consumer,10.0,1.0,Low,8.0,9.0,1.0,52.0,31-60 days,9316.75,10570.89,341.0,31.0,Better Price Elsewhere,4228.356
CUST-014052,0,Enterprise,47.0,1.0,Medium,12.0,1.0,0.0,29.0,0-30 days,39286.17,37447.36,1134.77,33.0,Not Applicable,0.0
CUST-045176,1,Consumer,57.0,1.0,Medium,13.0,14.0,0.0,11.0,0-30 days,13326.06,13791.08,430.97,32.0,No Longer Need Service,5516.4320000000025
CUST-040799,0,Small Business,47.0,5.0,High,11.0,12.0,2.0,33.0,31-60 days,35248.92,32687.21,883.44,37.0,Not Applicable,0.0
CUST-012116,0,Consumer,50.0,5.0,High,17.0,16.0,5.0,87.0,61-90 days,36713.53,35647.4,7129.48,5.0,Not Applicable,0.0
CUST-019671,0,Premium,15.0,5.0,High,15.0,4.0,6.0,2.0,0-30 days,31362.5,37955.03,4217.23,9.0,Not Applicable,0.0
CUST-035356,1,Consumer,45.0,2.0,Low,15.0,9.0,2.0,51.0,31-60 days,25092.73,27855.83,1466.1,19.0,Too Expensive,11142.332000000002
CUST-041749,1,Premium,30.0,3.0,High,6.0,10.0,4.0,74.0,61-90 days,41105.76,39897.36,1139.92,35.0,Payment Problems,15958.944
CUST-004306,1,Enterprise,50.0,2.0,Medium,16.0,4.0,1.0,303.0,271-365 days,48663.8,43391.37,2711.96,16.0,Better Price Elsewhere,17356.548000000006
CUST-035498,1,Premium,23.0,2.0,Medium,18.0,0.0,0.0,53.0,31-60 days,13855.09,11814.66,590.73,20.0,Better Price Elsewhere,4725.864000000001
CUST-038793,0,Consumer,59.0,5.0,Medium,18.0,11.0,8.0,8.0,0-30 days,3573.13,4344.09,868.82,5.0,Not Applicable,0.0
CUST-045725,0,Consumer,17.0,5.0,Low,14.0,13.0,5.0,8.0,0-30 days,37513.5,41923.39,13974.46,3.0,Not Applicable,0.0
CUST-037376,0,Small Business,40.0,1.0,Medium,11.0,9.0,8.0,282.0,271-365 days,32436.53,31012.51,795.19,39.0,Not Applicable,0.0
CUST-028955,0,Premium,23.0,4.0,Medium,4.0,8.0,3.0,309.0,271-365 days,3433.23,4004.04,117.77,34.0,Not Applicable,0.0
CUST-010784,1,Small Business,22.0,1.0,Low,15.0,5.0,3.0,2.0,0-30 days,12084.86,11726.49,533.02,22.0,Too Expensive,4690.596000000001
CUST-021480,0,Premium,22.0,5.0,High,8.0,9.0,7.0,55.0,31-60 days,27384.27,24394.89,1524.68,16.0,Not Applicable,0.0
CUST-046085,0,Premium,29.0,3.0,Medium,12.0,12.0,8.0,30.0,0-30 days,34003.38,26329.02,626.88,42.0,Not Applicable,0.0
CUST-003595,0,Consumer,58.0,4.0,Medium,11.0,1.0,3.0,48.0,31-60 days,33617.84,28634.76,650.79,44.0,Not Applicable,0.0
CUST-018755,1,Consumer,54.0,2.0,Low,4.0,6.0,8.0,81.0,61-90 days,40950.3,49092.43,1402.64,35.0,Better Price Elsewhere,19636.972
CUST-021205,0,Consumer,24.0,3.0,Medium,16.0,11.0,7.0,180.0,91-180 days,31633.86,35253.53,734.45,48.0,Not Applicable,0.0
CUST-007143,1,Small Business,52.0,5.0,Low,9.0,4.0,4.0,71.0,61-90 days,6141.97,5646.25,941.04,6.0,Account Issues,2258.5
CUST-037137,0,Small Business,41.0,1.0,Low,9.0,5.0,6.0,58.0,31-60 days,2908.77,2316.76,96.53,24.0,Not Applicable,0.0
CUST-034751,1,Consumer,59.0,2.0,Medium,5.0,4.0,7.0,303.0,271-365 days,62841.07,49076.83,1090.6,45.0,Found Alternative,19630.732
CUST-016109,0,Premium,31.0,3.0,High,16.0,18.0,1.0,30.0,0-30 days,2102.84,2279.6,81.41,28.0,Not Applicable,0.0
CUST-047077,1,Premium,31.0,3.0,High,8.0,2.0,6.0,26.0,0-30 days,50665.6,47904.26,998.01,48.0,Poor Product Quality,19161.704
CUST-015737,1,Premium,32.0,2.0,Medium,10.0,0.0,0.0,122.0,91-180 days,42484.13,43919.62,5489.95,8.0,Poor Customer Service,17567.848
CUST-002332,1,Consumer,2.0,1.0,Low,2.0,0.0,1.0,36.0,31-60 days,31571.64,33679.79,863.58,39.0,Shipping Issues,13471.916000000001
CUST-032834,1,Premium,39.0,4.0,High,12.0,7.0,6.0,49.0,31-60 days,40391.97,43709.43,1456.98,30.0,Poor Product Quality,17483.772
CUST-032895,1,Premium,5.0,1.0,Medium,14.0,5.0,3.0,73.0,61-90 days,34837.35,28558.34,892.45,32.0,Poor Customer Service,11423.336000000001
CUST-020232,0,Consumer,23.0,5.0,High,0.0,3.0,3.0,41.0,31-60 days,6739.53,6990.58,179.25,39.0,Not Applicable,0.0
CUST-018673,0,Consumer,59.0,5.0,Medium,13.0,0.0,8.0,55.0,31-60 days,21279.73,19362.71,667.68,29.0,Not Applicable,0.0
CUST-044314,1,Consumer,50.0,3.0,Low,1.0,0.0,4.0,52.0,31-60 days,4797.85,5180.71,647.59,8.0,Payment Problems,2072.284
CUST-038147,0,Small Business,29.0,2.0,Medium,13.0,1.0,0.0,39.0,31-60 days,41856.05,43303.97,2405.78,18.0,Not Applicable,0.0
CUST-016805,1,Consumer,36.0,2.0,High,11.0,6.0,3.0,42.0,31-60 days,36481.09,34934.49,1397.38,25.0,Better Price Elsewhere,13973.796
CUST-039699,0,Small Business,7.0,3.0,High,6.0,7.0,0.0,40.0,31-60 days,30077.18,36222.46,1341.57,27.0,Not Applicable,0.0
CUST-024938,0,Premium,4.0,3.0,Medium,6.0,4.0,6.0,14.0,0-30 days,33356.68,35254.53,3917.17,9.0,Not Applicable,0.0
CUST-039313,0,Premium,9.0,3.0,High,11.0,14.0,5.0,42.0,31-60 days,40993.69,32338.8,1469.95,22.0,Not Applicable,0.0
CUST-040701,1,Consumer,1.0,2.0,Low,12.0,8.0,6.0,57.0,31-60 days,31380.34,28120.88,2343.41,12.0,Technical Issues,11248.352
CUST-007210,0,Consumer,35.0,1.0,High,2.0,3.0,3.0,57.0,31-60 days,51776.61,48458.31,2307.54,21.0,Not Applicable,0.0
CUST-001042,1,Small Business,38.0,1.0,Medium,13.0,3.0,2.0,30.0,0-30 days,33829.76,26370.67,561.08,47.0,Found Alternative,10548.268
CUST-046375,1,Consumer,39.0,2.0,Low,1.0,4.0,7.0,73.0,61-90 days,510.15,510.56,13.09,39.0,Found Alternative,204.22400000000002
CUST-001054,1,Small Business,18.0,1.0,Low,5.0,5.0,9.0,31.0,31-60 days,29732.91,23698.02,1247.26,19.0,Poor Customer Service,9479.208
CUST-036972,0,Small Business,59.0,3.0,High,17.0,7.0,9.0,244.0,181-270 days,7503.51,7644.26,347.47,22.0,Not Applicable,0.0
CUST-029351,1,Premium,24.0,2.0,Medium,17.0,15.0,8.0,145.0,91-180 days,33811.89,26890.92,995.96,27.0,Low Product Variety,10756.368
CUST-015910,0,Small Business,43.0,3.0,High,2.0,3.0,2.0,97.0,91-180 days,27467.26,23998.51,857.09,28.0,Not Applicable,0.0
CUST-016013,0,Premium,58.0,5.0,Low,15.0,2.0,1.0,1.0,0-30 days,32521.76,39519.86,13173.29,3.0,Not Applicable,0.0
CUST-021097,0,Consumer,16.0,1.0,Medium,15.0,5.0,0.0,1.0,0-30 days,22972.35,22110.92,2211.09,10.0,Not Applicable,0.0
CUST-001887,0,Consumer,37.0,1.0,High,9.0,4.0,9.0,51.0,31-60 days,36631.86,32616.81,988.39,33.0,Not Applicable,0.0
CUST-002208,0,Small Business,9.0,4.0,High,1.0,0.0,1.0,73.0,61-90 days,30965.24,31977.26,864.25,37.0,Not Applicable,0.0
CUST-004895,1,Consumer,34.0,3.0,Medium,19.0,18.0,2.0,27.0,0-30 days,30468.92,34332.66,1806.98,19.0,Found Alternative,13733.064000000002
CUST-014936,1,Small Business,12.0,5.0,Medium,15.0,17.0,7.0,72.0,61-90 days,36486.12,41125.5,1523.17,27.0,Poor Customer Service,16450.2
CUST-000590,1,Consumer,59.0,2.0,Low,7.0,7.0,1.0,51.0,31-60 days,43491.25,39004.85,847.93,46.0,Better Price Elsewhere,15601.94
CUST-043616,0,Enterprise,50.0,5.0,High,16.0,3.0,8.0,34.0,31-60 days,26036.93,22919.99,881.54,26.0,Not Applicable,0.0
CUST-002559,1,Enterprise,38.0,3.0,Medium,10.0,7.0,1.0,23.0,0-30 days,43052.85,41429.33,1255.43,33.0,Poor Customer Service,16571.732
CUST-003454,0,Enterprise,40.0,5.0,Medium,6.0,3.0,5.0,102.0,91-180 days,43128.44,48019.69,3693.82,13.0,Not Applicable,0.0
CUST-009346,0,Small Business,48.0,1.0,Low,9.0,6.0,9.0,67.0,61-90 days,29835.11,24292.8,1735.2,14.0,Not Applicable,0.0
CUST-027253,0,Consumer,43.0,1.0,High,2.0,4.0,1.0,58.0,31-60 days,32720.38,38551.81,2267.75,17.0,Not Applicable,0.0
CUST-023999,0,Small Business,48.0,4.0,Low,18.0,4.0,4.0,14.0,0-30 days,5003.69,4492.47,104.48,43.0,Not Applicable,0.0
CUST-012542,0,Premium,57.0,5.0,High,17.0,12.0,2.0,67.0,61-90 days,43746.72,45982.46,957.97,48.0,Not Applicable,0.0
CUST-029494,0,Consumer,34.0,2.0,Medium,2.0,6.0,3.0,75.0,61-90 days,19979.46,16799.81,622.22,27.0,Not Applicable,0.0
CUST-009655,0,Consumer,39.0,3.0,Low,18.0,2.0,6.0,25.0,0-30 days,3760.36,3766.95,121.51,31.0,Not Applicable,0.0
CUST-039275,0,Small Business,59.0,4.0,Low,8.0,0.0,5.0,40.0,31-60 days,11391.46,9692.49,323.08,30.0,Not Applicable,0.0
CUST-010406,1,Consumer,54.0,3.0,High,15.0,12.0,3.0,242.0,181-270 days,19805.21,19702.24,2814.61,7.0,Poor Customer Service,7880.8960000000025
CUST-037803,0,Small Business,5.0,2.0,Medium,7.0,5.0,1.0,1.0,0-30 days,7976.59,6674.41,171.14,39.0,Not Applicable,0.0
CUST-044538,1,Premium,13.0,2.0,Medium,0.0,3.0,0.0,85.0,61-90 days,46742.35,47767.61,3674.43,13.0,Account Issues,19107.044
CUST-044023,1,Consumer,24.0,1.0,Low,0.0,2.0,6.0,60.0,31-60 days,14.35,16.26,1.25,13.0,Found Alternative,6.504000000000001
CUST-022880,0,Consumer,32.0,2.0,Medium,7.0,8.0,1.0,5.0,0-30 days,13264.61,13501.86,613.72,22.0,Not Applicable,0.0
CUST-042374,1,Consumer,7.0,2.0,Medium,0.0,4.0,8.0,30.0,0-30 days,10931.21,8595.08,226.19,38.0,Poor Customer Service,3438.032
CUST-024084,1,Premium,14.0,3.0,Low,18.0,2.0,3.0,30.0,0-30 days,12737.86,13432.0,463.17,29.0,Technical Issues,5372.8
CUST-029962,0,Consumer,30.0,2.0,Medium,17.0,3.0,4.0,28.0,0-30 days,4061.53,3188.96,138.65,23.0,Not Applicable,0.0
CUST-015714,1,Consumer,29.0,2.0,High,9.0,10.0,8.0,80.0,61-90 days,22101.18,21461.49,4292.3,5.0,Poor Customer Service,8584.596000000001
CUST-016365,0,Premium,9.0,3.0,High,8.0,11.0,1.0,207.0,181-270 days,20994.15,22710.49,946.27,24.0,Not Applicable,0.0
CUST-018297,0,Consumer,37.0,3.0,Medium,11.0,5.0,8.0,74.0,61-90 days,45666.41,44856.96,4077.91,11.0,Not Applicable,0.0
CUST-019164,1,Consumer,44.0,2.0,Low,7.0,10.0,9.0,41.0,31-60 days,28941.61,25949.57,1179.53,22.0,Poor Product Quality,10379.828000000001
CUST-049895,1,Consumer,30.0,1.0,High,8.0,2.0,3.0,99.0,91-180 days,39300.47,43639.02,21819.51,2.0,Better Price Elsewhere,17455.608
CUST-008168,1,Small Business,28.0,1.0,Medium,4.0,6.0,0.0,38.0,31-60 days,35482.28,33508.91,1340.36,25.0,No Longer Need Service,13403.564000000002
CUST-018629,1,Small Business,11.0,2.0,High,14.0,14.0,0.0,75.0,61-90 days,7687.63,6570.27,938.61,7.0,Too Expensive,2628.108
CUST-016001,0,Consumer,46.0,3.0,Medium,18.0,20.0,9.0,342.0,271-365 days,18788.55,21210.22,883.76,24.0,Not Applicable,0.0
CUST-026912,0,Premium,7.0,2.0,High,19.0,1.0,2.0,20.0,0-30 days,5751.04,6166.16,474.32,13.0,Not Applicable,0.0
CUST-033891,0,Enterprise,9.0,1.0,High,6.0,10.0,2.0,30.0,0-30 days,1223.46,1063.79,31.29,34.0,Not Applicable,0.0
CUST-042045,0,Enterprise,25.0,2.0,High,6.0,7.0,8.0,24.0,0-30 days,26768.34,29121.46,1040.05,28.0,Not Applicable,0.0
CUST-048112,1,Small Business,21.0,2.0,Low,15.0,15.0,2.0,13.0,0-30 days,5726.0,5335.01,762.14,7.0,Found Alternative,2134.004000000001
CUST-025364,1,Small Business,40.0,3.0,Low,10.0,3.0,1.0,261.0,181-270 days,2429.25,2234.61,45.6,49.0,Better Price Elsewhere,893.8439999999998
CUST-040552,0,Premium,22.0,3.0,Medium,0.0,2.0,5.0,281.0,271-365 days,18431.84,15745.39,425.55,37.0,Not Applicable,0.0
CUST-035891,0,Consumer,33.0,1.0,High,5.0,2.0,4.0,32.0,31-60 days,54420.74,44447.26,4938.58,9.0,Not Applicable,0.0
CUST-036584,0,Premium,29.0,3.0,High,3.0,1.0,2.0,22.0,0-30 days,53756.47,47077.9,1307.72,36.0,Not Applicable,0.0
CUST-028768,1,Consumer,33.0,3.0,Medium,9.0,9.0,9.0,292.0,271-365 days,29985.7,27652.54,588.35,47.0,Account Issues,11061.016000000001
CUST-006318,0,Small Business,52.0,5.0,Low,10.0,10.0,7.0,8.0,0-30 days,28546.54,33921.76,1541.9,22.0,Not Applicable,0.0
CUST-028052,1,Premium,57.0,5.0,Low,8.0,3.0,4.0,60.0,31-60 days,9277.89,10557.05,340.55,31.0,Account Issues,4222.82
CUST-033047,1,Small Business,6.0,4.0,Low,7.0,6.0,1.0,24.0,0-30 days,44075.32,42807.62,1337.74,32.0,Found Alternative,17123.048000000006
CUST-024006,1,Premium,6.0,2.0,Medium,16.0,2.0,9.0,150.0,91-180 days,1002.28,1167.73,97.31,12.0,Found Alternative,467.092
CUST-030982,0,Small Business,21.0,5.0,Medium,2.0,0.0,0.0,21.0,0-30 days,2733.64,2774.51,554.9,5.0,Not Applicable,0.0
CUST-005628,1,Consumer,23.0,1.0,Low,4.0,8.0,9.0,37.0,31-60 days,14360.9,17028.98,436.64,39.0,No Longer Need Service,6811.592000000002
CUST-010963,0,Small Business,56.0,2.0,Medium,7.0,10.0,8.0,235.0,181-270 days,44243.65,49336.21,1495.04,33.0,Not Applicable,0.0
CUST-021135,0,Small Business,25.0,2.0,High,6.0,0.0,9.0,56.0,31-60 days,20926.94,24241.72,8080.57,3.0,Not Applicable,0.0
CUST-024859,0,Consumer,59.0,5.0,High,9.0,7.0,2.0,71.0,61-90 days,38164.93,41582.3,884.73,47.0,Not Applicable,0.0
CUST-025626,0,Consumer,8.0,2.0,Medium,8.0,1.0,7.0,89.0,61-90 days,33081.34,35116.93,4389.62,8.0,Not Applicable,0.0
CUST-017860,0,Consumer,23.0,4.0,Medium,17.0,2.0,0.0,59.0,31-60 days,38405.04,44126.77,44126.77,1.0,Not Applicable,0.0
CUST-041510,1,Consumer,18.0,1.0,Medium,0.0,0.0,7.0,76.0,61-90 days,18330.38,18907.2,2701.03,7.0,Found Alternative,7562.880000000001
CUST-024470,0,Consumer,51.0,5.0,Medium,9.0,5.0,6.0,40.0,31-60 days,21674.25,22401.5,2036.5,11.0,Not Applicable,0.0
CUST-031143,0,Consumer,51.0,4.0,High,5.0,0.0,6.0,81.0,61-90 days,5990.84,4968.27,101.39,49.0,Not Applicable,0.0
CUST-041450,1,Enterprise,21.0,2.0,Medium,8.0,8.0,1.0,32.0,31-60 days,5037.34,4433.99,739.0,6.0,Poor Product Quality,1773.596
CUST-041038,1,Small Business,38.0,1.0,Medium,11.0,15.0,7.0,348.0,271-365 days,44189.76,38706.79,1843.18,21.0,Better Price Elsewhere,15482.716
CUST-042684,0,Consumer,8.0,2.0,Medium,2.0,6.0,6.0,3.0,0-30 days,22925.19,24428.87,1357.16,18.0,Not Applicable,0.0
CUST-047747,0,Small Business,34.0,1.0,High,17.0,3.0,2.0,83.0,61-90 days,17947.21,17124.63,8562.32,2.0,Not Applicable,0.0
CUST-028870,0,Premium,56.0,2.0,High,4.0,5.0,0.0,167.0,91-180 days,34191.35,35697.42,3569.74,10.0,Not Applicable,0.0
CUST-019328,0,Consumer,13.0,1.0,Medium,5.0,0.0,9.0,28.0,0-30 days,6164.53,5686.97,189.57,30.0,Not Applicable,0.0
CUST-045905,1,Small Business,31.0,3.0,Low,3.0,3.0,8.0,341.0,271-365 days,28169.97,28714.76,610.95,47.0,Slow Delivery,11485.904
CUST-046879,0,Consumer,11.0,5.0,Medium,11.0,4.0,5.0,24.0,0-30 days,49424.72,40756.85,5094.61,8.0,Not Applicable,0.0
CUST-008567,1,Consumer,59.0,2.0,Low,3.0,4.0,1.0,31.0,31-60 days,44885.4,38619.06,7723.81,5.0,Poor Customer Service,15447.624
CUST-029243,0,Premium,24.0,3.0,Medium,9.0,10.0,7.0,67.0,61-90 days,41465.84,38638.34,2146.57,18.0,Not Applicable,0.0
CUST-039553,1,Consumer,23.0,1.0,Low,2.0,2.0,0.0,73.0,61-90 days,32153.63,37747.76,770.36,49.0,Poor Customer Service,15099.104
CUST-003950,1,Consumer,53.0,1.0,High,5.0,7.0,8.0,190.0,181-270 days,2201.91,2195.62,54.89,40.0,Shipping Issues,878.248
CUST-000768,0,Premium,17.0,5.0,Medium,3.0,6.0,6.0,75.0,61-90 days,24406.1,25396.48,3174.56,8.0,Not Applicable,0.0
CUST-021744,1,Consumer,23.0,5.0,Low,13.0,16.0,5.0,78.0,61-90 days,9071.97,8695.56,255.75,34.0,Poor Customer Service,3478.224
CUST-010805,0,Small Business,37.0,5.0,Low,9.0,4.0,2.0,94.0,91-180 days,43855.53,42475.86,1769.83,24.0,Not Applicable,0.0
CUST-015372,0,Consumer,48.0,4.0,Medium,15.0,12.0,7.0,284.0,271-365 days,1598.22,1278.24,30.43,42.0,Not Applicable,0.0
CUST-038541,1,Small Business,42.0,5.0,Medium,8.0,5.0,7.0,330.0,271-365 days,16787.27,18784.71,1174.04,16.0,Payment Problems,7513.884
CUST-002783,0,Consumer,46.0,4.0,High,4.0,5.0,3.0,261.0,181-270 days,40130.75,47398.82,3159.92,15.0,Not Applicable,0.0
CUST-030068,1,Premium,5.0,1.0,Medium,11.0,4.0,6.0,227.0,181-270 days,47327.04,41917.08,1552.48,27.0,Poor Product Quality,16766.832000000002
CUST-016984,0,Consumer,4.0,2.0,Medium,8.0,6.0,6.0,74.0,61-90 days,42315.13,38547.85,2028.83,19.0,Not Applicable,0.0
CUST-019901,1,Consumer,13.0,1.0,Low,15.0,9.0,5.0,45.0,31-60 days,2875.73,2526.87,52.64,48.0,Better Price Elsewhere,1010.748
CUST-040185,0,Consumer,58.0,3.0,High,1.0,5.0,1.0,30.0,0-30 days,23553.97,22447.21,1181.43,19.0,Not Applicable,0.0
CUST-034381,0,Consumer,20.0,5.0,High,8.0,0.0,1.0,351.0,271-365 days,34097.27,28714.47,2610.41,11.0,Not Applicable,0.0
CUST-039478,1,Consumer,28.0,1.0,High,6.0,4.0,8.0,20.0,0-30 days,8334.45,9522.63,793.55,12.0,Poor Customer Service,3809.052
CUST-025029,1,Premium,40.0,2.0,Medium,11.0,10.0,3.0,192.0,181-270 days,24526.82,29424.26,1050.87,28.0,Shipping Issues,11769.704
CUST-044560,0,Consumer,32.0,5.0,Medium,4.0,2.0,4.0,38.0,31-60 days,23260.42,20616.54,1374.44,15.0,Not Applicable,0.0
CUST-016697,0,Small Business,45.0,4.0,Low,8.0,9.0,0.0,47.0,31-60 days,1714.46,1927.0,71.37,27.0,Not Applicable,0.0
CUST-001063,0,Consumer,7.0,1.0,High,3.0,3.0,0.0,106.0,91-180 days,33813.77,26075.65,6518.91,4.0,Not Applicable,0.0
CUST-042980,0,Small Business,6.0,1.0,Medium,6.0,10.0,4.0,76.0,61-90 days,30223.18,36328.97,2018.28,18.0,Not Applicable,0.0
CUST-024866,1,Consumer,31.0,2.0,Low,5.0,0.0,8.0,50.0,31-60 days,20446.88,22367.57,497.06,45.0,Better Price Elsewhere,8947.028
CUST-001307,0,Small Business,19.0,2.0,Low,14.0,9.0,7.0,72.0,61-90 days,35581.39,40566.36,1560.24,26.0,Not Applicable,0.0
CUST-047384,1,Premium,48.0,1.0,Medium,9.0,4.0,3.0,35.0,31-60 days,26042.88,21276.76,5319.19,4.0,Better Price Elsewhere,8510.704
CUST-004974,1,Small Business,35.0,1.0,Low,0.0,2.0,3.0,47.0,31-60 days,37247.14,40824.58,1570.18,26.0,Found Alternative,16329.832000000002
CUST-034185,0,Small Business,2.0,5.0,Low,12.0,10.0,8.0,324.0,271-365 days,31522.94,36495.88,868.95,42.0,Not Applicable,0.0
CUST-006737,0,Small Business,34.0,4.0,Low,13.0,8.0,8.0,17.0,0-30 days,42542.92,48573.01,3736.39,13.0,Not Applicable,0.0
CUST-038089,0,Consumer,23.0,3.0,High,5.0,4.0,1.0,33.0,31-60 days,40131.79,36904.16,4100.46,9.0,Not Applicable,0.0
CUST-048566,0,Small Business,24.0,5.0,High,9.0,0.0,2.0,275.0,271-365 days,16604.35,17974.55,1283.9,14.0,Not Applicable,0.0
CUST-039354,1,Consumer,35.0,2.0,Low,5.0,1.0,8.0,11.0,0-30 days,12636.68,14084.48,414.25,34.0,Found Alternative,5633.792
CUST-013999,0,Small Business,45.0,4.0,Medium,11.0,15.0,1.0,84.0,61-90 days,36469.67,41953.22,1023.25,41.0,Not Applicable,0.0
CUST-012721,0,Consumer,18.0,3.0,Medium,15.0,2.0,1.0,3.0,0-30 days,47781.82,49360.11,1371.11,36.0,Not Applicable,0.0
CUST-038712,1,Small Business,50.0,5.0,Low,7.0,10.0,2.0,13.0,0-30 days,23041.15,25354.24,792.32,32.0,Technical Issues,10141.696000000002
CUST-029439,0,Consumer,40.0,4.0,Medium,10.0,12.0,5.0,8.0,0-30 days,47296.68,45370.1,986.31,46.0,Not Applicable,0.0
CUST-018664,0,Consumer,32.0,4.0,Medium,16.0,18.0,4.0,162.0,91-180 days,41165.34,47641.53,5955.19,8.0,Not Applicable,0.0
CUST-026196,0,Consumer,26.0,4.0,Medium,17.0,15.0,3.0,46.0,31-60 days,49534.56,47901.01,2395.05,20.0,Not Applicable,0.0
CUST-043129,1,Premium,26.0,4.0,High,8.0,11.0,6.0,52.0,31-60 days,33723.52,29755.78,1293.73,23.0,Better Price Elsewhere,11902.312
CUST-046332,1,Consumer,28.0,3.0,Low,7.0,0.0,9.0,73.0,61-90 days,1655.73,1359.19,37.76,36.0,Poor Product Quality,543.6759999999998
CUST-001824,1,Consumer,34.0,2.0,High,13.0,1.0,0.0,76.0,61-90 days,37051.06,38455.72,12818.57,3.0,Better Price Elsewhere,15382.288
CUST-009670,0,Consumer,53.0,1.0,Medium,19.0,1.0,0.0,40.0,31-60 days,54506.02,44888.0,2640.47,17.0,Not Applicable,0.0
CUST-001199,0,Enterprise,36.0,3.0,High,4.0,8.0,6.0,258.0,181-270 days,25209.3,29843.75,3730.47,8.0,Not Applicable,0.0
CUST-014069,1,Premium,53.0,3.0,Medium,5.0,7.0,2.0,203.0,181-270 days,3862.99,4311.53,139.08,31.0,No Longer Need Service,1724.612
CUST-031085,1,Consumer,36.0,4.0,Medium,18.0,20.0,2.0,4.0,0-30 days,37745.0,36596.9,871.35,42.0,Found Alternative,14638.760000000002
CUST-023793,1,Premium,30.0,5.0,Low,16.0,4.0,0.0,84.0,61-90 days,5695.29,4738.12,175.49,27.0,Shipping Issues,1895.248
CUST-001554,1,Consumer,8.0,1.0,High,10.0,2.0,3.0,153.0,91-180 days,51223.57,43855.86,3986.9,11.0,Better Price Elsewhere,17542.343999999994
CUST-012629,1,Premium,2.0,1.0,Medium,16.0,13.0,9.0,304.0,271-365 days,28153.09,26369.81,693.94,38.0,Account Issues,10547.924
CUST-008535,0,Premium,41.0,3.0,Medium,12.0,10.0,8.0,13.0,0-30 days,34262.74,38502.11,855.6,45.0,Not Applicable,0.0
CUST-005504,0,Consumer,9.0,4.0,Medium,11.0,5.0,3.0,16.0,0-30 days,22573.48,19088.22,2386.03,8.0,Not Applicable,0.0
CUST-002241,0,Consumer,58.0,2.0,High,5.0,9.0,4.0,27.0,0-30 days,39137.1,36017.86,2572.7,14.0,Not Applicable,0.0
CUST-041734,0,Enterprise,45.0,5.0,Medium,16.0,16.0,3.0,82.0,61-90 days,13384.58,14158.05,884.88,16.0,Not Applicable,0.0
CUST-035966,0,Consumer,34.0,1.0,Medium,8.0,3.0,4.0,34.0,31-60 days,41411.5,31888.82,650.79,49.0,Not Applicable,0.0
CUST-001490,0,Enterprise,51.0,3.0,Medium,0.0,0.0,7.0,163.0,91-180 days,1832.66,1865.56,155.46,12.0,Not Applicable,0.0
CUST-048279,1,Small Business,24.0,2.0,Low,5.0,8.0,8.0,273.0,271-365 days,16910.15,20653.4,607.45,34.0,Poor Customer Service,8261.36
CUST-004913,0,Enterprise,6.0,3.0,Medium,3.0,6.0,0.0,28.0,0-30 days,60998.09,47034.35,3359.6,14.0,Not Applicable,0.0
CUST-004319,0,Enterprise,46.0,3.0,Medium,3.0,5.0,0.0,26.0,0-30 days,36958.15,34597.11,786.3,44.0,Not Applicable,0.0
CUST-001925,0,Consumer,59.0,4.0,Medium,18.0,20.0,7.0,85.0,61-90 days,30886.78,33966.25,2426.16,14.0,Not Applicable,0.0
CUST-036845,1,Consumer,52.0,1.0,Low,2.0,6.0,6.0,39.0,31-60 days,41672.14,35530.69,1015.16,35.0,Found Alternative,14212.276000000002
CUST-030313,0,Consumer,42.0,5.0,Medium,3.0,7.0,6.0,1.0,0-30 days,3628.97,3853.56,160.56,24.0,Not Applicable,0.0
CUST-014463,0,Consumer,19.0,2.0,High,5.0,7.0,7.0,300.0,271-365 days,2278.99,2084.21,130.26,16.0,Not Applicable,0.0
CUST-014144,0,Premium,41.0,4.0,Medium,3.0,4.0,1.0,74.0,61-90 days,49098.92,43591.83,2421.77,18.0,Not Applicable,0.0
CUST-029713,1,Small Business,26.0,2.0,Low,0.0,1.0,5.0,160.0,91-180 days,48707.59,40902.71,4544.75,9.0,Poor Customer Service,16361.084
CUST-021162,1,Consumer,12.0,1.0,Low,0.0,3.0,4.0,35.0,31-60 days,23255.52,26439.96,695.79,38.0,Found Alternative,10575.984
CUST-011417,0,Consumer,13.0,3.0,Low,5.0,2.0,2.0,66.0,61-90 days,49552.07,45669.77,1037.95,44.0,Not Applicable,0.0
CUST-027110,1,Consumer,7.0,5.0,Low,0.0,2.0,8.0,3.0,0-30 days,14720.49,18144.0,432.0,42.0,Found Alternative,7257.6
CUST-032688,0,Consumer,3.0,4.0,High,3.0,7.0,2.0,308.0,271-365 days,34346.08,42598.89,1419.96,30.0,Not Applicable,0.0
CUST-026276,0,Consumer,44.0,5.0,Low,14.0,12.0,1.0,27.0,0-30 days,5803.07,4830.89,301.93,16.0,Not Applicable,0.0
CUST-047856,0,Premium,17.0,4.0,High,11.0,11.0,8.0,267.0,181-270 days,6034.16,6395.78,799.47,8.0,Not Applicable,0.0
CUST-020907,1,Premium,2.0,2.0,Medium,15.0,13.0,6.0,87.0,61-90 days,6054.7,5179.51,120.45,43.0,Too Expensive,2071.804
CUST-042379,1,Small Business,10.0,1.0,Low,8.0,10.0,8.0,64.0,61-90 days,34862.28,35589.96,912.56,39.0,Poor Customer Service,14235.984
CUST-044364,0,Small Business,17.0,2.0,High,3.0,0.0,6.0,89.0,61-90 days,31932.3,30812.33,880.35,35.0,Not Applicable,0.0
CUST-023811,0,Consumer,43.0,2.0,Low,1.0,2.0,3.0,72.0,61-90 days,63613.64,49908.53,9981.71,5.0,Not Applicable,0.0
CUST-005995,0,Premium,31.0,3.0,Medium,0.0,1.0,5.0,296.0,271-365 days,22692.01,17996.85,391.24,46.0,Not Applicable,0.0
CUST-009134,1,Consumer,1.0,3.0,Medium,1.0,1.0,9.0,77.0,61-90 days,12004.5,12241.21,489.65,25.0,Account Issues,4896.484
CUST-007246,1,Consumer,36.0,2.0,Low,7.0,5.0,6.0,31.0,31-60 days,12439.12,15314.91,382.87,40.0,Poor Customer Service,6125.964
CUST-012097,0,Consumer,48.0,4.0,Medium,11.0,4.0,9.0,45.0,31-60 days,3519.44,4183.4,298.81,14.0,Not Applicable,0.0
CUST-032711,0,Consumer,2.0,3.0,High,10.0,5.0,8.0,56.0,31-60 days,17782.47,17259.36,750.41,23.0,Not Applicable,0.0
CUST-000823,1,Premium,5.0,5.0,Medium,18.0,4.0,0.0,57.0,31-60 days,29210.53,23167.76,661.94,35.0,Shipping Issues,9267.104
CUST-006578,1,Premium,24.0,2.0,Medium,9.0,4.0,8.0,11.0,0-30 days,17928.44,18956.45,824.19,23.0,Poor Product Quality,7582.580000000001
CUST-017343,0,Consumer,45.0,3.0,High,13.0,1.0,8.0,102.0,91-180 days,27332.76,31758.5,1764.36,18.0,Not Applicable,0.0
CUST-033947,0,Consumer,32.0,2.0,High,5.0,1.0,0.0,199.0,181-270 days,7756.38,7800.85,1114.41,7.0,Not Applicable,0.0
CUST-009482,0,Consumer,15.0,3.0,Medium,14.0,0.0,4.0,40.0,31-60 days,23427.96,20304.62,676.82,30.0,Not Applicable,0.0
CUST-034410,1,Premium,28.0,1.0,High,9.0,7.0,0.0,263.0,181-270 days,40415.89,49329.51,1494.83,33.0,Technical Issues,19731.804000000004
CUST-006902,1,Small Business,28.0,3.0,High,14.0,4.0,7.0,33.0,31-60 days,7453.47,8474.05,529.63,16.0,Shipping Issues,3389.62
CUST-009346,1,Small Business,48.0,1.0,Low,9.0,7.0,9.0,67.0,61-90 days,29835.11,24292.8,1735.2,14.0,Poor Product Quality,9717.12
CUST-021382,1,Enterprise,55.0,3.0,Medium,18.0,14.0,9.0,43.0,31-60 days,54743.8,47711.22,1163.69,41.0,Better Price Elsewhere,19084.488
CUST-047195,0,Premium,31.0,2.0,Medium,2.0,5.0,2.0,149.0,91-180 days,19663.35,24566.22,767.69,32.0,Not Applicable,0.0
CUST-015338,0,Enterprise,19.0,3.0,Medium,18.0,22.0,5.0,14.0,0-30 days,10302.69,9436.31,235.91,40.0,Not Applicable,0.0
CUST-045783,1,Premium,55.0,2.0,Low,8.0,11.0,8.0,89.0,61-90 days,43850.63,42396.76,21198.38,2.0,Poor Product Quality,16958.703999999998
CUST-040374,1,Consumer,47.0,5.0,Low,18.0,16.0,0.0,59.0,31-60 days,36049.43,29255.99,1083.56,27.0,Poor Customer Service,11702.396
CUST-016486,1,Consumer,48.0,1.0,Medium,5.0,2.0,2.0,43.0,31-60 days,40698.58,34414.39,2458.17,14.0,Poor Product Quality,13765.756000000001
CUST-025305,0,Consumer,49.0,4.0,High,13.0,6.0,9.0,2.0,0-30 days,12535.72,10501.91,283.84,37.0,Not Applicable,0.0
CUST-048529,1,Small Business,30.0,1.0,Medium,1.0,2.0,4.0,201.0,181-270 days,8693.7,7790.51,222.59,35.0,Payment Problems,3116.204
CUST-016604,1,Consumer,50.0,5.0,Low,19.0,12.0,5.0,66.0,61-90 days,5725.76,6879.81,1375.96,5.0,Payment Problems,2751.9240000000004
CUST-000817,0,Small Business,41.0,4.0,Low,8.0,4.0,0.0,46.0,31-60 days,45003.21,47397.04,9479.41,5.0,Not Applicable,0.0
CUST-006455,0,Consumer,51.0,3.0,Low,0.0,0.0,2.0,86.0,61-90 days,17500.4,19271.27,458.84,42.0,Not Applicable,0.0
CUST-031105,1,Small Business,10.0,4.0,Low,16.0,2.0,1.0,69.0,61-90 days,15810.16,16189.59,703.9,23.0,Found Alternative,6475.835999999998
CUST-039654,0,Consumer,55.0,5.0,High,6.0,9.0,6.0,165.0,91-180 days,35352.83,31510.74,3938.84,8.0,Not Applicable,0.0
CUST-020317,1,Premium,11.0,1.0,High,18.0,10.0,2.0,85.0,61-90 days,26201.9,20290.48,1268.15,16.0,Shipping Issues,8116.191999999999
CUST-008158,0,Enterprise,53.0,5.0,Medium,7.0,5.0,0.0,189.0,181-270 days,26932.46,30713.68,2559.47,12.0,Not Applicable,0.0
CUST-019334,0,Consumer,10.0,4.0,Medium,0.0,4.0,3.0,73.0,61-90 days,46128.85,35491.45,3549.14,10.0,Not Applicable,0.0
CUST-018681,1,Premium,24.0,3.0,Medium,16.0,6.0,5.0,69.0,61-90 days,5921.76,4591.67,99.82,46.0,Payment Problems,1836.668
CUST-020800,0,Premium,35.0,1.0,High,10.0,8.0,8.0,42.0,31-60 days,35393.08,32231.23,16115.61,2.0,Not Applicable,0.0
CUST-040947,0,Consumer,38.0,5.0,Low,13.0,15.0,0.0,55.0,31-60 days,57270.09,48546.84,1155.88,42.0,Not Applicable,0.0
CUST-013216,0,Consumer,28.0,5.0,Medium,4.0,3.0,4.0,41.0,31-60 days,3359.56,3435.05,687.01,5.0,Not Applicable,0.0
CUST-031502,1,Consumer,43.0,1.0,Medium,5.0,4.0,3.0,347.0,271-365 days,11963.88,9797.86,979.79,10.0,Poor Customer Service,3919.1440000000002
CUST-015694,1,Consumer,11.0,1.0,High,1.0,0.0,5.0,16.0,0-30 days,7615.13,7213.48,450.84,16.0,Found Alternative,2885.3920000000007
CUST-030529,0,Premium,17.0,5.0,High,15.0,18.0,5.0,52.0,31-60 days,2513.61,2135.79,76.28,28.0,Not Applicable,0.0
CUST-010709,1,Small Business,15.0,1.0,Low,19.0,12.0,0.0,76.0,61-90 days,40649.2,43261.13,21630.56,2.0,Found Alternative,17304.452
CUST-003165,1,Premium,30.0,2.0,High,10.0,13.0,1.0,188.0,181-270 days,33383.39,34447.77,1013.17,34.0,Payment Problems,13779.108
CUST-009392,1,Enterprise,44.0,2.0,High,19.0,13.0,8.0,44.0,31-60 days,3257.46,3258.45,362.05,9.0,Technical Issues,1303.38
CUST-006538,0,Consumer,37.0,3.0,High,17.0,9.0,5.0,51.0,31-60 days,27399.12,27895.86,1033.18,27.0,Not Applicable,0.0
CUST-049661,0,Premium,16.0,4.0,Medium,14.0,8.0,3.0,38.0,31-60 days,32385.78,37538.34,1137.53,33.0,Not Applicable,0.0
CUST-036416,1,Premium,11.0,3.0,Low,19.0,23.0,9.0,27.0,0-30 days,51459.67,40547.97,5068.5,8.0,Account Issues,16219.188000000002
CUST-014486,1,Enterprise,14.0,1.0,Low,12.0,7.0,7.0,238.0,181-270 days,38779.97,37146.66,18573.33,2.0,Poor Customer Service,14858.664000000002
CUST-001579,0,Consumer,54.0,4.0,Low,0.0,0.0,3.0,325.0,271-365 days,40827.49,33811.26,845.28,40.0,Not Applicable,0.0
CUST-021142,1,Small Business,52.0,2.0,High,13.0,15.0,0.0,21.0,0-30 days,12439.22,10632.29,408.93,26.0,Poor Customer Service,4252.916
CUST-045650,1,Premium,24.0,2.0,Low,14.0,17.0,7.0,82.0,61-90 days,34080.44,39703.53,1102.88,36.0,Shipping Issues,15881.412
CUST-003208,0,Consumer,6.0,5.0,High,18.0,14.0,5.0,12.0,0-30 days,50876.71,46061.38,1919.22,24.0,Not Applicable,0.0
CUST-022407,1,Consumer,37.0,3.0,Medium,12.0,1.0,3.0,47.0,31-60 days,3572.09,4265.15,137.59,31.0,Poor Product Quality,1706.06
CUST-030567,1,Consumer,33.0,2.0,High,9.0,10.0,9.0,36.0,31-60 days,42259.34,40740.43,1018.51,40.0,Too Expensive,16296.172
CUST-045000,0,Consumer,24.0,5.0,Low,13.0,14.0,6.0,60.0,31-60 days,16797.11,19787.03,2826.72,7.0,Not Applicable,0.0
CUST-019257,0,Consumer,49.0,2.0,High,17.0,10.0,5.0,173.0,91-180 days,21858.01,24724.72,2247.7,11.0,Not Applicable,0.0
CUST-048025,0,Consumer,3.0,3.0,High,6.0,7.0,2.0,221.0,181-270 days,55101.26,45528.65,3794.05,12.0,Not Applicable,0.0
CUST-042643,0,Consumer,55.0,3.0,Low,19.0,18.0,7.0,14.0,0-30 days,42235.82,36133.63,9033.41,4.0,Not Applicable,0.0
CUST-017682,0,Small Business,57.0,5.0,Medium,1.0,0.0,4.0,275.0,271-365 days,34579.87,41526.25,6921.04,6.0,Not Applicable,0.0
CUST-022394,1,Small Business,53.0,1.0,High,3.0,2.0,7.0,9.0,0-30 days,1476.41,1695.01,67.8,25.0,Better Price Elsewhere,678.0039999999998
CUST-041423,0,Consumer,24.0,5.0,Medium,18.0,13.0,3.0,77.0,61-90 days,12145.49,9891.38,247.28,40.0,Not Applicable,0.0
CUST-002167,1,Small Business,52.0,2.0,Medium,3.0,2.0,1.0,52.0,31-60 days,45898.77,46482.93,4225.72,11.0,Poor Customer Service,18593.172
CUST-013686,1,Consumer,25.0,2.0,Medium,3.0,7.0,6.0,10.0,0-30 days,53818.76,41811.8,2459.52,17.0,Found Alternative,16724.72
CUST-002974,1,Consumer,57.0,1.0,Low,13.0,9.0,5.0,87.0,61-90 days,1448.37,1520.8,1520.8,1.0,Shipping Issues,608.32
CUST-030543,1,Small Business,6.0,1.0,Low,14.0,18.0,9.0,55.0,31-60 days,39757.07,39290.99,1267.45,31.0,Poor Customer Service,15716.396
CUST-014799,1,Consumer,55.0,4.0,Low,13.0,9.0,3.0,88.0,61-90 days,3653.55,4376.06,547.01,8.0,Too Expensive,1750.4240000000002
CUST-031658,1,Enterprise,14.0,3.0,Medium,14.0,18.0,6.0,34.0,31-60 days,39100.56,32885.89,1174.5,28.0,Found Alternative,13154.356000000002
CUST-015379,1,Enterprise,43.0,3.0,Low,6.0,0.0,5.0,275.0,271-365 days,35623.49,39071.73,1562.87,25.0,Shipping Issues,15628.692000000005
CUST-014080,0,Consumer,53.0,4.0,Medium,1.0,0.0,0.0,121.0,91-180 days,35896.01,29520.81,1405.75,21.0,Not Applicable,0.0
CUST-027993,0,Consumer,9.0,1.0,Medium,18.0,18.0,5.0,21.0,0-30 days,37323.14,33152.69,0.0,0.0,Not Applicable,0.0
CUST-033239,1,Consumer,42.0,2.0,Medium,1.0,5.0,4.0,83.0,61-90 days,51512.72,40223.18,2117.01,19.0,Low Product Variety,16089.272
CUST-017935,1,Consumer,1.0,1.0,High,2.0,6.0,7.0,1.0,0-30 days,6826.19,6832.44,427.03,16.0,Shipping Issues,2732.976
CUST-030841,1,Consumer,51.0,3.0,Low,14.0,3.0,6.0,22.0,0-30 days,5593.99,4788.08,217.64,22.0,Payment Problems,1915.232
CUST-008559,0,Premium,46.0,2.0,Low,15.0,19.0,7.0,67.0,61-90 days,44626.71,37104.02,1855.2,20.0,Not Applicable,0.0
CUST-016634,1,Premium,44.0,1.0,Low,8.0,0.0,4.0,75.0,61-90 days,37490.76,36365.08,2272.82,16.0,Found Alternative,14546.032
CUST-028770,0,Small Business,37.0,3.0,High,4.0,5.0,6.0,59.0,31-60 days,43211.66,34141.31,1484.4,23.0,Not Applicable,0.0
CUST-014292,1,Consumer,59.0,1.0,High,14.0,9.0,1.0,65.0,61-90 days,36829.87,44904.55,11226.14,4.0,Better Price Elsewhere,17961.820000000003
CUST-000347,0,Premium,18.0,1.0,High,2.0,3.0,2.0,292.0,271-365 days,20431.77,19836.54,551.01,36.0,Not Applicable,0.0
CUST-042363,0,Premium,40.0,4.0,High,0.0,0.0,3.0,4.0,0-30 days,29139.69,28328.03,1180.33,24.0,Not Applicable,0.0
CUST-037450,0,Consumer,44.0,1.0,High,6.0,0.0,4.0,26.0,0-30 days,647.02,583.21,83.32,7.0,Not Applicable,0.0
CUST-020473,0,Enterprise,52.0,2.0,High,0.0,1.0,8.0,67.0,61-90 days,32692.78,39042.75,6507.12,6.0,Not Applicable,0.0
CUST-008822,0,Premium,44.0,2.0,Medium,5.0,7.0,1.0,70.0,61-90 days,19078.58,15351.65,548.27,28.0,Not Applicable,0.0
CUST-040802,1,Small Business,52.0,2.0,Medium,16.0,10.0,7.0,17.0,0-30 days,1991.58,1950.23,44.32,44.0,Found Alternative,780.0920000000001
CUST-020030,1,Small Business,25.0,1.0,Low,19.0,18.0,3.0,61.0,61-90 days,59017.23,47122.55,1273.58,37.0,Better Price Elsewhere,18849.02
CUST-005058,0,Enterprise,12.0,3.0,High,7.0,6.0,0.0,161.0,91-180 days,29804.77,33428.63,815.33,41.0,Not Applicable,0.0
CUST-042090,1,Consumer,25.0,2.0,Medium,16.0,16.0,1.0,27.0,0-30 days,37921.18,30271.52,1375.98,22.0,Payment Problems,12108.608
CUST-006329,0,Small Business,4.0,1.0,Medium,7.0,2.0,9.0,38.0,31-60 days,24638.22,21032.75,1502.34,14.0,Not Applicable,0.0
CUST-001123,1,Small Business,12.0,1.0,Low,6.0,3.0,6.0,47.0,31-60 days,35884.15,41533.26,1153.7,36.0,Found Alternative,16613.304
CUST-041101,1,Small Business,26.0,4.0,Medium,12.0,7.0,6.0,83.0,61-90 days,44492.38,46408.02,2209.91,21.0,Payment Problems,18563.208
CUST-004478,1,Small Business,39.0,3.0,Medium,9.0,0.0,2.0,296.0,271-365 days,42873.56,40578.42,10144.6,4.0,Unhappy with Return Policy,16231.368
CUST-005453,0,Consumer,3.0,1.0,Medium,12.0,6.0,1.0,26.0,0-30 days,51633.93,42219.94,2638.75,16.0,Not Applicable,0.0
CUST-023838,0,Premium,45.0,5.0,High,7.0,9.0,7.0,63.0,61-90 days,19937.82,19122.7,764.91,25.0,Not Applicable,0.0
CUST-038917,1,Premium,9.0,3.0,High,15.0,13.0,0.0,127.0,91-180 days,19470.53,18802.96,1446.38,13.0,Low Product Variety,7521.184
CUST-003956,0,Premium,5.0,3.0,Low,5.0,4.0,6.0,73.0,61-90 days,27079.57,21957.22,3136.75,7.0,Not Applicable,0.0
CUST-048161,0,Consumer,29.0,3.0,Medium,8.0,4.0,2.0,43.0,31-60 days,13027.36,13709.89,360.79,38.0,Not Applicable,0.0
CUST-022864,0,Consumer,28.0,3.0,High,16.0,15.0,7.0,20.0,0-30 days,14153.2,11866.51,423.8,28.0,Not Applicable,0.0
CUST-024576,0,Small Business,47.0,2.0,Medium,15.0,14.0,7.0,17.0,0-30 days,17429.42,19270.45,2408.81,8.0,Not Applicable,0.0
CUST-029572,1,Consumer,39.0,2.0,Medium,1.0,5.0,4.0,51.0,31-60 days,27420.55,25099.78,0.0,0.0,Poor Customer Service,10039.912
CUST-040545,1,Premium,8.0,1.0,Low,8.0,6.0,3.0,38.0,31-60 days,24850.92,26678.94,1905.64,14.0,Poor Customer Service,10671.576000000001
CUST-028036,0,Consumer,47.0,4.0,Low,17.0,7.0,0.0,31.0,31-60 days,15627.02,13219.32,314.75,42.0,Not Applicable,0.0
CUST-035816,0,Consumer,23.0,1.0,High,8.0,10.0,0.0,89.0,61-90 days,53377.39,42231.49,2111.57,20.0,Not Applicable,0.0
CUST-020423,1,Consumer,8.0,3.0,Low,10.0,6.0,0.0,41.0,31-60 days,14427.78,17490.47,624.66,28.0,Too Expensive,6996.188000000001
CUST-001710,0,Consumer,15.0,5.0,Medium,12.0,9.0,6.0,171.0,91-180 days,45805.84,38002.74,2714.48,14.0,Not Applicable,0.0
CUST-006356,1,Consumer,51.0,5.0,Low,18.0,7.0,3.0,205.0,181-270 days,41629.32,40350.54,3103.89,13.0,Better Price Elsewhere,16140.216
CUST-031760,1,Premium,45.0,2.0,High,13.0,6.0,8.0,336.0,271-365 days,9580.45,8707.46,1451.24,6.0,Better Price Elsewhere,3482.984000000001
CUST-031900,0,Consumer,30.0,1.0,High,18.0,19.0,6.0,22.0,0-30 days,11218.36,10128.06,326.71,31.0,Not Applicable,0.0
CUST-020813,0,Consumer,56.0,5.0,Medium,4.0,6.0,4.0,25.0,0-30 days,15482.9,12318.62,2463.72,5.0,Not Applicable,0.0
CUST-015509,0,Premium,51.0,5.0,High,4.0,0.0,9.0,38.0,31-60 days,22986.96,27572.29,889.43,31.0,Not Applicable,0.0
CUST-027237,1,Premium,36.0,5.0,Low,14.0,8.0,9.0,74.0,61-90 days,26271.43,21193.19,441.52,48.0,Payment Problems,8477.276
CUST-023313,1,Premium,32.0,4.0,Low,0.0,2.0,8.0,5.0,0-30 days,30919.56,33177.57,2073.6,16.0,Too Expensive,13271.028
CUST-002877,1,Small Business,6.0,3.0,High,14.0,1.0,7.0,74.0,61-90 days,7287.48,6326.83,790.85,8.0,Poor Product Quality,2530.732
CUST-016549,1,Premium,25.0,5.0,Low,13.0,14.0,4.0,56.0,31-60 days,13834.44,12603.21,340.63,37.0,Poor Product Quality,5041.2840000000015
CUST-044953,0,Enterprise,21.0,5.0,Medium,9.0,1.0,5.0,88.0,61-90 days,52506.89,46736.25,1416.25,33.0,Not Applicable,0.0
CUST-011578,0,Consumer,31.0,4.0,Low,4.0,3.0,5.0,11.0,0-30 days,35098.21,35232.12,765.92,46.0,Not Applicable,0.0
CUST-021049,1,Premium,19.0,5.0,Medium,12.0,0.0,7.0,66.0,61-90 days,40308.04,41963.79,4196.38,10.0,Shipping Issues,16785.516
CUST-035561,0,Small Business,54.0,2.0,Medium,10.0,11.0,2.0,21.0,0-30 days,32214.01,31583.2,657.98,48.0,Not Applicable,0.0
CUST-029112,0,Consumer,57.0,4.0,High,13.0,11.0,2.0,83.0,61-90 days,48835.36,43966.48,2931.1,15.0,Not Applicable,0.0
CUST-011509,1,Consumer,9.0,5.0,High,17.0,5.0,4.0,63.0,61-90 days,37566.44,43082.76,4308.28,10.0,Found Alternative,17233.104000000007
CUST-049319,0,Small Business,19.0,2.0,High,14.0,18.0,0.0,43.0,31-60 days,866.44,855.24,50.31,17.0,Not Applicable,0.0
CUST-017996,1,Small Business,55.0,3.0,Low,19.0,0.0,9.0,58.0,31-60 days,62554.43,48553.1,3034.57,16.0,Too Expensive,19421.24
CUST-027364,1,Small Business,37.0,2.0,Low,6.0,4.0,2.0,13.0,0-30 days,8708.97,8653.87,1730.77,5.0,Poor Product Quality,3461.548000000001
CUST-024399,0,Consumer,33.0,5.0,Medium,3.0,2.0,7.0,114.0,91-180 days,20533.45,20496.19,445.57,46.0,Not Applicable,0.0
CUST-045245,0,Consumer,35.0,2.0,Medium,8.0,0.0,1.0,54.0,31-60 days,9227.82,10654.58,231.62,46.0,Not Applicable,0.0
CUST-001557,0,Consumer,42.0,3.0,High,6.0,6.0,0.0,205.0,181-270 days,8444.33,9160.91,482.15,19.0,Not Applicable,0.0
CUST-018695,1,Consumer,35.0,2.0,Low,7.0,10.0,9.0,83.0,61-90 days,29221.86,23744.58,1249.71,19.0,Poor Customer Service,9497.832
CUST-018394,0,Consumer,37.0,1.0,Medium,16.0,16.0,1.0,48.0,31-60 days,19612.11,21939.02,1218.83,18.0,Not Applicable,0.0
CUST-048184,1,Consumer,28.0,2.0,High,8.0,3.0,1.0,59.0,31-60 days,13817.95,17077.42,711.56,24.0,No Longer Need Service,6830.968000000002
CUST-031793,0,Enterprise,3.0,4.0,Medium,17.0,5.0,4.0,24.0,0-30 days,22412.18,22355.89,519.9,43.0,Not Applicable,0.0
CUST-034290,0,Small Business,29.0,4.0,High,0.0,1.0,7.0,52.0,31-60 days,3144.89,3160.62,263.38,12.0,Not Applicable,0.0
CUST-036437,0,Small Business,6.0,3.0,Medium,19.0,4.0,7.0,29.0,0-30 days,61756.22,48232.67,2296.79,21.0,Not Applicable,0.0
CUST-047055,1,Consumer,41.0,4.0,Low,10.0,13.0,1.0,5.0,0-30 days,50313.64,43777.8,1122.51,39.0,Better Price Elsewhere,17511.120000000006
CUST-013842,1,Consumer,7.0,5.0,Low,4.0,4.0,0.0,17.0,0-30 days,17707.75,16838.64,443.12,38.0,Account Issues,6735.456
CUST-007264,0,Consumer,51.0,5.0,Medium,10.0,3.0,2.0,250.0,181-270 days,15391.57,15250.24,586.55,26.0,Not Applicable,0.0
CUST-034260,1,Premium,47.0,1.0,Medium,14.0,15.0,0.0,77.0,61-90 days,20518.81,24240.91,673.36,36.0,Poor Customer Service,9696.364
CUST-029523,0,Premium,33.0,3.0,High,13.0,3.0,2.0,45.0,31-60 days,17991.64,18739.25,382.43,49.0,Not Applicable,0.0
CUST-028038,0,Enterprise,44.0,3.0,Medium,7.0,9.0,3.0,20.0,0-30 days,16073.55,12418.77,318.43,39.0,Not Applicable,0.0
CUST-001665,0,Premium,35.0,1.0,Medium,14.0,13.0,5.0,7.0,0-30 days,17929.23,15666.08,602.54,26.0,Not Applicable,0.0
CUST-044669,1,Consumer,9.0,1.0,High,11.0,7.0,7.0,50.0,31-60 days,20836.82,19842.37,483.96,41.0,Found Alternative,7936.948
CUST-003607,1,Premium,8.0,1.0,Low,11.0,3.0,8.0,267.0,181-270 days,54418.18,45327.23,15109.08,3.0,Technical Issues,18130.892000000003
CUST-017574,0,Consumer,37.0,3.0,High,18.0,20.0,1.0,87.0,61-90 days,38999.01,42078.84,7013.14,6.0,Not Applicable,0.0
CUST-033556,0,Small Business,58.0,5.0,High,11.0,8.0,1.0,30.0,0-30 days,53467.45,45678.32,1062.29,43.0,Not Applicable,0.0
CUST-008949,1,Consumer,57.0,1.0,Low,6.0,6.0,2.0,202.0,181-270 days,16094.52,15446.46,908.62,17.0,Found Alternative,6178.584
CUST-047317,1,Small Business,19.0,5.0,Medium,11.0,8.0,7.0,39.0,31-60 days,62054.56,49358.32,4935.83,10.0,Payment Problems,19743.328
CUST-040789,0,Consumer,53.0,4.0,Medium,12.0,0.0,2.0,77.0,61-90 days,49286.55,43296.4,1665.25,26.0,Not Applicable,0.0
CUST-014897,0,Consumer,1.0,5.0,High,17.0,6.0,9.0,7.0,0-30 days,35756.79,37627.28,1710.33,22.0,Not Applicable,0.0
CUST-026292,1,Enterprise,4.0,2.0,Low,17.0,21.0,6.0,218.0,181-270 days,11145.06,11350.36,1621.48,7.0,Better Price Elsewhere,4540.144
CUST-020633,1,Consumer,10.0,5.0,Medium,12.0,13.0,3.0,82.0,61-90 days,35856.38,44551.39,0.0,0.0,Low Product Variety,17820.556
CUST-019338,0,Consumer,3.0,4.0,High,2.0,1.0,7.0,5.0,0-30 days,4437.73,4864.54,147.41,33.0,Not Applicable,0.0
CUST-025152,1,Consumer,9.0,2.0,High,16.0,15.0,9.0,224.0,181-270 days,39337.35,37472.7,892.21,42.0,Too Expensive,14989.08
CUST-012811,0,Consumer,1.0,5.0,Medium,17.0,17.0,3.0,45.0,31-60 days,52838.62,44387.25,7397.88,6.0,Not Applicable,0.0
CUST-011695,0,Premium,42.0,1.0,Medium,7.0,5.0,2.0,82.0,61-90 days,5481.62,6567.11,205.22,32.0,Not Applicable,0.0
CUST-014583,0,Premium,22.0,1.0,High,5.0,8.0,5.0,48.0,31-60 days,13182.53,15648.37,3129.67,5.0,Not Applicable,0.0
CUST-012174,0,Premium,57.0,2.0,Medium,4.0,3.0,3.0,38.0,31-60 days,23813.8,22157.03,1107.85,20.0,Not Applicable,0.0
CUST-003015,1,Consumer,10.0,4.0,Medium,1.0,0.0,0.0,75.0,61-90 days,10579.83,10083.77,347.72,29.0,Shipping Issues,4033.508
CUST-006423,1,Small Business,20.0,1.0,High,1.0,1.0,8.0,72.0,61-90 days,47010.41,45782.89,1578.72,29.0,Poor Customer Service,18313.156000000006
CUST-017888,0,Enterprise,28.0,3.0,Medium,10.0,2.0,2.0,45.0,31-60 days,35564.39,28140.92,3517.61,8.0,Not Applicable,0.0
CUST-003342,0,Premium,42.0,4.0,Medium,9.0,11.0,7.0,164.0,91-180 days,41398.98,35239.48,819.52,43.0,Not Applicable,0.0
CUST-043450,0,Consumer,4.0,2.0,Medium,15.0,16.0,5.0,87.0,61-90 days,39202.99,34113.62,1483.2,23.0,Not Applicable,0.0
CUST-006352,0,Consumer,53.0,3.0,Medium,18.0,13.0,0.0,38.0,31-60 days,52837.61,41278.18,959.96,43.0,Not Applicable,0.0
CUST-037895,0,Consumer,4.0,3.0,Low,10.0,1.0,5.0,13.0,0-30 days,6326.74,6835.2,213.6,32.0,Not Applicable,0.0
CUST-013894,0,Enterprise,28.0,1.0,High,1.0,4.0,0.0,60.0,31-60 days,51171.46,46395.47,2899.72,16.0,Not Applicable,0.0
CUST-007403,1,Premium,51.0,1.0,Medium,14.0,6.0,8.0,13.0,0-30 days,12365.2,10436.11,401.39,26.0,Better Price Elsewhere,4174.444
CUST-039182,1,Consumer,50.0,5.0,Medium,1.0,0.0,7.0,65.0,61-90 days,10329.51,11377.11,291.72,39.0,Poor Product Quality,4550.844
CUST-005896,0,Consumer,17.0,5.0,Low,10.0,4.0,0.0,54.0,31-60 days,6187.64,5847.62,730.95,8.0,Not Applicable,0.0
CUST-034941,1,Small Business,3.0,2.0,Medium,12.0,10.0,1.0,71.0,61-90 days,32431.77,34472.77,4309.1,8.0,Poor Customer Service,13789.108
CUST-041075,0,Premium,37.0,4.0,High,9.0,6.0,5.0,74.0,61-90 days,8327.14,8888.18,233.9,38.0,Not Applicable,0.0
CUST-046821,0,Consumer,45.0,5.0,Medium,6.0,7.0,3.0,19.0,0-30 days,38811.13,44337.13,2463.17,18.0,Not Applicable,0.0
CUST-030619,0,Consumer,16.0,2.0,High,4.0,5.0,9.0,14.0,0-30 days,48484.05,39807.26,1730.75,23.0,Not Applicable,0.0
CUST-033608,1,Premium,33.0,2.0,High,11.0,7.0,6.0,2.0,0-30 days,41870.6,39092.69,1028.76,38.0,Account Issues,15637.076000000001
CUST-006090,1,Small Business,14.0,2.0,Medium,16.0,2.0,8.0,19.0,0-30 days,23211.27,20588.64,2287.63,9.0,Better Price Elsewhere,8235.456
CUST-047682,0,Premium,34.0,4.0,Low,3.0,1.0,4.0,43.0,31-60 days,28353.84,29037.07,1814.82,16.0,Not Applicable,0.0
CUST-001978,1,Consumer,15.0,1.0,High,7.0,2.0,4.0,40.0,31-60 days,20982.48,20320.7,414.71,49.0,Found Alternative,8128.2800000000025
CUST-042117,0,Premium,16.0,3.0,High,12.0,2.0,6.0,5.0,0-30 days,153.26,125.73,2.99,42.0,Not Applicable,0.0
CUST-038857,1,Consumer,5.0,2.0,Low,8.0,9.0,1.0,122.0,91-180 days,2153.56,2341.33,48.78,48.0,Better Price Elsewhere,936.532
CUST-012295,1,Consumer,30.0,2.0,Low,0.0,4.0,8.0,229.0,181-270 days,28867.08,28975.11,965.84,30.0,Shipping Issues,11590.044000000002
CUST-032140,1,Premium,1.0,1.0,Medium,18.0,14.0,3.0,156.0,91-180 days,8058.38,7425.88,168.77,44.0,Poor Customer Service,2970.352000000001
CUST-044115,0,Consumer,59.0,3.0,High,2.0,3.0,6.0,53.0,31-60 days,26645.39,27877.42,753.44,37.0,Not Applicable,0.0
CUST-028662,0,Small Business,43.0,4.0,Low,16.0,11.0,3.0,19.0,0-30 days,36460.9,28710.83,5742.17,5.0,Not Applicable,0.0
CUST-028553,1,Premium,33.0,4.0,Low,18.0,20.0,2.0,78.0,61-90 days,1939.88,1744.26,58.14,30.0,Poor Customer Service,697.7040000000003
CUST-009381,0,Premium,56.0,3.0,Medium,3.0,6.0,3.0,78.0,61-90 days,16911.6,14026.49,1275.14,11.0,Not Applicable,0.0
CUST-001399,0,Small Business,20.0,3.0,Medium,17.0,4.0,6.0,69.0,61-90 days,60240.09,47478.59,1438.75,33.0,Not Applicable,0.0
CUST-006649,0,Consumer,43.0,4.0,Low,6.0,3.0,7.0,12.0,0-30 days,20424.75,18364.36,592.4,31.0,Not Applicable,0.0
CUST-030668,1,Consumer,43.0,4.0,Medium,16.0,16.0,8.0,15.0,0-30 days,37366.08,45846.65,1091.59,42.0,Shipping Issues,18338.66
CUST-045821,0,Small Business,34.0,5.0,Medium,5.0,7.0,4.0,300.0,271-365 days,39597.42,46500.47,1660.73,28.0,Not Applicable,0.0
CUST-046169,1,Consumer,38.0,2.0,Medium,19.0,10.0,6.0,288.0,271-365 days,12026.93,9813.26,239.35,41.0,Poor Customer Service,3925.304
CUST-007691,0,Consumer,40.0,5.0,Low,5.0,5.0,9.0,83.0,61-90 days,31356.69,32819.45,4102.43,8.0,Not Applicable,0.0
CUST-018410,0,Premium,58.0,3.0,Low,9.0,13.0,2.0,87.0,61-90 days,17818.04,19986.75,1110.38,18.0,Not Applicable,0.0
CUST-011918,1,Enterprise,38.0,4.0,High,15.0,15.0,2.0,147.0,91-180 days,36283.48,36540.46,18270.23,2.0,No Longer Need Service,14616.184
CUST-010002,0,Small Business,35.0,1.0,Medium,4.0,2.0,1.0,40.0,31-60 days,22644.48,21711.29,529.54,41.0,Not Applicable,0.0
CUST-022123,0,Small Business,26.0,5.0,High,7.0,3.0,6.0,143.0,91-180 days,36860.71,38863.51,1079.54,36.0,Not Applicable,0.0
CUST-003610,1,Consumer,11.0,4.0,Low,14.0,1.0,9.0,285.0,271-365 days,23018.76,22670.96,781.76,29.0,Payment Problems,9068.384
CUST-005549,0,Premium,15.0,4.0,Medium,1.0,4.0,4.0,19.0,0-30 days,649.55,740.11,22.43,33.0,Not Applicable,0.0
CUST-040788,1,Consumer,23.0,5.0,Medium,7.0,7.0,4.0,54.0,31-60 days,32815.5,27497.96,639.49,43.0,Low Product Variety,10999.184
CUST-000659,0,Consumer,44.0,3.0,Medium,1.0,3.0,9.0,343.0,271-365 days,19322.41,21774.64,531.09,41.0,Not Applicable,0.0
CUST-016581,0,Consumer,6.0,4.0,High,8.0,4.0,2.0,313.0,271-365 days,28397.78,29726.35,0.0,0.0,Not Applicable,0.0
CUST-022760,0,Consumer,45.0,3.0,Medium,10.0,7.0,5.0,184.0,181-270 days,12454.74,15396.9,1283.08,12.0,Not Applicable,0.0
CUST-041007,0,Consumer,28.0,2.0,Medium,6.0,5.0,6.0,226.0,181-270 days,15573.0,19397.0,497.36,39.0,Not Applicable,0.0
CUST-005750,0,Premium,49.0,4.0,Medium,1.0,5.0,4.0,113.0,91-180 days,2932.83,3440.76,0.0,0.0,Not Applicable,0.0
CUST-027013,1,Consumer,46.0,2.0,Medium,18.0,5.0,8.0,183.0,181-270 days,47552.03,38883.37,2592.22,15.0,Found Alternative,15553.348000000002
CUST-040433,1,Enterprise,55.0,1.0,Medium,5.0,8.0,8.0,66.0,61-90 days,29407.74,30027.48,1112.13,27.0,Poor Product Quality,12010.992
CUST-030023,1,Premium,56.0,2.0,Low,5.0,8.0,1.0,73.0,61-90 days,10459.54,8082.76,734.8,11.0,Too Expensive,3233.104000000001
CUST-041979,1,Consumer,47.0,4.0,Medium,11.0,13.0,6.0,74.0,61-90 days,27318.42,25796.14,1228.39,21.0,Account Issues,10318.456
CUST-013932,1,Consumer,47.0,3.0,Low,2.0,2.0,9.0,88.0,61-90 days,44282.37,34722.29,4340.29,8.0,Poor Customer Service,13888.916000000001
CUST-014513,1,Small Business,2.0,4.0,Medium,17.0,21.0,2.0,85.0,61-90 days,22586.25,23393.86,584.85,40.0,Poor Customer Service,9357.544
CUST-000305,0,Small Business,2.0,3.0,High,8.0,10.0,8.0,108.0,91-180 days,33294.74,41337.3,961.33,43.0,Not Applicable,0.0
CUST-036556,1,Premium,24.0,1.0,Medium,18.0,7.0,6.0,59.0,31-60 days,2998.3,3486.8,387.42,9.0,Poor Product Quality,1394.7200000000007
CUST-025280,1,Small Business,6.0,4.0,Low,13.0,6.0,8.0,168.0,91-180 days,58547.8,49554.7,3811.9,13.0,Shipping Issues,19821.88
CUST-036412,1,Small Business,10.0,2.0,Low,6.0,5.0,9.0,1.0,0-30 days,30599.65,25404.7,604.87,42.0,Too Expensive,10161.88
CUST-044300,0,Consumer,24.0,1.0,High,15.0,6.0,3.0,44.0,31-60 days,37833.29,44606.77,991.26,45.0,Not Applicable,0.0
CUST-027237,1,Premium,36.0,5.0,Low,14.0,17.0,9.0,74.0,61-90 days,26271.43,21193.19,441.52,48.0,Found Alternative,8477.276
CUST-022490,0,Premium,25.0,5.0,Medium,8.0,9.0,3.0,318.0,271-365 days,25707.2,23646.98,875.81,27.0,Not Applicable,0.0
CUST-024051,0,Premium,29.0,2.0,Low,7.0,7.0,8.0,203.0,181-270 days,45703.03,35685.18,4460.65,8.0,Not Applicable,0.0
CUST-040634,1,Consumer,26.0,3.0,Low,19.0,7.0,0.0,87.0,61-90 days,33299.33,35589.63,1779.48,20.0,Shipping Issues,14235.851999999999
CUST-016836,0,Premium,5.0,3.0,Low,10.0,7.0,8.0,15.0,0-30 days,29203.63,30680.0,2789.09,11.0,Not Applicable,0.0
CUST-003985,0,Small Business,55.0,4.0,Medium,3.0,5.0,2.0,288.0,271-365 days,1099.41,1351.49,28.76,47.0,Not Applicable,0.0
CUST-028779,0,Consumer,5.0,1.0,High,14.0,17.0,8.0,22.0,0-30 days,9072.34,9235.51,196.5,47.0,Not Applicable,0.0
CUST-018113,0,Premium,11.0,2.0,High,7.0,4.0,3.0,44.0,31-60 days,21115.79,16244.59,477.78,34.0,Not Applicable,0.0
CUST-024354,0,Premium,9.0,5.0,Medium,3.0,3.0,5.0,43.0,31-60 days,31489.01,37695.23,769.29,49.0,Not Applicable,0.0
CUST-003189,0,Premium,27.0,4.0,Low,7.0,11.0,5.0,64.0,61-90 days,2596.27,2004.21,668.07,3.0,Not Applicable,0.0
CUST-044429,0,Consumer,1.0,3.0,Medium,14.0,8.0,0.0,64.0,61-90 days,13670.67,12259.04,408.63,30.0,Not Applicable,0.0
CUST-028581,0,Premium,22.0,3.0,High,5.0,4.0,3.0,3.0,0-30 days,6855.53,5470.86,1367.71,4.0,Not Applicable,0.0
CUST-031740,1,Enterprise,52.0,2.0,Medium,5.0,7.0,7.0,192.0,181-270 days,3200.52,3637.72,106.99,34.0,Poor Customer Service,1455.088
CUST-041550,0,Small Business,25.0,4.0,Low,4.0,8.0,4.0,14.0,0-30 days,24151.71,26445.13,2203.76,12.0,Not Applicable,0.0
CUST-006743,0,Consumer,57.0,5.0,Medium,14.0,3.0,9.0,87.0,61-90 days,14411.8,13450.51,3362.63,4.0,Not Applicable,0.0
CUST-019827,1,Consumer,37.0,4.0,Low,19.0,12.0,9.0,38.0,31-60 days,25887.15,23516.92,479.94,49.0,Unhappy with Return Policy,9406.768
CUST-035800,1,Small Business,59.0,1.0,Low,0.0,4.0,5.0,49.0,31-60 days,41406.86,34888.55,1203.05,29.0,Poor Customer Service,13955.420000000002
CUST-017826,1,Small Business,7.0,1.0,Medium,13.0,13.0,2.0,49.0,31-60 days,34386.27,26568.23,1021.86,26.0,Shipping Issues,10627.292
CUST-040799,1,Small Business,47.0,5.0,High,11.0,3.0,2.0,33.0,31-60 days,35248.92,32687.21,883.44,37.0,Poor Customer Service,13074.883999999998
CUST-022277,0,Enterprise,24.0,3.0,High,12.0,12.0,1.0,209.0,181-270 days,23736.51,29098.27,1531.49,19.0,Not Applicable,0.0
CUST-008645,0,Consumer,49.0,1.0,Medium,1.0,3.0,2.0,53.0,31-60 days,43473.29,45863.43,1273.98,36.0,Not Applicable,0.0
CUST-034209,0,Premium,38.0,4.0,Low,8.0,4.0,2.0,45.0,31-60 days,27037.32,20957.19,487.38,43.0,Not Applicable,0.0
CUST-037413,0,Consumer,20.0,3.0,Medium,4.0,4.0,6.0,286.0,271-365 days,11739.6,9317.63,0.0,0.0,Not Applicable,0.0
CUST-014840,0,Small Business,9.0,5.0,High,9.0,13.0,5.0,19.0,0-30 days,45149.6,39326.03,1008.36,39.0,Not Applicable,0.0
CUST-033910,0,Premium,34.0,1.0,Low,9.0,10.0,7.0,50.0,31-60 days,62678.78,49734.94,1081.19,46.0,Not Applicable,0.0
CUST-023744,1,Small Business,34.0,5.0,Low,5.0,9.0,4.0,36.0,31-60 days,32230.02,34397.42,1011.69,34.0,Poor Customer Service,13758.968
CUST-010496,0,Consumer,50.0,4.0,Low,5.0,6.0,8.0,81.0,61-90 days,8665.29,9350.87,252.73,37.0,Not Applicable,0.0
CUST-002707,0,Small Business,44.0,5.0,Medium,3.0,6.0,0.0,79.0,61-90 days,9985.38,8753.98,186.25,47.0,Not Applicable,0.0
CUST-004425,0,Consumer,21.0,3.0,Medium,3.0,2.0,3.0,268.0,181-270 days,45175.39,39510.6,19755.3,2.0,Not Applicable,0.0
CUST-009783,1,Consumer,1.0,2.0,Low,10.0,10.0,6.0,240.0,181-270 days,16785.93,18881.3,726.2,26.0,Payment Problems,7552.52
CUST-030253,1,Premium,38.0,5.0,High,5.0,0.0,6.0,192.0,181-270 days,23721.15,20007.28,869.88,23.0,Too Expensive,8002.911999999998
CUST-031013,1,Consumer,27.0,2.0,High,9.0,10.0,8.0,46.0,31-60 days,8665.69,7337.19,611.43,12.0,Technical Issues,2934.876
CUST-033013,0,Small Business,10.0,3.0,High,15.0,14.0,9.0,277.0,271-365 days,12518.9,15161.68,459.44,33.0,Not Applicable,0.0
CUST-009745,1,Enterprise,41.0,1.0,Medium,11.0,13.0,1.0,352.0,271-365 days,49572.71,46206.37,7701.06,6.0,Shipping Issues,18482.548000000006
CUST-014372,1,Premium,15.0,2.0,Low,6.0,4.0,6.0,177.0,91-180 days,22728.34,27315.63,1011.69,27.0,No Longer Need Service,10926.252
CUST-019763,0,Enterprise,10.0,1.0,Medium,9.0,0.0,5.0,71.0,61-90 days,39114.67,36471.48,1105.2,33.0,Not Applicable,0.0
CUST-007698,1,Small Business,13.0,1.0,Medium,11.0,6.0,9.0,63.0,61-90 days,16974.8,15258.61,339.08,45.0,Shipping Issues,6103.444
CUST-000568,1,Consumer,10.0,2.0,Medium,10.0,0.0,8.0,139.0,91-180 days,39140.2,42579.11,1703.16,25.0,Low Product Variety,17031.644
CUST-020529,1,Consumer,36.0,1.0,Low,17.0,20.0,2.0,69.0,61-90 days,3598.0,4178.3,88.9,47.0,Technical Issues,1671.3200000000006
CUST-039274,0,Small Business,55.0,1.0,Medium,18.0,14.0,0.0,24.0,0-30 days,50294.64,41528.53,5191.07,8.0,Not Applicable,0.0
CUST-007279,1,Consumer,30.0,1.0,Medium,15.0,15.0,7.0,48.0,31-60 days,26501.83,21323.66,627.17,34.0,Account Issues,8529.464
CUST-038796,0,Premium,2.0,5.0,Medium,17.0,21.0,5.0,59.0,31-60 days,41849.15,47462.95,3390.21,14.0,Not Applicable,0.0
CUST-035708,1,Consumer,1.0,1.0,Medium,14.0,2.0,3.0,65.0,61-90 days,22798.23,20510.63,1025.53,20.0,Better Price Elsewhere,8204.252
CUST-023199,0,Premium,59.0,4.0,High,14.0,3.0,5.0,47.0,31-60 days,7449.12,6702.03,478.72,14.0,Not Applicable,0.0
CUST-016424,0,Premium,21.0,3.0,Low,0.0,3.0,5.0,43.0,31-60 days,41945.17,49151.35,2137.02,23.0,Not Applicable,0.0
CUST-039176,0,Small Business,18.0,4.0,High,3.0,7.0,1.0,233.0,181-270 days,14320.91,14928.73,403.48,37.0,Not Applicable,0.0
CUST-042550,0,Consumer,33.0,5.0,High,12.0,3.0,8.0,220.0,181-270 days,47035.48,47398.23,1394.07,34.0,Not Applicable,0.0
CUST-011099,1,Enterprise,6.0,2.0,High,12.0,1.0,0.0,3.0,0-30 days,33759.76,39755.27,2092.38,19.0,Better Price Elsewhere,15902.108
CUST-028464,1,Small Business,4.0,5.0,Medium,8.0,3.0,1.0,232.0,181-270 days,42114.13,40512.1,0.0,0.0,Poor Customer Service,16204.84
CUST-031777,0,Consumer,50.0,4.0,Medium,0.0,0.0,9.0,142.0,91-180 days,43761.26,39704.93,39704.93,1.0,Not Applicable,0.0
CUST-027711,0,Consumer,20.0,5.0,Medium,4.0,2.0,2.0,30.0,0-30 days,46388.24,47519.71,23759.85,2.0,Not Applicable,0.0
CUST-009150,1,Enterprise,29.0,1.0,Medium,16.0,5.0,5.0,68.0,61-90 days,39792.27,40297.22,6716.2,6.0,Poor Product Quality,16118.888
CUST-045875,0,Consumer,49.0,3.0,High,7.0,10.0,3.0,6.0,0-30 days,8490.44,7218.61,160.41,45.0,Not Applicable,0.0
CUST-021161,0,Small Business,37.0,4.0,High,17.0,17.0,3.0,104.0,91-180 days,16921.78,14138.21,831.66,17.0,Not Applicable,0.0
CUST-043264,0,Small Business,56.0,5.0,Medium,0.0,2.0,3.0,248.0,181-270 days,7863.64,8631.96,616.57,14.0,Not Applicable,0.0
CUST-044454,0,Small Business,37.0,5.0,High,0.0,4.0,6.0,39.0,31-60 days,9335.45,9433.01,294.78,32.0,Not Applicable,0.0
CUST-028749,1,Small Business,55.0,4.0,High,16.0,1.0,4.0,79.0,61-90 days,48271.75,49490.57,2604.77,19.0,Too Expensive,19796.228000000006
CUST-048318,0,Consumer,34.0,1.0,Medium,12.0,7.0,6.0,88.0,61-90 days,44392.37,36174.09,841.26,43.0,Not Applicable,0.0
CUST-013427,1,Consumer,21.0,2.0,High,14.0,0.0,6.0,76.0,61-90 days,54557.57,43003.24,1048.86,41.0,Poor Customer Service,17201.296000000002
CUST-010007,1,Premium,32.0,2.0,Low,8.0,11.0,0.0,50.0,31-60 days,29375.59,23764.78,23764.78,1.0,Low Product Variety,9505.912
CUST-008136,1,Consumer,47.0,3.0,Medium,18.0,2.0,2.0,129.0,91-180 days,7357.59,7831.22,372.92,21.0,Account Issues,3132.488000000001
CUST-021814,0,Consumer,22.0,4.0,Medium,0.0,2.0,9.0,74.0,61-90 days,44659.89,37477.68,1171.18,32.0,Not Applicable,0.0
CUST-019651,0,Consumer,52.0,3.0,Medium,0.0,1.0,5.0,60.0,31-60 days,29731.83,23482.14,711.58,33.0,Not Applicable,0.0
CUST-042918,0,Premium,6.0,4.0,High,6.0,2.0,1.0,218.0,181-270 days,30842.21,37689.63,1108.52,34.0,Not Applicable,0.0
CUST-044322,1,Consumer,33.0,4.0,Medium,12.0,13.0,1.0,58.0,31-60 days,42024.79,38337.84,1369.21,28.0,Payment Problems,15335.136
CUST-048214,0,Enterprise,58.0,4.0,Medium,19.0,19.0,6.0,324.0,271-365 days,27303.58,33064.09,688.84,48.0,Not Applicable,0.0
CUST-011354,0,Small Business,14.0,1.0,Medium,6.0,3.0,5.0,265.0,181-270 days,23672.42,26783.75,6695.94,4.0,Not Applicable,0.0
CUST-049207,0,Consumer,16.0,5.0,Medium,11.0,15.0,9.0,23.0,0-30 days,25222.46,30306.01,5051.0,6.0,Not Applicable,0.0
CUST-006753,1,Enterprise,42.0,1.0,Medium,15.0,3.0,2.0,195.0,181-270 days,33551.41,30205.6,702.46,43.0,Found Alternative,12082.24
CUST-039338,0,Consumer,53.0,3.0,High,19.0,10.0,1.0,350.0,271-365 days,5753.58,4924.3,182.38,27.0,Not Applicable,0.0
CUST-001267,0,Consumer,7.0,4.0,High,10.0,10.0,6.0,35.0,31-60 days,28294.32,29985.01,624.69,48.0,Not Applicable,0.0
CUST-026821,1,Consumer,10.0,4.0,Medium,9.0,9.0,5.0,295.0,271-365 days,28067.8,26323.64,572.25,46.0,Technical Issues,10529.456
CUST-036301,0,Premium,30.0,3.0,High,17.0,4.0,3.0,23.0,0-30 days,10343.35,8428.27,191.55,44.0,Not Applicable,0.0
CUST-008771,0,Consumer,31.0,5.0,Medium,14.0,18.0,6.0,165.0,91-180 days,52145.05,46003.01,1210.61,38.0,Not Applicable,0.0
CUST-045346,0,Consumer,59.0,5.0,Low,12.0,8.0,1.0,32.0,31-60 days,27491.41,34207.9,1266.96,27.0,Not Applicable,0.0
CUST-011024,0,Consumer,23.0,3.0,High,0.0,3.0,3.0,47.0,31-60 days,45528.6,49355.98,4113.0,12.0,Not Applicable,0.0
CUST-024280,0,Consumer,5.0,5.0,Low,10.0,5.0,6.0,348.0,271-365 days,6936.86,7614.09,1269.02,6.0,Not Applicable,0.0
CUST-048202,0,Consumer,49.0,3.0,Medium,10.0,9.0,2.0,110.0,91-180 days,1038.46,1040.64,27.39,38.0,Not Applicable,0.0
CUST-026411,0,Premium,27.0,5.0,High,5.0,6.0,0.0,215.0,181-270 days,20585.65,18401.42,0.0,0.0,Not Applicable,0.0
CUST-026906,1,Small Business,44.0,2.0,Low,18.0,0.0,5.0,70.0,61-90 days,15038.51,18327.36,654.55,28.0,Too Expensive,7330.944
CUST-031853,0,Premium,42.0,4.0,Medium,13.0,16.0,7.0,353.0,271-365 days,20288.88,19512.42,573.89,34.0,Not Applicable,0.0
CUST-004657,1,Premium,53.0,1.0,Medium,4.0,1.0,4.0,20.0,0-30 days,32583.65,28391.52,887.24,32.0,Shipping Issues,11356.608
CUST-013624,1,Small Business,15.0,5.0,Low,7.0,10.0,2.0,19.0,0-30 days,31441.79,30042.0,858.34,35.0,Low Product Variety,12016.8
CUST-018765,1,Premium,50.0,1.0,Low,8.0,12.0,7.0,41.0,31-60 days,504.05,445.4,9.09,49.0,Poor Customer Service,178.16
CUST-002430,1,Consumer,46.0,1.0,Medium,17.0,10.0,7.0,41.0,31-60 days,19064.72,19032.62,576.75,33.0,Better Price Elsewhere,7613.048000000002
CUST-003559,1,Consumer,23.0,3.0,Medium,4.0,1.0,6.0,88.0,61-90 days,16847.62,18756.93,750.28,25.0,Poor Product Quality,7502.772000000001
CUST-036935,0,Consumer,19.0,3.0,Medium,10.0,10.0,1.0,37.0,31-60 days,22993.48,26144.03,901.52,29.0,Not Applicable,0.0
CUST-043074,0,Premium,2.0,5.0,Medium,10.0,7.0,8.0,102.0,91-180 days,22352.08,25440.2,1211.44,21.0,Not Applicable,0.0
CUST-041173,0,Consumer,16.0,4.0,Low,7.0,6.0,5.0,169.0,91-180 days,16306.79,13747.9,0.0,0.0,Not Applicable,0.0
CUST-018182,1,Consumer,56.0,1.0,Low,19.0,22.0,7.0,31.0,31-60 days,39053.58,46058.52,1315.96,35.0,Poor Customer Service,18423.408
CUST-018262,0,Enterprise,42.0,4.0,Low,18.0,8.0,2.0,86.0,61-90 days,20636.75,18288.86,554.21,33.0,Not Applicable,0.0
CUST-039949,0,Consumer,47.0,4.0,High,0.0,3.0,7.0,129.0,91-180 days,13609.28,11684.45,687.32,17.0,Not Applicable,0.0
CUST-018984,0,Enterprise,10.0,5.0,High,5.0,6.0,5.0,52.0,31-60 days,5686.57,5590.02,399.29,14.0,Not Applicable,0.0
CUST-016566,0,Small Business,17.0,2.0,Low,9.0,4.0,3.0,49.0,31-60 days,20208.73,16937.01,376.38,45.0,Not Applicable,0.0
CUST-015544,0,Consumer,22.0,1.0,Medium,0.0,1.0,5.0,67.0,61-90 days,9203.11,8449.06,196.49,43.0,Not Applicable,0.0
CUST-017928,1,Consumer,36.0,4.0,High,7.0,8.0,8.0,49.0,31-60 days,26954.78,24504.8,556.93,44.0,Payment Problems,9801.92
CUST-015760,1,Small Business,5.0,2.0,High,0.0,1.0,7.0,82.0,61-90 days,30043.2,37017.98,12339.33,3.0,Too Expensive,14807.192000000005
CUST-033002,1,Premium,26.0,1.0,Medium,0.0,2.0,9.0,178.0,91-180 days,36535.45,37938.42,3793.84,10.0,Poor Product Quality,15175.368
CUST-040026,1,Consumer,45.0,1.0,High,16.0,14.0,7.0,18.0,0-30 days,36665.81,38560.95,4284.55,9.0,Poor Product Quality,15424.38
CUST-041248,1,Premium,4.0,1.0,Low,9.0,7.0,5.0,86.0,61-90 days,44638.25,35770.61,730.01,49.0,Shipping Issues,14308.244
CUST-013869,0,Small Business,9.0,1.0,Medium,16.0,13.0,9.0,55.0,31-60 days,38461.97,45980.83,15326.94,3.0,Not Applicable,0.0
CUST-015800,0,Consumer,35.0,5.0,High,10.0,5.0,0.0,284.0,271-365 days,13749.75,11211.14,560.56,20.0,Not Applicable,0.0
CUST-048402,1,Enterprise,37.0,3.0,Low,17.0,20.0,2.0,12.0,0-30 days,4705.36,4633.52,356.42,13.0,Poor Product Quality,1853.4080000000006
CUST-041760,0,Consumer,40.0,3.0,Low,4.0,1.0,6.0,44.0,31-60 days,9627.76,9007.6,692.89,13.0,Not Applicable,0.0
CUST-022575,0,Consumer,21.0,3.0,Low,1.0,5.0,0.0,177.0,91-180 days,49109.66,44369.58,1304.99,34.0,Not Applicable,0.0
CUST-024784,0,Small Business,31.0,1.0,Medium,10.0,12.0,7.0,80.0,61-90 days,20784.1,25896.83,681.5,38.0,Not Applicable,0.0
CUST-042388,0,Premium,10.0,2.0,Medium,13.0,13.0,8.0,56.0,31-60 days,27945.06,32009.82,6401.96,5.0,Not Applicable,0.0
CUST-022736,1,Premium,48.0,1.0,Low,18.0,10.0,4.0,119.0,91-180 days,29081.21,35960.8,5993.47,6.0,Too Expensive,14384.320000000005
CUST-013978,0,Small Business,44.0,5.0,Medium,10.0,11.0,3.0,30.0,0-30 days,6458.4,5495.92,161.64,34.0,Not Applicable,0.0
CUST-033981,0,Premium,18.0,5.0,High,15.0,14.0,4.0,223.0,181-270 days,26120.5,22278.21,464.13,48.0,Not Applicable,0.0
CUST-006796,1,Premium,9.0,1.0,Medium,12.0,13.0,0.0,36.0,31-60 days,32927.69,33705.82,1248.36,27.0,Found Alternative,13482.328000000001
CUST-016337,0,Consumer,35.0,5.0,Low,12.0,4.0,1.0,46.0,31-60 days,26499.41,29530.64,2109.33,14.0,Not Applicable,0.0
CUST-030951,0,Small Business,11.0,5.0,High,8.0,5.0,2.0,11.0,0-30 days,23015.87,20643.9,825.76,25.0,Not Applicable,0.0
CUST-029788,0,Enterprise,32.0,1.0,Medium,15.0,17.0,3.0,196.0,181-270 days,30651.95,33075.33,826.88,40.0,Not Applicable,0.0
CUST-045885,1,Premium,14.0,2.0,Low,3.0,7.0,0.0,53.0,31-60 days,1493.24,1844.06,70.93,26.0,Payment Problems,737.6239999999998
CUST-007926,0,Small Business,1.0,4.0,Low,17.0,4.0,3.0,65.0,61-90 days,46967.4,45408.35,1135.21,40.0,Not Applicable,0.0
CUST-044395,1,Small Business,8.0,2.0,Low,0.0,0.0,9.0,83.0,61-90 days,20193.17,24588.92,2049.08,12.0,Payment Problems,9835.568
CUST-038235,0,Consumer,32.0,5.0,Medium,13.0,14.0,8.0,16.0,0-30 days,47894.24,46759.98,15586.66,3.0,Not Applicable,0.0
CUST-026979,0,Consumer,33.0,3.0,Medium,6.0,3.0,1.0,49.0,31-60 days,10158.24,10353.69,1479.1,7.0,Not Applicable,0.0
CUST-031981,1,Consumer,19.0,2.0,Low,4.0,1.0,4.0,284.0,271-365 days,4585.22,4504.68,104.76,43.0,No Longer Need Service,1801.8720000000005
CUST-025955,1,Consumer,17.0,2.0,High,16.0,15.0,7.0,263.0,181-270 days,21391.89,17376.0,0.0,0.0,Account Issues,6950.400000000002
CUST-009284,1,Enterprise,17.0,1.0,Medium,12.0,14.0,9.0,78.0,61-90 days,46231.8,43062.81,3914.8,11.0,Poor Product Quality,17225.124
CUST-013161,0,Consumer,6.0,4.0,Low,16.0,0.0,5.0,1.0,0-30 days,10284.04,9114.36,246.33,37.0,Not Applicable,0.0
CUST-001410,0,Consumer,30.0,3.0,Medium,10.0,2.0,5.0,47.0,31-60 days,26149.3,27305.98,910.2,30.0,Not Applicable,0.0
CUST-027500,1,Consumer,41.0,2.0,Low,15.0,15.0,3.0,251.0,181-270 days,17834.97,14403.09,2057.58,7.0,Technical Issues,5761.236000000001
CUST-030235,1,Premium,17.0,4.0,Low,15.0,9.0,3.0,195.0,181-270 days,8927.57,11103.93,277.6,40.0,Poor Product Quality,4441.572
CUST-009422,0,Small Business,34.0,1.0,High,6.0,0.0,0.0,56.0,31-60 days,50554.4,42524.01,1250.71,34.0,Not Applicable,0.0
CUST-011440,0,Consumer,6.0,1.0,Medium,10.0,9.0,8.0,48.0,31-60 days,47347.73,41197.29,3745.21,11.0,Not Applicable,0.0
CUST-017489,0,Consumer,52.0,3.0,High,9.0,11.0,1.0,97.0,91-180 days,10937.05,11047.12,263.03,42.0,Not Applicable,0.0
CUST-038614,1,Consumer,1.0,5.0,High,12.0,3.0,9.0,88.0,61-90 days,27781.6,26464.77,26464.77,1.0,Poor Product Quality,10585.908000000001
CUST-027338,0,Premium,44.0,3.0,Medium,15.0,15.0,9.0,317.0,271-365 days,46174.22,48695.93,2705.33,18.0,Not Applicable,0.0
CUST-048705,0,Consumer,24.0,5.0,Medium,10.0,0.0,5.0,11.0,0-30 days,46317.85,37082.62,5297.52,7.0,Not Applicable,0.0
CUST-020393,1,Small Business,11.0,3.0,Low,17.0,5.0,8.0,156.0,91-180 days,17535.64,20792.75,866.36,24.0,Poor Product Quality,8317.1
CUST-034077,1,Consumer,33.0,5.0,Low,18.0,19.0,1.0,74.0,61-90 days,38150.76,41247.17,5155.9,8.0,Too Expensive,16498.868000000002
CUST-043020,0,Consumer,8.0,4.0,Medium,10.0,1.0,5.0,46.0,31-60 days,21398.87,23246.19,5811.55,4.0,Not Applicable,0.0
CUST-025269,0,Consumer,37.0,5.0,Medium,13.0,8.0,7.0,59.0,31-60 days,28778.97,23868.81,555.09,43.0,Not Applicable,0.0
CUST-004280,0,Consumer,30.0,2.0,Medium,1.0,0.0,6.0,1.0,0-30 days,52116.72,40452.2,2247.34,18.0,Not Applicable,0.0
CUST-044073,0,Consumer,8.0,5.0,Medium,15.0,17.0,3.0,197.0,181-270 days,10301.98,11305.95,565.3,20.0,Not Applicable,0.0
CUST-013371,0,Small Business,1.0,2.0,Medium,2.0,2.0,2.0,235.0,181-270 days,23495.16,27093.47,712.99,38.0,Not Applicable,0.0
CUST-047392,0,Consumer,48.0,5.0,High,17.0,6.0,3.0,61.0,61-90 days,26358.52,27007.98,1350.4,20.0,Not Applicable,0.0
CUST-049694,0,Premium,6.0,3.0,High,10.0,0.0,1.0,31.0,31-60 days,18356.13,19340.37,1611.7,12.0,Not Applicable,0.0
CUST-036747,0,Premium,5.0,4.0,Medium,5.0,2.0,8.0,298.0,271-365 days,39029.92,46116.16,1124.78,41.0,Not Applicable,0.0
CUST-005493,1,Consumer,56.0,5.0,High,12.0,11.0,7.0,186.0,181-270 days,5914.98,6748.53,3374.26,2.0,Account Issues,2699.4120000000007
CUST-045466,1,Enterprise,8.0,2.0,High,17.0,8.0,2.0,96.0,91-180 days,29078.56,27621.11,2124.7,13.0,Poor Customer Service,11048.444
CUST-014144,0,Premium,41.0,4.0,Medium,3.0,0.0,1.0,74.0,61-90 days,49098.92,43591.83,2421.77,18.0,Not Applicable,0.0
CUST-036605,1,Small Business,36.0,2.0,Medium,3.0,5.0,5.0,74.0,61-90 days,37940.72,31757.28,0.0,0.0,Poor Product Quality,12702.912
CUST-012963,1,Consumer,21.0,3.0,Low,13.0,1.0,9.0,34.0,31-60 days,954.18,1003.99,66.93,15.0,Found Alternative,401.596
CUST-013718,0,Premium,22.0,5.0,High,4.0,7.0,4.0,8.0,0-30 days,38836.84,36709.14,2823.78,13.0,Not Applicable,0.0
CUST-034552,1,Small Business,34.0,2.0,Medium,12.0,12.0,0.0,11.0,0-30 days,29070.94,26504.3,883.48,30.0,Poor Customer Service,10601.72
CUST-029827,0,Small Business,36.0,3.0,High,11.0,0.0,9.0,206.0,181-270 days,14858.68,17539.72,548.12,32.0,Not Applicable,0.0
CUST-016144,0,Consumer,15.0,5.0,High,14.0,1.0,7.0,76.0,61-90 days,25450.37,26710.84,3338.86,8.0,Not Applicable,0.0
CUST-000728,0,Small Business,35.0,2.0,Medium,18.0,19.0,8.0,47.0,31-60 days,38103.23,31471.26,1748.4,18.0,Not Applicable,0.0
CUST-039282,0,Premium,25.0,2.0,High,6.0,5.0,3.0,39.0,31-60 days,34269.64,42670.58,927.62,46.0,Not Applicable,0.0
CUST-034124,1,Consumer,24.0,1.0,Medium,2.0,1.0,3.0,75.0,61-90 days,1698.37,1588.21,144.38,11.0,Too Expensive,635.2840000000001
CUST-035766,0,Small Business,44.0,5.0,High,14.0,3.0,1.0,15.0,0-30 days,31231.47,26901.66,1281.03,21.0,Not Applicable,0.0
CUST-007794,1,Consumer,57.0,2.0,Medium,8.0,5.0,3.0,51.0,31-60 days,35324.43,32999.32,846.14,39.0,Better Price Elsewhere,13199.728000000001
CUST-033826,1,Small Business,41.0,5.0,Medium,16.0,2.0,1.0,44.0,31-60 days,46057.07,37148.25,1280.97,29.0,Too Expensive,14859.3
CUST-004565,0,Consumer,56.0,5.0,Medium,7.0,1.0,7.0,184.0,181-270 days,28974.11,27426.42,857.08,32.0,Not Applicable,0.0
CUST-032277,0,Premium,25.0,4.0,Medium,14.0,14.0,5.0,13.0,0-30 days,13186.07,14600.45,374.37,39.0,Not Applicable,0.0
CUST-036782,0,Consumer,44.0,3.0,Medium,4.0,0.0,6.0,48.0,31-60 days,15631.98,15066.33,602.65,25.0,Not Applicable,0.0
CUST-040031,1,Premium,49.0,3.0,Low,11.0,5.0,6.0,75.0,61-90 days,14475.55,11895.23,371.73,32.0,Poor Product Quality,4758.0920000000015
CUST-017385,0,Consumer,9.0,1.0,Medium,10.0,14.0,9.0,74.0,61-90 days,52130.85,47857.23,1994.05,24.0,Not Applicable,0.0
CUST-046740,0,Consumer,46.0,3.0,Low,0.0,4.0,4.0,342.0,271-365 days,47669.45,38342.29,9585.57,4.0,Not Applicable,0.0
CUST-039910,0,Consumer,34.0,2.0,High,8.0,2.0,0.0,25.0,0-30 days,22365.79,23633.83,762.38,31.0,Not Applicable,0.0
CUST-017048,0,Consumer,9.0,3.0,Medium,5.0,9.0,1.0,68.0,61-90 days,1665.97,1580.24,58.53,27.0,Not Applicable,0.0
CUST-037431,0,Small Business,23.0,5.0,Low,8.0,6.0,7.0,78.0,61-90 days,37056.4,44095.24,3391.94,13.0,Not Applicable,0.0
CUST-006952,1,Consumer,2.0,1.0,High,6.0,9.0,6.0,46.0,31-60 days,36329.37,30086.93,1367.59,22.0,Found Alternative,12034.772
CUST-002544,1,Premium,41.0,1.0,High,9.0,6.0,7.0,90.0,61-90 days,32495.9,38128.7,1657.77,23.0,Account Issues,15251.48
CUST-017017,1,Consumer,4.0,2.0,High,7.0,3.0,6.0,73.0,61-90 days,51419.71,46802.23,4680.22,10.0,Poor Customer Service,18720.892000000003
CUST-048901,0,Consumer,5.0,5.0,High,9.0,2.0,3.0,67.0,61-90 days,15258.08,18025.94,2002.88,9.0,Not Applicable,0.0
CUST-023702,0,Consumer,45.0,5.0,Low,0.0,4.0,2.0,26.0,0-30 days,13789.44,12805.67,441.57,29.0,Not Applicable,0.0
CUST-044681,0,Premium,59.0,1.0,Low,0.0,2.0,2.0,19.0,0-30 days,2920.93,3410.89,100.32,34.0,Not Applicable,0.0
CUST-035238,1,Consumer,46.0,1.0,Medium,11.0,8.0,6.0,189.0,181-270 days,20444.72,24268.62,898.84,27.0,Poor Customer Service,9707.448
CUST-010940,1,Small Business,33.0,1.0,Low,3.0,7.0,6.0,52.0,31-60 days,26597.2,31536.92,685.59,46.0,Shipping Issues,12614.768
CUST-014459,0,Consumer,1.0,1.0,High,1.0,2.0,2.0,218.0,181-270 days,42848.95,34561.39,1047.31,33.0,Not Applicable,0.0
CUST-031559,0,Small Business,36.0,4.0,High,0.0,3.0,0.0,85.0,61-90 days,7204.92,8012.99,258.48,31.0,Not Applicable,0.0
CUST-046371,0,Premium,33.0,1.0,Medium,11.0,7.0,4.0,29.0,0-30 days,41559.17,32267.46,3226.75,10.0,Not Applicable,0.0
CUST-041384,1,Small Business,37.0,5.0,Low,3.0,0.0,5.0,16.0,0-30 days,6903.2,6722.28,210.07,32.0,Account Issues,2688.9120000000007
CUST-001464,0,Enterprise,30.0,5.0,High,7.0,0.0,6.0,42.0,31-60 days,40875.94,37563.34,2889.49,13.0,Not Applicable,0.0
CUST-006014,1,Consumer,12.0,2.0,Medium,1.0,2.0,6.0,203.0,181-270 days,25746.09,20111.95,437.22,46.0,Poor Customer Service,8044.7800000000025
CUST-032887,1,Enterprise,36.0,2.0,Low,18.0,7.0,1.0,325.0,271-365 days,36092.16,44378.22,944.22,47.0,Shipping Issues,17751.288
CUST-004517,1,Consumer,4.0,2.0,Low,2.0,4.0,4.0,71.0,61-90 days,8268.07,9922.74,431.42,23.0,Account Issues,3969.096
CUST-019092,0,Consumer,2.0,5.0,Medium,2.0,0.0,8.0,134.0,91-180 days,5277.72,5963.82,283.99,21.0,Not Applicable,0.0
CUST-036795,1,Small Business,56.0,4.0,Low,14.0,18.0,6.0,173.0,91-180 days,47113.35,37699.02,37699.02,1.0,Account Issues,15079.608
CUST-005150,0,Premium,54.0,2.0,High,6.0,7.0,1.0,41.0,31-60 days,5471.13,6385.03,148.49,43.0,Not Applicable,0.0
CUST-041816,0,Consumer,6.0,4.0,High,1.0,3.0,3.0,279.0,271-365 days,22397.79,26832.84,2981.43,9.0,Not Applicable,0.0
CUST-043188,0,Consumer,8.0,2.0,Medium,8.0,4.0,5.0,39.0,31-60 days,37650.48,35442.57,1417.7,25.0,Not Applicable,0.0
CUST-004089,0,Premium,5.0,4.0,High,10.0,0.0,4.0,42.0,31-60 days,27074.79,22511.43,2501.27,9.0,Not Applicable,0.0
CUST-029986,0,Consumer,2.0,5.0,Medium,6.0,9.0,9.0,109.0,91-180 days,33269.02,37473.27,2204.31,17.0,Not Applicable,0.0
CUST-046179,1,Enterprise,50.0,2.0,High,13.0,11.0,4.0,145.0,91-180 days,20965.94,22419.75,1494.65,15.0,Poor Product Quality,8967.9
CUST-038656,1,Premium,23.0,3.0,High,14.0,14.0,2.0,189.0,181-270 days,1278.35,1509.34,65.62,23.0,Shipping Issues,603.736
CUST-017462,0,Small Business,48.0,3.0,Medium,6.0,10.0,8.0,53.0,31-60 days,2593.34,2262.96,188.58,12.0,Not Applicable,0.0
CUST-019336,1,Small Business,59.0,2.0,High,16.0,12.0,4.0,62.0,61-90 days,9215.79,9178.75,483.09,19.0,Poor Customer Service,3671.5
CUST-045619,1,Small Business,59.0,1.0,Low,15.0,16.0,9.0,280.0,271-365 days,44773.2,37914.18,3159.51,12.0,Poor Product Quality,15165.672
CUST-035507,1,Premium,36.0,4.0,Low,12.0,7.0,4.0,36.0,31-60 days,45785.23,45630.41,1200.8,38.0,Found Alternative,18252.164
CUST-006066,0,Premium,20.0,2.0,High,8.0,12.0,4.0,42.0,31-60 days,18602.48,17254.38,507.48,34.0,Not Applicable,0.0
CUST-019077,1,Enterprise,22.0,5.0,Medium,2.0,1.0,1.0,86.0,61-90 days,2913.94,3106.73,88.76,35.0,Slow Delivery,1242.692
CUST-026280,1,Consumer,30.0,1.0,Low,9.0,13.0,8.0,197.0,181-270 days,874.09,855.63,0.0,0.0,Shipping Issues,342.2519999999999
CUST-000293,0,Consumer,28.0,1.0,Medium,6.0,2.0,5.0,75.0,61-90 days,38113.46,39990.26,3076.17,13.0,Not Applicable,0.0
CUST-040396,1,Consumer,36.0,2.0,High,6.0,4.0,0.0,83.0,61-90 days,38809.24,39853.5,1992.67,20.0,Poor Customer Service,15941.4
CUST-015310,0,Consumer,39.0,3.0,Medium,9.0,5.0,2.0,39.0,31-60 days,3963.15,4760.06,280.0,17.0,Not Applicable,0.0
CUST-001399,1,Small Business,20.0,3.0,Medium,17.0,3.0,6.0,69.0,61-90 days,60240.09,47478.59,1438.75,33.0,Shipping Issues,18991.436
CUST-018624,0,Small Business,34.0,3.0,Low,13.0,3.0,0.0,66.0,61-90 days,46228.17,36549.76,12183.25,3.0,Not Applicable,0.0
CUST-048608,1,Consumer,30.0,5.0,High,15.0,7.0,2.0,46.0,31-60 days,44219.97,39544.34,1040.64,38.0,Poor Customer Service,15817.736
CUST-012617,1,Consumer,45.0,2.0,High,6.0,1.0,0.0,31.0,31-60 days,2750.88,2630.67,0.0,0.0,Poor Customer Service,1052.268
CUST-033927,0,Enterprise,41.0,1.0,Medium,19.0,9.0,5.0,318.0,271-365 days,51742.7,41086.27,20543.13,2.0,Not Applicable,0.0
CUST-029787,0,Enterprise,29.0,4.0,Medium,10.0,3.0,2.0,344.0,271-365 days,53259.48,46370.72,1545.69,30.0,Not Applicable,0.0
CUST-039524,1,Small Business,33.0,1.0,Medium,7.0,5.0,7.0,356.0,271-365 days,31305.3,30474.96,30474.96,1.0,Unhappy with Return Policy,12189.984
CUST-016886,1,Premium,58.0,1.0,Low,18.0,20.0,7.0,148.0,91-180 days,38176.75,37306.04,0.0,0.0,Account Issues,14922.416000000001
CUST-018984,0,Enterprise,10.0,5.0,High,5.0,8.0,5.0,52.0,31-60 days,5686.57,5590.02,399.29,14.0,Not Applicable,0.0
CUST-009061,0,Premium,18.0,5.0,High,12.0,3.0,5.0,21.0,0-30 days,15362.27,12332.43,0.0,0.0,Not Applicable,0.0
CUST-020114,1,Consumer,5.0,2.0,Low,5.0,2.0,3.0,9.0,0-30 days,21226.25,22111.57,4422.31,5.0,Poor Customer Service,8844.628
CUST-011733,0,Consumer,5.0,2.0,Low,10.0,3.0,9.0,58.0,31-60 days,40500.51,40899.72,1202.93,34.0,Not Applicable,0.0
CUST-027390,1,Enterprise,7.0,1.0,Medium,2.0,4.0,4.0,195.0,181-270 days,3880.97,3096.97,67.33,46.0,Poor Customer Service,1238.788
CUST-016337,1,Consumer,35.0,5.0,Low,12.0,7.0,1.0,46.0,31-60 days,26499.41,29530.64,2109.33,14.0,Shipping Issues,11812.256000000001
CUST-005069,0,Premium,19.0,4.0,High,2.0,4.0,2.0,78.0,61-90 days,29351.52,31635.15,1860.89,17.0,Not Applicable,0.0
CUST-028719,1,Enterprise,22.0,2.0,Low,11.0,10.0,6.0,285.0,271-365 days,8018.28,6644.76,3322.38,2.0,Too Expensive,2657.9040000000005
CUST-030422,0,Consumer,45.0,4.0,High,10.0,11.0,4.0,88.0,61-90 days,58622.13,48119.25,982.03,49.0,Not Applicable,0.0
CUST-015351,1,Consumer,13.0,4.0,High,16.0,12.0,6.0,25.0,0-30 days,36957.19,42659.63,21329.81,2.0,Account Issues,17063.852
CUST-031692,0,Consumer,1.0,5.0,Medium,7.0,1.0,7.0,296.0,271-365 days,59354.25,47137.22,1473.04,32.0,Not Applicable,0.0
CUST-006526,1,Small Business,23.0,3.0,High,0.0,1.0,0.0,54.0,31-60 days,61162.06,48064.08,0.0,0.0,Found Alternative,19225.632
CUST-042891,0,Small Business,25.0,2.0,Medium,17.0,7.0,4.0,53.0,31-60 days,39371.64,36926.02,785.66,47.0,Not Applicable,0.0
CUST-040950,0,Consumer,12.0,3.0,Medium,6.0,8.0,2.0,26.0,0-30 days,57243.38,44250.08,1229.17,36.0,Not Applicable,0.0
CUST-038992,1,Premium,46.0,3.0,Low,15.0,1.0,8.0,13.0,0-30 days,3589.36,3401.89,1133.96,3.0,Account Issues,1360.756
CUST-003929,0,Premium,33.0,3.0,Medium,17.0,19.0,0.0,57.0,31-60 days,26743.19,24165.9,732.3,33.0,Not Applicable,0.0
CUST-010494,0,Small Business,25.0,5.0,High,15.0,2.0,0.0,24.0,0-30 days,2482.54,2845.84,142.29,20.0,Not Applicable,0.0
CUST-005299,0,Small Business,28.0,2.0,Medium,9.0,7.0,8.0,3.0,0-30 days,29455.79,36346.32,36346.32,1.0,Not Applicable,0.0
CUST-038900,0,Enterprise,44.0,2.0,High,10.0,12.0,2.0,12.0,0-30 days,34380.06,27022.11,643.38,42.0,Not Applicable,0.0
CUST-019670,0,Premium,58.0,4.0,High,3.0,5.0,0.0,90.0,61-90 days,10716.31,10447.07,474.87,22.0,Not Applicable,0.0
CUST-039204,1,Enterprise,57.0,2.0,High,6.0,3.0,4.0,25.0,0-30 days,3278.78,2561.69,128.08,20.0,Poor Product Quality,1024.6760000000004
CUST-010793,0,Consumer,22.0,1.0,High,12.0,1.0,4.0,36.0,31-60 days,5527.84,5320.2,152.01,35.0,Not Applicable,0.0
CUST-010039,1,Small Business,11.0,2.0,Medium,15.0,9.0,8.0,319.0,271-365 days,21182.75,21129.68,1920.88,11.0,Found Alternative,8451.872000000001
CUST-018146,0,Premium,52.0,3.0,Medium,5.0,4.0,7.0,41.0,31-60 days,16762.3,20332.65,616.14,33.0,Not Applicable,0.0
CUST-011572,1,Premium,57.0,1.0,Medium,14.0,16.0,4.0,158.0,91-180 days,33117.3,27002.6,658.6,41.0,Shipping Issues,10801.04
CUST-001490,0,Enterprise,51.0,3.0,Medium,0.0,2.0,7.0,163.0,91-180 days,1832.66,1865.56,155.46,12.0,Not Applicable,0.0
CUST-033376,0,Premium,41.0,3.0,Medium,6.0,1.0,5.0,10.0,0-30 days,9513.97,7795.88,299.84,26.0,Not Applicable,0.0
CUST-017703,1,Small Business,56.0,1.0,Low,4.0,2.0,3.0,73.0,61-90 days,39953.91,42208.17,1563.27,27.0,Payment Problems,16883.268
CUST-017655,0,Small Business,4.0,1.0,Medium,2.0,2.0,6.0,63.0,61-90 days,2354.43,2258.54,51.33,44.0,Not Applicable,0.0
CUST-040114,1,Consumer,28.0,2.0,High,9.0,7.0,6.0,37.0,31-60 days,40942.21,46739.64,2921.23,16.0,Account Issues,18695.856
CUST-041462,0,Consumer,38.0,1.0,High,17.0,3.0,0.0,47.0,31-60 days,22813.89,18507.76,451.41,41.0,Not Applicable,0.0
CUST-032766,0,Small Business,48.0,2.0,High,8.0,8.0,1.0,358.0,271-365 days,544.45,515.52,16.11,32.0,Not Applicable,0.0
CUST-002080,0,Consumer,14.0,2.0,High,6.0,4.0,2.0,61.0,61-90 days,14387.35,14061.82,639.17,22.0,Not Applicable,0.0
CUST-028979,0,Consumer,22.0,3.0,Medium,13.0,2.0,5.0,71.0,61-90 days,7263.5,8607.48,2869.16,3.0,Not Applicable,0.0
CUST-004070,1,Enterprise,51.0,2.0,High,14.0,7.0,2.0,69.0,61-90 days,15780.65,16609.61,874.19,19.0,Better Price Elsewhere,6643.844000000001
CUST-039628,0,Small Business,11.0,1.0,Medium,7.0,1.0,5.0,3.0,0-30 days,6745.44,6178.45,1029.74,6.0,Not Applicable,0.0
CUST-023865,0,Premium,5.0,4.0,Medium,7.0,7.0,7.0,285.0,271-365 days,2186.8,1766.34,63.08,28.0,Not Applicable,0.0
CUST-010694,0,Consumer,45.0,3.0,High,17.0,12.0,4.0,75.0,61-90 days,29095.2,23889.76,746.55,32.0,Not Applicable,0.0
CUST-011255,0,Premium,9.0,5.0,High,3.0,6.0,1.0,178.0,91-180 days,4513.0,5413.18,676.65,8.0,Not Applicable,0.0
CUST-027835,0,Consumer,10.0,5.0,High,7.0,3.0,4.0,3.0,0-30 days,47911.27,42448.43,1035.33,41.0,Not Applicable,0.0
CUST-028163,1,Premium,37.0,4.0,Low,14.0,15.0,0.0,56.0,31-60 days,25436.74,31003.2,1722.4,18.0,Payment Problems,12401.28
CUST-034145,0,Small Business,45.0,5.0,Medium,17.0,13.0,2.0,24.0,0-30 days,5962.66,6029.54,200.98,30.0,Not Applicable,0.0
CUST-016470,1,Small Business,4.0,2.0,High,2.0,3.0,8.0,354.0,271-365 days,29887.47,24024.5,558.71,43.0,Found Alternative,9609.8
CUST-012140,1,Consumer,4.0,4.0,Low,14.0,17.0,9.0,83.0,61-90 days,37046.08,30847.36,6169.47,5.0,Better Price Elsewhere,12338.944
CUST-030640,0,Consumer,1.0,3.0,High,3.0,0.0,3.0,36.0,31-60 days,53568.35,49548.07,16516.02,3.0,Not Applicable,0.0
CUST-008646,0,Small Business,44.0,3.0,Low,6.0,1.0,5.0,11.0,0-30 days,22490.04,18586.74,442.54,42.0,Not Applicable,0.0
CUST-033471,1,Small Business,55.0,5.0,High,15.0,3.0,0.0,88.0,61-90 days,29660.37,32783.12,697.51,47.0,Low Product Variety,13113.248
CUST-019342,0,Premium,52.0,4.0,High,9.0,8.0,5.0,347.0,271-365 days,48579.43,45766.07,1204.37,38.0,Not Applicable,0.0
CUST-000164,1,Small Business,5.0,3.0,High,18.0,18.0,5.0,132.0,91-180 days,35432.51,33271.73,739.37,45.0,Poor Customer Service,13308.692000000005
CUST-004189,1,Premium,20.0,1.0,Low,6.0,4.0,4.0,35.0,31-60 days,18394.7,22492.85,499.84,45.0,Poor Product Quality,8997.14
CUST-043976,0,Small Business,31.0,2.0,Medium,10.0,7.0,5.0,35.0,31-60 days,4935.85,5727.85,150.73,38.0,Not Applicable,0.0
CUST-002559,0,Enterprise,38.0,3.0,Medium,10.0,0.0,1.0,23.0,0-30 days,43052.85,41429.33,1255.43,33.0,Not Applicable,0.0
CUST-006397,0,Premium,21.0,3.0,Medium,11.0,10.0,5.0,80.0,61-90 days,18850.66,20432.24,583.78,35.0,Not Applicable,0.0
CUST-048599,1,Small Business,26.0,2.0,Low,7.0,6.0,5.0,32.0,31-60 days,23665.7,20871.41,444.07,47.0,No Longer Need Service,8348.564
CUST-039971,0,Small Business,41.0,5.0,High,8.0,2.0,3.0,57.0,31-60 days,44365.47,44664.02,1488.8,30.0,Not Applicable,0.0
CUST-012613,1,Premium,43.0,1.0,Medium,12.0,14.0,4.0,114.0,91-180 days,33064.26,33527.59,1457.72,23.0,Better Price Elsewhere,13411.036
CUST-010263,0,Premium,10.0,2.0,High,0.0,2.0,4.0,49.0,31-60 days,743.74,713.75,59.48,12.0,Not Applicable,0.0
CUST-001899,0,Enterprise,2.0,4.0,High,18.0,3.0,2.0,72.0,61-90 days,26765.22,25296.06,3162.01,8.0,Not Applicable,0.0
CUST-048621,0,Small Business,5.0,5.0,Low,18.0,9.0,3.0,5.0,0-30 days,22549.91,18332.45,611.08,30.0,Not Applicable,0.0
CUST-045996,1,Consumer,12.0,4.0,High,15.0,1.0,6.0,44.0,31-60 days,25914.74,31751.58,1058.39,30.0,Unhappy with Return Policy,12700.632
CUST-048411,0,Consumer,54.0,5.0,Low,6.0,1.0,1.0,5.0,0-30 days,27438.02,31933.8,665.29,48.0,Not Applicable,0.0
CUST-016518,0,Consumer,39.0,4.0,High,4.0,6.0,6.0,80.0,61-90 days,17865.96,16940.9,1303.15,13.0,Not Applicable,0.0
CUST-036615,0,Premium,21.0,3.0,Medium,12.0,14.0,5.0,15.0,0-30 days,9169.71,8833.26,339.74,26.0,Not Applicable,0.0
CUST-017496,1,Small Business,39.0,3.0,High,15.0,5.0,2.0,36.0,31-60 days,42066.73,44707.59,1039.71,43.0,Poor Customer Service,17883.036
CUST-046235,1,Small Business,7.0,1.0,Medium,11.0,11.0,8.0,78.0,61-90 days,154.64,174.87,9.71,18.0,Poor Customer Service,69.94800000000001
CUST-006198,1,Premium,19.0,3.0,Low,11.0,0.0,1.0,134.0,91-180 days,22536.96,25150.37,718.58,35.0,Found Alternative,10060.148000000001
CUST-013110,0,Consumer,56.0,2.0,Medium,9.0,4.0,2.0,45.0,31-60 days,26237.39,32199.63,2012.48,16.0,Not Applicable,0.0
CUST-002590,0,Consumer,39.0,3.0,Low,12.0,10.0,1.0,37.0,31-60 days,6999.74,8545.64,534.1,16.0,Not Applicable,0.0
CUST-002067,0,Premium,33.0,5.0,Medium,4.0,5.0,6.0,146.0,91-180 days,2658.09,2341.37,80.74,29.0,Not Applicable,0.0
CUST-025096,0,Consumer,25.0,3.0,Low,2.0,1.0,0.0,158.0,91-180 days,29218.33,24966.14,960.24,26.0,Not Applicable,0.0
CUST-039642,0,Premium,28.0,4.0,Low,19.0,5.0,8.0,123.0,91-180 days,44833.37,46087.7,23043.85,2.0,Not Applicable,0.0
CUST-011730,0,Small Business,12.0,4.0,High,3.0,4.0,1.0,71.0,61-90 days,15658.86,18006.61,514.47,35.0,Not Applicable,0.0
CUST-006066,0,Premium,20.0,2.0,High,8.0,0.0,4.0,42.0,31-60 days,18602.48,17254.38,507.48,34.0,Not Applicable,0.0
CUST-044372,0,Consumer,2.0,1.0,Medium,7.0,4.0,7.0,58.0,31-60 days,10482.71,9410.24,192.05,49.0,Not Applicable,0.0
CUST-001479,0,Consumer,31.0,5.0,Medium,3.0,6.0,4.0,100.0,91-180 days,28471.16,34124.89,1176.72,29.0,Not Applicable,0.0
CUST-030811,1,Consumer,24.0,4.0,Low,2.0,6.0,6.0,98.0,91-180 days,39065.42,45801.26,0.0,0.0,Found Alternative,18320.504
CUST-027823,0,Premium,37.0,2.0,High,8.0,11.0,0.0,12.0,0-30 days,34165.57,34128.4,875.09,39.0,Not Applicable,0.0
CUST-029476,0,Consumer,7.0,1.0,Medium,0.0,4.0,3.0,26.0,0-30 days,16251.65,16061.79,1460.16,11.0,Not Applicable,0.0
CUST-005648,1,Premium,1.0,2.0,Medium,1.0,1.0,4.0,103.0,91-180 days,37021.77,34549.99,0.0,0.0,Found Alternative,13819.996
CUST-022302,1,Consumer,24.0,3.0,Low,3.0,5.0,4.0,51.0,31-60 days,41684.2,43546.92,2291.94,19.0,Too Expensive,17418.768
CUST-037981,1,Consumer,12.0,2.0,Medium,10.0,12.0,4.0,305.0,271-365 days,25102.95,23804.94,2644.99,9.0,Too Expensive,9521.976
CUST-015299,0,Consumer,26.0,5.0,High,14.0,10.0,9.0,37.0,31-60 days,6058.6,7392.98,739.3,10.0,Not Applicable,0.0
CUST-025848,1,Consumer,56.0,1.0,Medium,4.0,7.0,1.0,66.0,61-90 days,42802.09,33246.15,3694.02,9.0,Poor Customer Service,13298.46
CUST-004435,1,Consumer,27.0,1.0,Low,1.0,5.0,2.0,181.0,181-270 days,32443.75,38843.54,1765.62,22.0,Shipping Issues,15537.416000000001
CUST-019707,0,Consumer,42.0,4.0,Medium,18.0,3.0,4.0,60.0,31-60 days,44256.53,40408.48,4040.85,10.0,Not Applicable,0.0
CUST-039996,0,Small Business,54.0,1.0,Medium,4.0,8.0,2.0,149.0,91-180 days,16649.32,18812.61,606.86,31.0,Not Applicable,0.0
CUST-009978,0,Premium,53.0,4.0,Medium,8.0,2.0,2.0,53.0,31-60 days,21166.9,26458.3,715.09,37.0,Not Applicable,0.0
CUST-001910,1,Small Business,17.0,4.0,Medium,11.0,13.0,6.0,37.0,31-60 days,41177.99,41824.52,2091.23,20.0,Payment Problems,16729.808
CUST-049523,1,Consumer,35.0,1.0,High,11.0,14.0,6.0,61.0,61-90 days,14139.42,12964.77,1296.48,10.0,Account Issues,5185.9079999999985
CUST-015974,1,Consumer,10.0,5.0,Low,6.0,5.0,8.0,48.0,31-60 days,30338.65,24550.62,2455.06,10.0,Payment Problems,9820.248
CUST-023658,1,Consumer,39.0,3.0,Medium,6.0,9.0,6.0,71.0,61-90 days,25141.61,29616.7,1184.67,25.0,Slow Delivery,11846.68
CUST-018176,0,Enterprise,30.0,4.0,Low,11.0,12.0,3.0,70.0,61-90 days,34434.35,40194.03,1545.92,26.0,Not Applicable,0.0
CUST-048322,1,Consumer,36.0,1.0,Medium,11.0,11.0,5.0,65.0,61-90 days,23840.88,28992.05,4832.01,6.0,No Longer Need Service,11596.82
CUST-022717,0,Enterprise,49.0,5.0,Low,5.0,3.0,3.0,17.0,0-30 days,45967.95,45970.17,1838.81,25.0,Not Applicable,0.0
CUST-032192,1,Consumer,49.0,1.0,High,17.0,20.0,4.0,71.0,61-90 days,13416.57,12902.24,2580.45,5.0,Unhappy with Return Policy,5160.896000000002
CUST-017681,0,Consumer,38.0,5.0,Medium,3.0,1.0,4.0,243.0,181-270 days,23734.15,23287.07,776.24,30.0,Not Applicable,0.0
CUST-045886,0,Consumer,45.0,4.0,Medium,13.0,6.0,8.0,246.0,181-270 days,2708.84,2494.55,108.46,23.0,Not Applicable,0.0
CUST-004002,0,Premium,38.0,3.0,Medium,8.0,0.0,7.0,331.0,271-365 days,25914.5,30601.76,665.26,46.0,Not Applicable,0.0
CUST-019394,0,Consumer,31.0,3.0,Medium,13.0,9.0,1.0,27.0,0-30 days,21026.47,16840.67,1530.97,11.0,Not Applicable,0.0
CUST-026302,1,Consumer,25.0,1.0,Medium,18.0,9.0,8.0,289.0,271-365 days,7013.44,8150.42,173.41,47.0,Too Expensive,3260.168
CUST-026030,0,Consumer,29.0,3.0,High,11.0,8.0,3.0,40.0,31-60 days,52384.83,40647.35,923.8,44.0,Not Applicable,0.0
CUST-019046,1,Consumer,17.0,1.0,Low,6.0,2.0,4.0,258.0,181-270 days,38973.89,46422.14,2901.38,16.0,Too Expensive,18568.856
CUST-017752,1,Consumer,13.0,2.0,High,5.0,4.0,2.0,26.0,0-30 days,39990.34,43369.8,1734.79,25.0,Poor Product Quality,17347.920000000002
CUST-030678,0,Consumer,8.0,4.0,Medium,13.0,11.0,3.0,205.0,181-270 days,9577.66,7773.55,161.95,48.0,Not Applicable,0.0
CUST-030475,1,Consumer,6.0,3.0,High,12.0,8.0,2.0,1.0,0-30 days,20076.05,16541.64,1033.85,16.0,Payment Problems,6616.656
CUST-026573,1,Consumer,51.0,5.0,Medium,13.0,0.0,5.0,139.0,91-180 days,42263.22,38033.11,0.0,0.0,Poor Product Quality,15213.244
CUST-020928,0,Enterprise,33.0,3.0,Medium,15.0,12.0,5.0,29.0,0-30 days,31231.94,38588.37,1205.89,32.0,Not Applicable,0.0
CUST-047073,1,Consumer,43.0,2.0,High,4.0,2.0,5.0,78.0,61-90 days,8627.43,8637.84,479.88,18.0,Better Price Elsewhere,3455.1360000000004
CUST-002141,1,Consumer,53.0,5.0,Medium,14.0,0.0,5.0,127.0,91-180 days,2377.47,2787.1,253.37,11.0,Payment Problems,1114.84
CUST-010618,0,Enterprise,38.0,3.0,High,0.0,1.0,8.0,27.0,0-30 days,32501.84,35817.92,1326.59,27.0,Not Applicable,0.0
CUST-000559,0,Premium,33.0,3.0,Low,9.0,13.0,9.0,32.0,31-60 days,16352.2,16935.94,376.35,45.0,Not Applicable,0.0
CUST-012784,1,Consumer,52.0,5.0,Low,10.0,4.0,0.0,74.0,61-90 days,12715.94,10813.89,2162.78,5.0,Poor Customer Service,4325.556
CUST-029133,1,Consumer,28.0,1.0,Medium,16.0,8.0,0.0,73.0,61-90 days,32289.75,29930.21,2720.93,11.0,Better Price Elsewhere,11972.084
CUST-006988,0,Consumer,31.0,5.0,Medium,4.0,3.0,9.0,317.0,271-365 days,31418.97,27128.9,1356.45,20.0,Not Applicable,0.0
CUST-025737,0,Consumer,10.0,4.0,Medium,6.0,9.0,2.0,103.0,91-180 days,20312.49,18328.84,733.15,25.0,Not Applicable,0.0
CUST-028222,0,Premium,57.0,4.0,Medium,12.0,13.0,7.0,83.0,61-90 days,51024.17,41454.96,1884.32,22.0,Not Applicable,0.0
CUST-041672,0,Consumer,34.0,4.0,Low,13.0,1.0,7.0,10.0,0-30 days,27313.46,22720.7,483.42,47.0,Not Applicable,0.0
CUST-005260,0,Premium,6.0,3.0,Low,17.0,13.0,8.0,12.0,0-30 days,26452.88,20878.42,869.93,24.0,Not Applicable,0.0
CUST-048616,0,Consumer,58.0,1.0,Low,8.0,12.0,7.0,50.0,31-60 days,29267.62,26820.03,2682.0,10.0,Not Applicable,0.0
CUST-042561,0,Premium,38.0,2.0,High,7.0,5.0,7.0,16.0,0-30 days,3840.85,3696.71,84.02,44.0,Not Applicable,0.0
CUST-030121,0,Consumer,42.0,2.0,Medium,9.0,13.0,0.0,13.0,0-30 days,36008.72,42071.56,6010.22,7.0,Not Applicable,0.0
CUST-018656,1,Premium,10.0,1.0,High,4.0,5.0,1.0,65.0,61-90 days,11465.68,12260.94,395.51,31.0,Poor Customer Service,4904.376
CUST-029257,0,Premium,58.0,5.0,Medium,7.0,10.0,8.0,6.0,0-30 days,30284.55,37824.65,4728.08,8.0,Not Applicable,0.0
CUST-007440,1,Consumer,52.0,3.0,High,3.0,1.0,7.0,21.0,0-30 days,47716.13,42169.55,1405.65,30.0,Shipping Issues,16867.820000000003
CUST-027196,0,Consumer,48.0,3.0,High,7.0,7.0,1.0,337.0,271-365 days,6236.98,6401.57,156.14,41.0,Not Applicable,0.0
CUST-042564,0,Enterprise,42.0,1.0,High,5.0,0.0,6.0,28.0,0-30 days,32222.92,26666.9,1269.85,21.0,Not Applicable,0.0
CUST-037961,0,Small Business,20.0,4.0,High,16.0,12.0,3.0,83.0,61-90 days,4884.1,6057.73,155.33,39.0,Not Applicable,0.0
CUST-027581,1,Small Business,45.0,4.0,Medium,0.0,3.0,5.0,163.0,91-180 days,44025.05,35021.31,0.0,0.0,Shipping Issues,14008.524
CUST-015575,1,Consumer,21.0,1.0,Low,6.0,8.0,3.0,52.0,31-60 days,33703.53,31163.14,1354.92,23.0,Better Price Elsewhere,12465.256000000001
CUST-001410,0,Consumer,30.0,3.0,Medium,10.0,2.0,5.0,47.0,31-60 days,26149.3,27305.98,910.2,30.0,Not Applicable,0.0
CUST-018290,1,Consumer,7.0,3.0,High,13.0,16.0,9.0,83.0,61-90 days,26048.28,23396.49,866.54,27.0,Too Expensive,9358.596
CUST-037515,1,Consumer,2.0,3.0,Medium,19.0,13.0,5.0,40.0,31-60 days,11173.32,10551.42,555.34,19.0,Poor Product Quality,4220.568
CUST-032351,0,Consumer,34.0,1.0,High,1.0,1.0,1.0,64.0,61-90 days,29418.18,29367.63,1048.84,28.0,Not Applicable,0.0
CUST-013785,0,Small Business,10.0,1.0,High,10.0,2.0,5.0,32.0,31-60 days,6673.76,6097.58,145.18,42.0,Not Applicable,0.0
CUST-013928,0,Consumer,40.0,3.0,Medium,4.0,2.0,7.0,1.0,0-30 days,28330.47,29674.87,706.54,42.0,Not Applicable,0.0
CUST-006046,0,Consumer,42.0,5.0,Medium,9.0,2.0,1.0,94.0,91-180 days,52015.31,46649.35,1865.97,25.0,Not Applicable,0.0
CUST-014191,0,Consumer,53.0,3.0,Medium,9.0,4.0,7.0,56.0,31-60 days,49964.65,39446.46,2629.76,15.0,Not Applicable,0.0
CUST-003089,1,Consumer,9.0,4.0,Low,3.0,1.0,2.0,349.0,271-365 days,52338.4,41157.93,1003.85,41.0,Low Product Variety,16463.172000000002
CUST-009566,0,Premium,41.0,4.0,High,9.0,11.0,5.0,16.0,0-30 days,38194.55,29808.48,9936.16,3.0,Not Applicable,0.0
CUST-029586,0,Small Business,57.0,3.0,Low,3.0,2.0,4.0,21.0,0-30 days,37648.2,29543.11,1230.96,24.0,Not Applicable,0.0
CUST-041559,1,Enterprise,50.0,2.0,Medium,18.0,7.0,2.0,60.0,31-60 days,45435.33,36939.62,2052.2,18.0,Shipping Issues,14775.848000000002
CUST-037068,0,Premium,2.0,5.0,Medium,4.0,7.0,6.0,26.0,0-30 days,33182.05,26661.12,683.62,39.0,Not Applicable,0.0
CUST-046137,0,Consumer,11.0,1.0,Medium,7.0,8.0,8.0,43.0,31-60 days,43990.07,47181.37,1150.77,41.0,Not Applicable,0.0
CUST-048954,1,Consumer,18.0,2.0,High,0.0,3.0,8.0,77.0,61-90 days,39998.99,44335.66,1231.55,36.0,Low Product Variety,17734.264000000006
CUST-007426,1,Consumer,50.0,2.0,Low,18.0,19.0,2.0,86.0,61-90 days,51372.07,40194.19,1057.74,38.0,No Longer Need Service,16077.676000000001
CUST-044903,1,Small Business,27.0,5.0,Low,3.0,2.0,2.0,254.0,181-270 days,48805.5,39156.79,3559.71,11.0,Too Expensive,15662.716
CUST-015327,0,Consumer,27.0,2.0,Medium,4.0,7.0,6.0,306.0,271-365 days,53038.63,40824.69,1774.99,23.0,Not Applicable,0.0
CUST-020870,0,Consumer,19.0,4.0,Medium,7.0,2.0,0.0,64.0,61-90 days,51260.97,40643.29,13547.76,3.0,Not Applicable,0.0
CUST-048523,1,Consumer,53.0,1.0,Medium,15.0,6.0,4.0,128.0,91-180 days,20215.45,22224.23,529.15,42.0,Payment Problems,8889.692000000001
CUST-011237,0,Small Business,23.0,5.0,Low,10.0,4.0,5.0,233.0,181-270 days,60527.73,49576.01,1304.63,38.0,Not Applicable,0.0
CUST-013672,0,Premium,43.0,3.0,Low,6.0,4.0,1.0,18.0,0-30 days,21862.29,17385.59,3477.12,5.0,Not Applicable,0.0
CUST-031530,1,Small Business,9.0,4.0,Low,4.0,7.0,2.0,57.0,31-60 days,21529.56,23026.03,1439.13,16.0,Better Price Elsewhere,9210.412
CUST-005548,1,Small Business,28.0,2.0,Low,13.0,1.0,8.0,147.0,91-180 days,9865.66,11877.92,742.37,16.0,Poor Product Quality,4751.1680000000015
CUST-022885,1,Small Business,1.0,1.0,High,14.0,14.0,7.0,67.0,61-90 days,27247.28,24570.58,982.82,25.0,Too Expensive,9828.232000000002
CUST-014792,1,Consumer,45.0,1.0,Low,15.0,17.0,8.0,89.0,61-90 days,46704.09,46155.26,1153.88,40.0,Poor Customer Service,18462.104000000007
CUST-039203,0,Premium,39.0,5.0,High,8.0,5.0,0.0,70.0,61-90 days,31387.4,36492.38,1303.3,28.0,Not Applicable,0.0
CUST-011270,0,Small Business,52.0,2.0,High,12.0,0.0,0.0,23.0,0-30 days,12716.61,12817.01,640.85,20.0,Not Applicable,0.0
CUST-027765,0,Premium,21.0,1.0,High,3.0,6.0,3.0,167.0,91-180 days,38106.33,43669.06,1408.68,31.0,Not Applicable,0.0
CUST-022657,0,Premium,7.0,4.0,High,7.0,1.0,9.0,158.0,91-180 days,33440.73,28301.86,1230.52,23.0,Not Applicable,0.0
CUST-005403,1,Small Business,41.0,2.0,High,17.0,20.0,1.0,271.0,271-365 days,36744.72,30619.8,1020.66,30.0,Technical Issues,12247.92
CUST-018520,0,Premium,34.0,1.0,High,7.0,1.0,3.0,34.0,31-60 days,35840.37,37059.74,1158.12,32.0,Not Applicable,0.0
CUST-040899,1,Premium,54.0,2.0,Medium,1.0,0.0,3.0,86.0,61-90 days,36477.89,43379.56,0.0,0.0,Poor Product Quality,17351.824
CUST-029257,0,Premium,58.0,5.0,Medium,7.0,10.0,8.0,6.0,0-30 days,30284.55,37824.65,4728.08,8.0,Not Applicable,0.0
CUST-000990,0,Small Business,43.0,2.0,High,3.0,3.0,8.0,2.0,0-30 days,50672.22,45026.59,1072.06,42.0,Not Applicable,0.0
CUST-026679,0,Premium,23.0,5.0,Medium,9.0,9.0,1.0,287.0,271-365 days,22227.53,17928.18,398.4,45.0,Not Applicable,0.0
CUST-044307,0,Premium,59.0,4.0,High,8.0,5.0,6.0,155.0,91-180 days,4541.31,4110.79,216.36,19.0,Not Applicable,0.0
CUST-001107,1,Small Business,33.0,4.0,Medium,17.0,21.0,1.0,112.0,91-180 days,4173.11,3334.49,138.94,24.0,Shipping Issues,1333.796
CUST-016615,1,Consumer,28.0,1.0,High,13.0,17.0,9.0,260.0,181-270 days,35189.07,31182.99,10394.33,3.0,Payment Problems,12473.196000000002
CUST-006624,1,Consumer,18.0,1.0,Medium,18.0,16.0,9.0,70.0,61-90 days,9322.86,7235.04,516.79,14.0,Found Alternative,2894.016
CUST-028288,0,Consumer,20.0,4.0,High,14.0,1.0,6.0,205.0,181-270 days,27826.7,28113.69,878.55,32.0,Not Applicable,0.0
CUST-004843,0,Consumer,38.0,2.0,Medium,11.0,11.0,6.0,116.0,91-180 days,3389.89,3746.42,0.0,0.0,Not Applicable,0.0
CUST-038817,1,Consumer,42.0,2.0,Medium,7.0,0.0,6.0,25.0,0-30 days,50167.1,49379.03,1204.37,41.0,Technical Issues,19751.612
CUST-021284,1,Small Business,40.0,1.0,High,2.0,3.0,8.0,216.0,181-270 days,22332.78,25031.48,6257.87,4.0,No Longer Need Service,10012.592
CUST-014393,0,Premium,21.0,2.0,Medium,14.0,9.0,2.0,4.0,0-30 days,50561.88,48719.11,3247.94,15.0,Not Applicable,0.0
CUST-025945,0,Consumer,40.0,2.0,Medium,11.0,15.0,3.0,363.0,271-365 days,45481.95,47017.06,1516.68,31.0,Not Applicable,0.0
CUST-035230,0,Premium,17.0,3.0,High,12.0,12.0,9.0,21.0,0-30 days,11240.01,8746.3,874.63,10.0,Not Applicable,0.0
CUST-048112,1,Small Business,21.0,2.0,Low,15.0,7.0,2.0,13.0,0-30 days,5726.0,5335.01,762.14,7.0,Better Price Elsewhere,2134.004000000001
CUST-023925,1,Small Business,33.0,4.0,Low,8.0,11.0,7.0,73.0,61-90 days,51354.93,46590.08,3327.86,14.0,Poor Product Quality,18636.032000000007
CUST-027687,1,Premium,59.0,1.0,Low,12.0,13.0,5.0,6.0,0-30 days,12756.31,12322.66,1540.33,8.0,Too Expensive,4929.064
CUST-032773,1,Small Business,21.0,1.0,Medium,14.0,2.0,6.0,77.0,61-90 days,41258.05,42739.11,1124.71,38.0,Poor Customer Service,17095.644
CUST-017535,1,Consumer,27.0,2.0,High,5.0,1.0,3.0,13.0,0-30 days,12529.88,12271.68,1022.64,12.0,Shipping Issues,4908.672000000001
CUST-034808,0,Premium,41.0,4.0,Low,13.0,17.0,1.0,48.0,31-60 days,38144.9,35834.13,3583.41,10.0,Not Applicable,0.0
CUST-035137,1,Small Business,11.0,1.0,Medium,15.0,1.0,9.0,45.0,31-60 days,16917.17,20088.72,1004.44,20.0,Too Expensive,8035.488000000001
CUST-040532,1,Premium,43.0,4.0,High,16.0,2.0,7.0,26.0,0-30 days,47035.67,42450.93,987.23,43.0,Payment Problems,16980.372
CUST-037631,1,Small Business,46.0,2.0,Medium,17.0,6.0,9.0,262.0,181-270 days,22435.53,22159.01,583.13,38.0,Account Issues,8863.604
CUST-046938,0,Enterprise,35.0,3.0,Low,4.0,2.0,2.0,58.0,31-60 days,39091.4,36638.56,1110.26,33.0,Not Applicable,0.0
CUST-029742,1,Premium,51.0,2.0,Low,18.0,18.0,4.0,12.0,0-30 days,59152.9,45674.4,1691.64,27.0,Low Product Variety,18269.76
CUST-011199,0,Premium,21.0,4.0,High,14.0,16.0,6.0,226.0,181-270 days,39072.23,36587.63,762.24,48.0,Not Applicable,0.0
CUST-015005,1,Consumer,6.0,1.0,Medium,19.0,8.0,3.0,115.0,91-180 days,21777.09,18082.11,951.69,19.0,Account Issues,7232.844000000001
CUST-038673,1,Small Business,24.0,3.0,Medium,18.0,9.0,3.0,67.0,61-90 days,47619.88,38083.93,2115.77,18.0,Poor Product Quality,15233.572
CUST-038738,0,Consumer,17.0,4.0,High,15.0,8.0,4.0,241.0,181-270 days,13471.02,12282.12,877.29,14.0,Not Applicable,0.0
CUST-012862,0,Consumer,50.0,5.0,Low,9.0,1.0,8.0,33.0,31-60 days,14839.98,11693.06,292.33,40.0,Not Applicable,0.0
CUST-012373,1,Consumer,25.0,5.0,Medium,10.0,5.0,5.0,279.0,271-365 days,17424.13,16511.03,569.35,29.0,Account Issues,6604.411999999998
CUST-040432,0,Consumer,35.0,2.0,Medium,16.0,8.0,0.0,26.0,0-30 days,27291.24,24508.85,742.69,33.0,Not Applicable,0.0
CUST-002443,0,Consumer,45.0,4.0,Low,11.0,15.0,9.0,34.0,31-60 days,41143.89,33230.89,33230.89,1.0,Not Applicable,0.0
CUST-008099,0,Premium,39.0,4.0,High,19.0,10.0,2.0,1.0,0-30 days,3389.15,3431.54,201.86,17.0,Not Applicable,0.0
CUST-034903,0,Premium,40.0,4.0,Medium,10.0,5.0,9.0,17.0,0-30 days,29017.11,31959.89,680.0,47.0,Not Applicable,0.0
CUST-020152,0,Consumer,55.0,4.0,Medium,5.0,2.0,5.0,58.0,31-60 days,45681.61,40863.37,1409.08,29.0,Not Applicable,0.0
CUST-004473,1,Consumer,46.0,4.0,Low,12.0,5.0,1.0,334.0,271-365 days,31343.74,30790.83,1924.43,16.0,Shipping Issues,12316.332000000002
CUST-013524,1,Consumer,51.0,5.0,Low,0.0,4.0,7.0,180.0,91-180 days,33723.56,27279.09,5455.82,5.0,Unhappy with Return Policy,10911.636
CUST-014279,1,Consumer,48.0,3.0,Low,14.0,1.0,3.0,16.0,0-30 days,19857.81,23541.48,1471.34,16.0,Payment Problems,9416.592
CUST-005404,0,Small Business,23.0,4.0,Low,17.0,16.0,7.0,144.0,91-180 days,43583.6,45923.46,5740.43,8.0,Not Applicable,0.0
CUST-038587,1,Premium,43.0,4.0,Medium,16.0,7.0,4.0,2.0,0-30 days,33520.43,28628.73,636.19,45.0,Found Alternative,11451.492
CUST-033187,0,Consumer,13.0,5.0,Medium,10.0,14.0,9.0,348.0,271-365 days,36798.58,40598.56,882.58,46.0,Not Applicable,0.0
CUST-041890,0,Premium,58.0,3.0,Low,2.0,5.0,3.0,331.0,271-365 days,25400.05,29371.21,1087.82,27.0,Not Applicable,0.0
CUST-028228,1,Consumer,43.0,1.0,Low,18.0,18.0,1.0,303.0,271-365 days,12884.03,13886.2,2777.24,5.0,Better Price Elsewhere,5554.480000000001
CUST-015356,0,Premium,4.0,2.0,Low,5.0,8.0,2.0,87.0,61-90 days,32557.71,35004.85,777.89,45.0,Not Applicable,0.0
CUST-036356,1,Premium,7.0,1.0,Low,18.0,9.0,2.0,15.0,0-30 days,19694.76,17495.9,5831.97,3.0,Technical Issues,6998.360000000002
CUST-026332,1,Consumer,4.0,4.0,Medium,5.0,1.0,9.0,44.0,31-60 days,21393.31,18386.32,766.1,24.0,Shipping Issues,7354.528
CUST-034772,0,Consumer,37.0,3.0,Medium,4.0,3.0,4.0,140.0,91-180 days,48740.17,40315.46,1033.73,39.0,Not Applicable,0.0
CUST-032986,1,Small Business,50.0,4.0,Medium,13.0,9.0,3.0,344.0,271-365 days,32693.77,26809.37,1117.06,24.0,Unhappy with Return Policy,10723.748
CUST-043263,0,Consumer,22.0,2.0,Low,8.0,9.0,0.0,88.0,61-90 days,21425.45,19082.96,433.7,44.0,Not Applicable,0.0
CUST-023234,1,Consumer,2.0,4.0,High,15.0,12.0,8.0,3.0,0-30 days,27623.75,31188.47,760.69,41.0,Poor Product Quality,12475.388
CUST-028634,0,Enterprise,28.0,3.0,High,14.0,3.0,6.0,32.0,31-60 days,17380.78,16235.78,1803.98,9.0,Not Applicable,0.0
CUST-045911,0,Consumer,14.0,5.0,Medium,7.0,11.0,0.0,168.0,91-180 days,12153.98,11405.15,278.17,41.0,Not Applicable,0.0
CUST-035416,1,Premium,8.0,2.0,Low,4.0,0.0,4.0,9.0,0-30 days,8242.71,9915.67,291.64,34.0,Poor Product Quality,3966.268
CUST-006033,0,Consumer,37.0,4.0,High,2.0,5.0,3.0,19.0,0-30 days,26745.41,22137.14,670.82,33.0,Not Applicable,0.0
CUST-043535,0,Small Business,20.0,3.0,High,10.0,14.0,6.0,74.0,61-90 days,33727.55,29383.14,1335.6,22.0,Not Applicable,0.0
CUST-049153,0,Premium,2.0,5.0,High,2.0,4.0,7.0,267.0,181-270 days,48909.35,38153.46,2725.25,14.0,Not Applicable,0.0
CUST-026523,0,Premium,28.0,3.0,Medium,18.0,4.0,1.0,90.0,61-90 days,7465.07,7773.27,222.09,35.0,Not Applicable,0.0
CUST-040657,0,Small Business,10.0,3.0,Low,3.0,3.0,1.0,61.0,61-90 days,18148.54,19932.38,1423.74,14.0,Not Applicable,0.0
CUST-029593,0,Consumer,46.0,1.0,Medium,5.0,6.0,1.0,56.0,31-60 days,44767.52,42700.7,1041.48,41.0,Not Applicable,0.0
CUST-039281,1,Small Business,18.0,5.0,Medium,6.0,6.0,0.0,131.0,91-180 days,592.66,533.86,0.0,0.0,No Longer Need Service,213.544
CUST-040207,1,Consumer,23.0,1.0,Low,11.0,9.0,7.0,15.0,0-30 days,23367.67,18248.6,912.43,20.0,Account Issues,7299.44
CUST-016529,0,Small Business,49.0,3.0,Medium,17.0,19.0,7.0,43.0,31-60 days,19258.34,18821.75,459.07,41.0,Not Applicable,0.0
CUST-013138,0,Small Business,53.0,5.0,Medium,12.0,9.0,4.0,66.0,61-90 days,48833.35,48659.17,1280.5,38.0,Not Applicable,0.0
CUST-044622,0,Consumer,8.0,3.0,Medium,11.0,9.0,9.0,41.0,31-60 days,45408.99,45671.12,1014.91,45.0,Not Applicable,0.0
CUST-007521,0,Small Business,9.0,4.0,Medium,10.0,1.0,2.0,11.0,0-30 days,25796.81,29216.66,1328.03,22.0,Not Applicable,0.0
CUST-030468,0,Enterprise,43.0,2.0,High,19.0,2.0,9.0,42.0,31-60 days,25361.7,26117.44,533.01,49.0,Not Applicable,0.0
CUST-011622,0,Consumer,59.0,4.0,High,17.0,12.0,9.0,212.0,181-270 days,12281.66,14242.59,347.38,41.0,Not Applicable,0.0
CUST-035937,0,Consumer,44.0,1.0,Medium,3.0,0.0,5.0,3.0,0-30 days,9906.17,8806.62,489.26,18.0,Not Applicable,0.0
CUST-022628,1,Consumer,4.0,1.0,High,17.0,15.0,6.0,83.0,61-90 days,9444.89,11439.41,544.73,21.0,Technical Issues,4575.764
CUST-010696,0,Consumer,41.0,5.0,Medium,8.0,1.0,5.0,273.0,271-365 days,2464.34,2981.4,85.18,35.0,Not Applicable,0.0
CUST-027209,0,Premium,14.0,1.0,Medium,13.0,13.0,1.0,150.0,91-180 days,7188.38,5620.71,510.97,11.0,Not Applicable,0.0
CUST-005738,0,Small Business,27.0,4.0,High,6.0,8.0,2.0,83.0,61-90 days,45822.31,46338.4,2106.29,22.0,Not Applicable,0.0
CUST-043274,1,Premium,43.0,1.0,Medium,2.0,3.0,3.0,3.0,0-30 days,45978.54,36559.88,746.12,49.0,No Longer Need Service,14623.952
CUST-009874,0,Small Business,33.0,1.0,Medium,7.0,9.0,8.0,70.0,61-90 days,5425.18,6253.82,127.63,49.0,Not Applicable,0.0
CUST-024983,0,Small Business,20.0,2.0,Medium,7.0,11.0,7.0,15.0,0-30 days,6250.76,5626.12,937.69,6.0,Not Applicable,0.0
CUST-020250,0,Premium,19.0,2.0,High,19.0,0.0,6.0,72.0,61-90 days,49047.85,42436.49,4715.17,9.0,Not Applicable,0.0
CUST-014118,1,Consumer,29.0,2.0,High,18.0,6.0,9.0,353.0,271-365 days,16008.76,13226.26,3306.57,4.0,No Longer Need Service,5290.504000000001
CUST-014700,0,Enterprise,28.0,5.0,Medium,7.0,10.0,5.0,284.0,271-365 days,592.43,617.8,61.78,10.0,Not Applicable,0.0
CUST-032981,1,Consumer,35.0,4.0,Low,16.0,20.0,7.0,83.0,61-90 days,53470.62,47122.99,1121.98,42.0,Poor Customer Service,18849.196
CUST-032986,1,Small Business,50.0,4.0,Medium,13.0,4.0,3.0,344.0,271-365 days,32693.77,26809.37,1117.06,24.0,Shipping Issues,10723.748
CUST-019200,0,Premium,18.0,5.0,Medium,4.0,5.0,7.0,86.0,61-90 days,16411.53,18730.84,1873.08,10.0,Not Applicable,0.0
CUST-043797,0,Consumer,23.0,3.0,Low,5.0,8.0,0.0,31.0,31-60 days,19321.57,17157.74,476.6,36.0,Not Applicable,0.0
CUST-026587,1,Consumer,54.0,5.0,Medium,11.0,7.0,7.0,223.0,181-270 days,11482.54,9799.33,296.95,33.0,Poor Product Quality,3919.732
CUST-034139,0,Premium,25.0,3.0,Low,2.0,1.0,1.0,49.0,31-60 days,16849.41,20157.75,1679.81,12.0,Not Applicable,0.0
CUST-016454,1,Premium,33.0,3.0,Medium,15.0,19.0,8.0,70.0,61-90 days,31846.88,30854.02,629.67,49.0,Poor Product Quality,12341.608
CUST-038679,0,Consumer,7.0,3.0,Medium,14.0,3.0,5.0,83.0,61-90 days,11213.74,10608.14,272.0,39.0,Not Applicable,0.0
CUST-046272,0,Premium,39.0,5.0,Medium,3.0,5.0,5.0,342.0,271-365 days,13501.48,15479.97,442.28,35.0,Not Applicable,0.0
CUST-002277,1,Consumer,53.0,2.0,Medium,10.0,4.0,6.0,30.0,0-30 days,38050.69,31129.29,5188.22,6.0,Poor Product Quality,12451.716
CUST-001725,1,Consumer,5.0,1.0,Low,12.0,2.0,2.0,12.0,0-30 days,7263.16,7409.81,926.23,8.0,Found Alternative,2963.9240000000004
CUST-022203,1,Small Business,35.0,3.0,Low,17.0,21.0,3.0,33.0,31-60 days,33256.59,29485.59,842.45,35.0,Technical Issues,11794.236
CUST-008151,0,Premium,27.0,4.0,Medium,15.0,6.0,8.0,79.0,61-90 days,41115.61,40664.38,10166.09,4.0,Not Applicable,0.0
CUST-013011,0,Consumer,55.0,3.0,Medium,11.0,5.0,8.0,23.0,0-30 days,47924.3,45706.74,7617.79,6.0,Not Applicable,0.0
CUST-040537,1,Premium,8.0,3.0,Low,2.0,5.0,9.0,95.0,91-180 days,33929.93,35884.09,7176.82,5.0,Slow Delivery,14353.636
CUST-033253,0,Small Business,16.0,4.0,Low,5.0,2.0,5.0,10.0,0-30 days,4165.08,4164.19,86.75,48.0,Not Applicable,0.0
CUST-000987,0,Consumer,48.0,4.0,High,4.0,6.0,1.0,233.0,181-270 days,5187.55,6470.63,294.12,22.0,Not Applicable,0.0
CUST-017310,0,Consumer,59.0,3.0,Medium,7.0,1.0,0.0,79.0,61-90 days,7839.95,8313.2,244.51,34.0,Not Applicable,0.0
CUST-032274,1,Enterprise,4.0,1.0,High,5.0,6.0,9.0,325.0,271-365 days,23725.31,22815.08,3802.51,6.0,Payment Problems,9126.032
CUST-041085,0,Enterprise,45.0,2.0,High,9.0,6.0,6.0,163.0,91-180 days,42443.97,40884.44,851.76,48.0,Not Applicable,0.0
CUST-002434,1,Consumer,48.0,1.0,High,17.0,0.0,1.0,323.0,271-365 days,15929.64,15121.43,1680.16,9.0,Low Product Variety,6048.571999999999
CUST-036754,0,Consumer,48.0,3.0,Medium,14.0,3.0,6.0,33.0,31-60 days,15424.21,15193.14,353.33,43.0,Not Applicable,0.0
CUST-046363,0,Premium,2.0,5.0,High,15.0,0.0,1.0,72.0,61-90 days,58283.31,46540.53,4654.05,10.0,Not Applicable,0.0
CUST-000622,0,Consumer,36.0,4.0,Low,9.0,10.0,1.0,201.0,181-270 days,30620.97,37015.67,822.57,45.0,Not Applicable,0.0
CUST-012361,0,Consumer,35.0,2.0,High,17.0,10.0,4.0,69.0,61-90 days,5822.0,5200.45,179.33,29.0,Not Applicable,0.0
CUST-003579,0,Consumer,11.0,3.0,Medium,11.0,5.0,4.0,36.0,31-60 days,39887.01,46743.22,1112.93,42.0,Not Applicable,0.0
CUST-038281,0,Consumer,17.0,3.0,High,7.0,4.0,7.0,178.0,91-180 days,5241.9,5890.85,0.0,0.0,Not Applicable,0.0
CUST-000366,1,Small Business,9.0,1.0,Low,13.0,8.0,9.0,25.0,0-30 days,24760.73,25319.61,25319.61,1.0,Found Alternative,10127.844000000001
CUST-030944,1,Premium,48.0,3.0,Low,15.0,4.0,3.0,42.0,31-60 days,5654.88,6543.97,148.73,44.0,Payment Problems,2617.588
CUST-030578,0,Small Business,18.0,3.0,Medium,7.0,9.0,3.0,132.0,91-180 days,47183.61,42926.06,6132.29,7.0,Not Applicable,0.0
CUST-009178,0,Premium,50.0,4.0,Low,7.0,1.0,4.0,33.0,31-60 days,41514.43,43302.91,1031.02,42.0,Not Applicable,0.0
CUST-029030,0,Consumer,15.0,4.0,Medium,19.0,5.0,4.0,14.0,0-30 days,29859.17,22988.91,4597.78,5.0,Not Applicable,0.0
CUST-027666,0,Consumer,51.0,5.0,Low,3.0,1.0,7.0,19.0,0-30 days,7390.5,8957.26,308.87,29.0,Not Applicable,0.0
CUST-007704,0,Consumer,55.0,4.0,Medium,3.0,3.0,3.0,68.0,61-90 days,7696.19,8489.87,499.4,17.0,Not Applicable,0.0
CUST-040799,0,Small Business,47.0,5.0,High,11.0,4.0,2.0,33.0,31-60 days,35248.92,32687.21,883.44,37.0,Not Applicable,0.0
CUST-024873,1,Premium,17.0,1.0,Low,16.0,9.0,0.0,41.0,31-60 days,39388.83,35680.03,1372.31,26.0,Unhappy with Return Policy,14272.012
CUST-031601,0,Small Business,32.0,3.0,High,11.0,9.0,3.0,74.0,61-90 days,55238.16,49757.07,1130.84,44.0,Not Applicable,0.0
CUST-036345,0,Consumer,15.0,4.0,Medium,3.0,5.0,3.0,204.0,181-270 days,16327.91,17134.97,519.24,33.0,Not Applicable,0.0
CUST-037478,0,Consumer,54.0,2.0,Low,2.0,3.0,8.0,6.0,0-30 days,129.56,149.52,4.4,34.0,Not Applicable,0.0
CUST-042099,0,Consumer,50.0,4.0,Medium,3.0,6.0,1.0,156.0,91-180 days,44924.79,46325.12,5790.64,8.0,Not Applicable,0.0
CUST-025964,0,Enterprise,57.0,3.0,Medium,17.0,17.0,6.0,31.0,31-60 days,47048.47,47090.39,7848.4,6.0,Not Applicable,0.0
CUST-015301,0,Enterprise,3.0,2.0,Medium,8.0,7.0,2.0,230.0,181-270 days,48058.71,37251.3,1201.65,31.0,Not Applicable,0.0
CUST-048819,1,Consumer,34.0,2.0,High,16.0,1.0,5.0,42.0,31-60 days,20094.39,17437.54,968.75,18.0,Better Price Elsewhere,6975.016000000001
CUST-012515,1,Consumer,50.0,1.0,Low,14.0,14.0,8.0,24.0,0-30 days,9624.49,10629.93,3543.31,3.0,Account Issues,4251.972000000002
CUST-030191,0,Premium,40.0,5.0,Medium,7.0,10.0,4.0,17.0,0-30 days,16314.37,19200.95,2133.44,9.0,Not Applicable,0.0
CUST-042349,0,Consumer,40.0,2.0,Low,4.0,0.0,4.0,84.0,61-90 days,58293.56,45468.56,15156.19,3.0,Not Applicable,0.0
CUST-003194,1,Small Business,45.0,1.0,High,18.0,0.0,2.0,271.0,271-365 days,50086.19,43832.92,996.2,44.0,Poor Customer Service,17533.168
CUST-008642,1,Enterprise,33.0,3.0,Medium,16.0,14.0,3.0,63.0,61-90 days,21046.2,19907.44,865.54,23.0,Too Expensive,7962.976
CUST-006579,0,Enterprise,45.0,5.0,Medium,16.0,3.0,4.0,183.0,181-270 days,14884.36,13341.86,952.99,14.0,Not Applicable,0.0
CUST-019023,0,Small Business,38.0,3.0,Medium,4.0,3.0,8.0,358.0,271-365 days,51389.71,42391.07,5298.88,8.0,Not Applicable,0.0
CUST-016615,0,Consumer,28.0,1.0,High,13.0,1.0,9.0,260.0,181-270 days,35189.07,31182.99,10394.33,3.0,Not Applicable,0.0
CUST-047509,0,Consumer,28.0,1.0,Medium,6.0,9.0,5.0,35.0,31-60 days,13218.54,12799.28,2133.21,6.0,Not Applicable,0.0
CUST-000615,0,Enterprise,14.0,5.0,High,13.0,4.0,3.0,57.0,31-60 days,5443.72,6601.72,287.03,23.0,Not Applicable,0.0
CUST-007185,1,Consumer,37.0,1.0,Low,19.0,15.0,7.0,161.0,91-180 days,46845.96,46772.13,4252.01,11.0,Too Expensive,18708.852
CUST-046279,0,Small Business,1.0,2.0,Medium,15.0,6.0,9.0,80.0,61-90 days,11965.51,11123.43,285.22,39.0,Not Applicable,0.0
CUST-001400,1,Premium,36.0,2.0,Medium,14.0,7.0,7.0,23.0,0-30 days,17304.66,14421.02,343.36,42.0,Better Price Elsewhere,5768.408
CUST-003902,0,Premium,3.0,2.0,High,11.0,12.0,1.0,159.0,91-180 days,4609.58,4746.1,113.0,42.0,Not Applicable,0.0
CUST-035823,0,Enterprise,2.0,1.0,Medium,2.0,0.0,4.0,1.0,0-30 days,12760.68,11275.54,331.63,34.0,Not Applicable,0.0
CUST-034616,1,Consumer,9.0,1.0,Medium,15.0,19.0,9.0,34.0,31-60 days,31960.49,35696.59,728.5,49.0,Poor Customer Service,14278.636
CUST-016514,0,Consumer,53.0,4.0,Medium,18.0,11.0,6.0,32.0,31-60 days,18068.82,20222.55,439.62,46.0,Not Applicable,0.0
CUST-042508,1,Premium,4.0,1.0,Low,12.0,13.0,7.0,47.0,31-60 days,31966.96,36868.11,1536.17,24.0,Shipping Issues,14747.244
CUST-046521,0,Enterprise,16.0,4.0,Medium,1.0,0.0,4.0,138.0,91-180 days,5131.8,6368.07,353.78,18.0,Not Applicable,0.0
CUST-011657,1,Consumer,41.0,5.0,High,18.0,12.0,7.0,3.0,0-30 days,12850.47,13908.64,309.08,45.0,Poor Customer Service,5563.456
CUST-000190,0,Premium,37.0,5.0,Low,15.0,3.0,5.0,306.0,271-365 days,52261.43,44577.08,969.07,46.0,Not Applicable,0.0
CUST-013565,0,Consumer,47.0,3.0,Medium,6.0,4.0,9.0,52.0,31-60 days,18099.08,17597.1,391.05,45.0,Not Applicable,0.0
CUST-044191,1,Consumer,51.0,2.0,Low,13.0,12.0,7.0,76.0,61-90 days,17383.07,18786.35,606.01,31.0,Poor Product Quality,7514.54
CUST-004707,0,Consumer,50.0,1.0,Medium,11.0,8.0,8.0,23.0,0-30 days,11606.38,10490.13,419.61,25.0,Not Applicable,0.0
CUST-013500,1,Consumer,13.0,2.0,Low,3.0,2.0,5.0,17.0,0-30 days,19033.68,21281.77,925.29,23.0,Poor Customer Service,8512.708
CUST-034347,0,Enterprise,49.0,3.0,High,2.0,2.0,4.0,48.0,31-60 days,37803.93,33564.91,1598.33,21.0,Not Applicable,0.0
CUST-019937,1,Consumer,49.0,3.0,High,6.0,9.0,9.0,279.0,271-365 days,45904.97,38475.52,916.08,42.0,Too Expensive,15390.208
CUST-029605,0,Premium,11.0,5.0,High,1.0,2.0,3.0,75.0,61-90 days,7688.9,7008.74,241.68,29.0,Not Applicable,0.0
CUST-028885,0,Small Business,26.0,4.0,High,10.0,4.0,6.0,78.0,61-90 days,19740.46,17966.11,460.67,39.0,Not Applicable,0.0
CUST-023307,0,Consumer,20.0,4.0,Low,16.0,3.0,9.0,348.0,271-365 days,29601.36,36144.74,3285.89,11.0,Not Applicable,0.0
CUST-022506,1,Small Business,23.0,5.0,Medium,9.0,12.0,7.0,86.0,61-90 days,32158.78,38679.67,1381.42,28.0,Too Expensive,15471.868
CUST-003193,1,Enterprise,20.0,5.0,High,9.0,3.0,9.0,133.0,91-180 days,47114.76,44891.16,3206.51,14.0,Slow Delivery,17956.464000000004
CUST-007448,1,Consumer,7.0,1.0,Medium,12.0,11.0,0.0,89.0,61-90 days,1043.48,844.36,76.76,11.0,Technical Issues,337.744
CUST-025961,0,Premium,39.0,3.0,Medium,15.0,0.0,9.0,322.0,271-365 days,35058.69,38321.32,9580.33,4.0,Not Applicable,0.0
CUST-013974,0,Premium,53.0,4.0,Medium,7.0,6.0,2.0,58.0,31-60 days,60448.12,48054.17,1501.69,32.0,Not Applicable,0.0
CUST-005703,0,Consumer,28.0,4.0,Medium,1.0,3.0,1.0,3.0,0-30 days,32704.86,27292.75,3898.96,7.0,Not Applicable,0.0
CUST-036475,0,Consumer,20.0,3.0,Low,1.0,4.0,9.0,181.0,181-270 days,12094.3,13503.63,275.58,49.0,Not Applicable,0.0
CUST-046701,1,Premium,43.0,4.0,Medium,18.0,13.0,1.0,81.0,61-90 days,4802.48,5529.73,153.6,36.0,Unhappy with Return Policy,2211.8920000000007
CUST-009175,1,Premium,19.0,2.0,Low,6.0,6.0,4.0,144.0,91-180 days,39770.96,39832.88,1048.23,38.0,Poor Customer Service,15933.152
CUST-002670,1,Small Business,14.0,2.0,High,8.0,0.0,9.0,173.0,91-180 days,45654.49,48495.42,1939.82,25.0,Better Price Elsewhere,19398.168
CUST-049538,0,Small Business,14.0,4.0,High,15.0,6.0,0.0,45.0,31-60 days,9367.47,8118.67,405.93,20.0,Not Applicable,0.0
CUST-046779,0,Consumer,44.0,5.0,High,17.0,7.0,9.0,158.0,91-180 days,11834.82,12558.16,738.72,17.0,Not Applicable,0.0
CUST-004434,0,Consumer,29.0,5.0,Low,7.0,11.0,4.0,49.0,31-60 days,15458.69,14124.86,7062.43,2.0,Not Applicable,0.0
CUST-000109,1,Consumer,53.0,4.0,Low,12.0,0.0,0.0,356.0,271-365 days,22326.92,24222.84,1730.2,14.0,Poor Product Quality,9689.136
CUST-005676,1,Premium,24.0,5.0,Low,0.0,2.0,0.0,10.0,0-30 days,9012.2,6966.01,6966.01,1.0,Better Price Elsewhere,2786.4040000000005
CUST-027935,0,Premium,33.0,4.0,Medium,2.0,1.0,8.0,58.0,31-60 days,23200.6,23171.19,5792.8,4.0,Not Applicable,0.0
CUST-040460,1,Premium,44.0,2.0,Medium,9.0,8.0,8.0,315.0,271-365 days,18356.95,16652.13,925.12,18.0,Poor Customer Service,6660.852000000001
CUST-021848,1,Consumer,41.0,4.0,Low,16.0,5.0,3.0,5.0,0-30 days,41283.16,38323.97,4790.5,8.0,Technical Issues,15329.588000000002
CUST-012571,0,Small Business,37.0,4.0,Medium,10.0,11.0,0.0,70.0,61-90 days,55109.62,44178.94,2103.76,21.0,Not Applicable,0.0
CUST-024197,1,Consumer,27.0,2.0,Medium,13.0,10.0,2.0,282.0,271-365 days,18817.84,20180.28,4036.06,5.0,No Longer Need Service,8072.111999999999
CUST-026971,1,Consumer,42.0,1.0,Medium,11.0,7.0,4.0,59.0,31-60 days,17146.51,14999.98,1666.66,9.0,Too Expensive,5999.991999999998
CUST-028311,0,Premium,35.0,4.0,High,14.0,10.0,5.0,14.0,0-30 days,49880.15,43564.24,907.59,48.0,Not Applicable,0.0
CUST-049153,0,Premium,2.0,5.0,High,2.0,5.0,7.0,267.0,181-270 days,48909.35,38153.46,2725.25,14.0,Not Applicable,0.0
CUST-038143,0,Consumer,27.0,2.0,Low,4.0,7.0,8.0,85.0,61-90 days,29068.65,22592.33,579.29,39.0,Not Applicable,0.0
CUST-035452,1,Consumer,22.0,4.0,Medium,2.0,2.0,8.0,33.0,31-60 days,51317.51,46382.08,5797.76,8.0,Poor Customer Service,18552.832
CUST-001336,1,Premium,30.0,4.0,Low,13.0,6.0,4.0,150.0,91-180 days,12121.56,11568.52,771.23,15.0,Low Product Variety,4627.4079999999985
CUST-022617,0,Small Business,45.0,1.0,Medium,8.0,2.0,0.0,43.0,31-60 days,15913.88,19825.0,3304.17,6.0,Not Applicable,0.0
CUST-011184,0,Small Business,50.0,1.0,Medium,4.0,4.0,1.0,30.0,0-30 days,7848.12,7626.6,762.66,10.0,Not Applicable,0.0
CUST-000325,0,Small Business,48.0,3.0,Low,13.0,4.0,1.0,72.0,61-90 days,19115.62,16302.53,1811.39,9.0,Not Applicable,0.0
CUST-034119,0,Premium,6.0,2.0,Medium,6.0,8.0,0.0,231.0,181-270 days,20730.88,16990.14,4247.53,4.0,Not Applicable,0.0
CUST-024763,1,Consumer,53.0,5.0,Low,16.0,0.0,9.0,6.0,0-30 days,34443.29,42116.87,1358.61,31.0,Technical Issues,16846.748000000003
CUST-012181,1,Consumer,47.0,3.0,High,13.0,1.0,3.0,42.0,31-60 days,10246.38,8898.0,355.92,25.0,Too Expensive,3559.200000000001
CUST-001206,0,Enterprise,23.0,2.0,High,17.0,11.0,8.0,30.0,0-30 days,32545.66,25091.93,784.12,32.0,Not Applicable,0.0
CUST-005340,1,Premium,7.0,4.0,High,11.0,6.0,6.0,12.0,0-30 days,24685.52,28310.35,1286.83,22.0,Too Expensive,11324.14
CUST-026053,1,Consumer,10.0,3.0,Medium,6.0,5.0,7.0,76.0,61-90 days,5357.46,5496.67,549.67,10.0,Poor Product Quality,2198.668
CUST-017916,0,Consumer,12.0,1.0,Low,13.0,13.0,4.0,28.0,0-30 days,28051.52,26618.46,0.0,0.0,Not Applicable,0.0
CUST-024891,1,Premium,6.0,2.0,Medium,18.0,11.0,7.0,94.0,91-180 days,14082.1,11106.8,1009.71,11.0,Poor Customer Service,4442.72
CUST-043928,0,Small Business,2.0,3.0,Medium,13.0,14.0,4.0,278.0,271-365 days,2435.12,2697.77,224.81,12.0,Not Applicable,0.0
CUST-032557,0,Consumer,59.0,5.0,High,10.0,3.0,6.0,292.0,271-365 days,28057.35,28911.3,963.71,30.0,Not Applicable,0.0
CUST-010810,0,Consumer,59.0,2.0,Medium,0.0,2.0,0.0,6.0,0-30 days,27424.04,26103.53,1631.47,16.0,Not Applicable,0.0
CUST-006810,1,Premium,11.0,3.0,Low,18.0,3.0,1.0,70.0,61-90 days,56211.62,48289.0,1073.09,45.0,Poor Customer Service,19315.6
CUST-016192,0,Premium,4.0,3.0,Medium,6.0,0.0,0.0,83.0,61-90 days,7097.07,7912.98,1978.24,4.0,Not Applicable,0.0
CUST-034549,1,Small Business,25.0,1.0,Medium,16.0,1.0,9.0,148.0,91-180 days,29633.23,23334.46,476.21,49.0,Payment Problems,9333.784
CUST-018517,1,Small Business,4.0,2.0,Low,0.0,0.0,7.0,187.0,181-270 days,28640.45,35692.28,35692.28,1.0,Shipping Issues,14276.912
CUST-039580,0,Consumer,25.0,3.0,Medium,12.0,13.0,8.0,88.0,61-90 days,45572.81,48488.83,2552.04,19.0,Not Applicable,0.0
CUST-020126,0,Consumer,30.0,1.0,Medium,11.0,4.0,7.0,26.0,0-30 days,17822.59,18699.8,3739.96,5.0,Not Applicable,0.0
CUST-031451,1,Consumer,59.0,1.0,Medium,15.0,1.0,6.0,10.0,0-30 days,56598.95,49021.18,1815.6,27.0,Low Product Variety,19608.472
CUST-000870,1,Enterprise,38.0,3.0,Low,10.0,8.0,3.0,163.0,91-180 days,29655.08,24116.43,1722.6,14.0,No Longer Need Service,9646.572
CUST-012943,0,Premium,53.0,3.0,High,7.0,7.0,4.0,2.0,0-30 days,19127.3,18239.4,1658.13,11.0,Not Applicable,0.0
CUST-008687,1,Consumer,40.0,3.0,Low,1.0,1.0,5.0,66.0,61-90 days,12841.73,13400.67,2680.13,5.0,No Longer Need Service,5360.268
CUST-006498,0,Consumer,44.0,2.0,Medium,17.0,0.0,4.0,235.0,181-270 days,21546.91,17087.97,379.73,45.0,Not Applicable,0.0
CUST-039557,0,Small Business,12.0,5.0,Medium,5.0,6.0,6.0,3.0,0-30 days,7422.83,8562.28,251.83,34.0,Not Applicable,0.0
CUST-045669,0,Consumer,3.0,1.0,High,0.0,0.0,9.0,33.0,31-60 days,18811.13,22572.09,1410.76,16.0,Not Applicable,0.0
CUST-048260,1,Small Business,16.0,2.0,Medium,6.0,9.0,0.0,86.0,61-90 days,40.64,42.63,0.87,49.0,Shipping Issues,17.052000000000003
CUST-003058,1,Consumer,28.0,1.0,Low,0.0,1.0,6.0,41.0,31-60 days,10191.4,11889.08,247.69,48.0,Better Price Elsewhere,4755.632000000001
CUST-040171,0,Premium,33.0,2.0,Low,12.0,0.0,0.0,12.0,0-30 days,25284.73,20752.24,864.68,24.0,Not Applicable,0.0
CUST-001004,0,Enterprise,6.0,3.0,Medium,14.0,12.0,2.0,297.0,271-365 days,42164.2,32614.63,931.85,35.0,Not Applicable,0.0
CUST-040657,1,Small Business,10.0,3.0,Low,3.0,7.0,1.0,61.0,61-90 days,18148.54,19932.38,1423.74,14.0,Technical Issues,7972.952000000001
CUST-011170,0,Premium,14.0,4.0,Medium,11.0,10.0,3.0,46.0,31-60 days,34127.42,42580.83,905.98,47.0,Not Applicable,0.0
CUST-014182,0,Premium,46.0,4.0,Medium,9.0,13.0,1.0,80.0,61-90 days,9221.72,8919.82,270.3,33.0,Not Applicable,0.0
CUST-011351,0,Premium,51.0,3.0,High,8.0,6.0,5.0,15.0,0-30 days,13165.54,11994.15,266.54,45.0,Not Applicable,0.0
CUST-028861,0,Premium,57.0,3.0,High,14.0,16.0,0.0,54.0,31-60 days,11673.78,9972.01,369.33,27.0,Not Applicable,0.0
CUST-046347,0,Consumer,33.0,3.0,Low,9.0,3.0,0.0,253.0,181-270 days,39532.2,41082.78,1786.21,23.0,Not Applicable,0.0
CUST-012695,0,Premium,11.0,3.0,Medium,7.0,7.0,7.0,52.0,31-60 days,29184.29,27135.8,553.79,49.0,Not Applicable,0.0
CUST-013861,0,Small Business,17.0,3.0,High,6.0,7.0,7.0,58.0,31-60 days,15077.61,11962.78,797.52,15.0,Not Applicable,0.0
CUST-037350,1,Premium,18.0,4.0,Low,11.0,3.0,1.0,9.0,0-30 days,37553.12,41260.44,4126.04,10.0,Too Expensive,16504.176000000003
CUST-006106,0,Consumer,54.0,5.0,Medium,1.0,2.0,5.0,6.0,0-30 days,50095.53,41462.02,5923.15,7.0,Not Applicable,0.0
CUST-023590,0,Consumer,44.0,2.0,High,8.0,6.0,9.0,285.0,271-365 days,1270.94,1015.72,32.77,31.0,Not Applicable,0.0
CUST-019748,0,Premium,39.0,4.0,High,2.0,2.0,5.0,71.0,61-90 days,52313.52,44692.04,3724.34,12.0,Not Applicable,0.0
CUST-023844,1,Consumer,21.0,5.0,Low,16.0,4.0,9.0,354.0,271-365 days,54670.86,43854.92,1754.2,25.0,Found Alternative,17541.968
CUST-019486,0,Premium,45.0,2.0,Medium,12.0,0.0,6.0,87.0,61-90 days,29608.3,26805.46,2436.86,11.0,Not Applicable,0.0
CUST-043041,0,Consumer,5.0,4.0,High,14.0,5.0,5.0,58.0,31-60 days,37751.57,29842.9,1147.8,26.0,Not Applicable,0.0
CUST-023178,0,Consumer,34.0,5.0,High,9.0,4.0,3.0,83.0,61-90 days,39868.24,31075.9,0.0,0.0,Not Applicable,0.0
CUST-015302,1,Consumer,32.0,2.0,Medium,15.0,8.0,4.0,131.0,91-180 days,58452.2,46852.75,4685.27,10.0,Too Expensive,18741.1
CUST-017025,0,Premium,31.0,5.0,Medium,2.0,1.0,1.0,54.0,31-60 days,11289.83,13659.86,1050.76,13.0,Not Applicable,0.0
CUST-012074,0,Premium,45.0,2.0,Medium,16.0,20.0,7.0,88.0,61-90 days,41811.02,33329.04,1851.61,18.0,Not Applicable,0.0
CUST-002587,1,Consumer,30.0,2.0,Low,4.0,2.0,2.0,243.0,181-270 days,123.6,147.06,4.9,30.0,Found Alternative,58.82400000000001
CUST-018899,0,Small Business,3.0,1.0,High,0.0,4.0,3.0,25.0,0-30 days,1926.63,2320.47,0.0,0.0,Not Applicable,0.0
CUST-031887,0,Premium,39.0,5.0,High,4.0,0.0,6.0,359.0,271-365 days,41396.53,44091.02,1102.28,40.0,Not Applicable,0.0
CUST-044752,1,Small Business,40.0,1.0,High,12.0,11.0,4.0,26.0,0-30 days,37022.45,43813.57,1288.63,34.0,Poor Customer Service,17525.428
CUST-018537,0,Premium,45.0,5.0,Medium,7.0,8.0,1.0,196.0,181-270 days,19215.53,15824.23,510.46,31.0,Not Applicable,0.0
CUST-028467,0,Consumer,28.0,4.0,Medium,5.0,5.0,5.0,47.0,31-60 days,4191.66,4826.24,689.46,7.0,Not Applicable,0.0
CUST-023421,0,Consumer,56.0,4.0,Low,11.0,12.0,8.0,54.0,31-60 days,39743.22,47035.55,1237.78,38.0,Not Applicable,0.0
CUST-029365,1,Premium,45.0,4.0,Low,1.0,0.0,5.0,120.0,91-180 days,31190.14,27588.95,1021.81,27.0,Better Price Elsewhere,11035.580000000002
CUST-040255,1,Premium,4.0,5.0,Low,15.0,0.0,2.0,80.0,61-90 days,536.75,474.68,43.15,11.0,No Longer Need Service,189.872
CUST-015405,0,Enterprise,44.0,2.0,Medium,14.0,15.0,3.0,1.0,0-30 days,2741.45,2472.58,107.5,23.0,Not Applicable,0.0
CUST-048592,1,Premium,49.0,4.0,Low,11.0,11.0,6.0,141.0,91-180 days,16513.19,15372.22,1397.47,11.0,Better Price Elsewhere,6148.888000000001
CUST-005469,1,Small Business,24.0,2.0,Low,11.0,12.0,0.0,15.0,0-30 days,28245.8,34222.24,2281.48,15.0,Better Price Elsewhere,13688.896
CUST-044863,1,Consumer,17.0,1.0,Low,0.0,0.0,6.0,239.0,181-270 days,54954.53,49683.44,2614.92,19.0,Better Price Elsewhere,19873.376000000004
CUST-000632,1,Consumer,26.0,1.0,High,17.0,21.0,5.0,67.0,61-90 days,1041.88,940.63,34.84,27.0,Payment Problems,376.252
CUST-048106,0,Consumer,56.0,5.0,High,12.0,12.0,8.0,8.0,0-30 days,18469.67,21249.97,708.33,30.0,Not Applicable,0.0
CUST-038656,0,Premium,23.0,3.0,High,14.0,8.0,2.0,189.0,181-270 days,1278.35,1509.34,65.62,23.0,Not Applicable,0.0
CUST-002216,1,Small Business,26.0,1.0,High,5.0,4.0,6.0,85.0,61-90 days,47598.45,41306.71,983.49,42.0,Account Issues,16522.683999999994
CUST-007777,1,Small Business,3.0,3.0,High,19.0,20.0,8.0,81.0,61-90 days,592.58,634.07,39.63,16.0,Poor Product Quality,253.62800000000004
CUST-036613,1,Small Business,51.0,1.0,High,15.0,2.0,8.0,288.0,271-365 days,36069.19,28330.09,1180.42,24.0,No Longer Need Service,11332.036
CUST-043822,1,Enterprise,8.0,3.0,Medium,11.0,0.0,3.0,76.0,61-90 days,61732.37,48281.66,1270.57,38.0,Poor Customer Service,19312.664
CUST-045203,1,Premium,9.0,5.0,Low,16.0,5.0,7.0,113.0,91-180 days,14611.56,12031.06,751.94,16.0,Payment Problems,4812.424
CUST-037407,1,Small Business,29.0,3.0,High,17.0,2.0,2.0,80.0,61-90 days,38382.16,35686.73,1784.34,20.0,Payment Problems,14274.692000000005
CUST-049578,0,Enterprise,28.0,2.0,Medium,13.0,9.0,5.0,38.0,31-60 days,19268.18,15266.07,763.3,20.0,Not Applicable,0.0
CUST-031322,0,Consumer,11.0,5.0,Medium,10.0,6.0,4.0,28.0,0-30 days,44726.54,34917.28,1058.1,33.0,Not Applicable,0.0
CUST-035075,1,Consumer,25.0,2.0,High,10.0,6.0,4.0,342.0,271-365 days,14289.4,11245.95,624.78,18.0,Better Price Elsewhere,4498.38
CUST-032091,0,Consumer,35.0,2.0,Medium,19.0,4.0,1.0,54.0,31-60 days,9486.03,8406.5,560.43,15.0,Not Applicable,0.0
CUST-037264,0,Premium,53.0,5.0,Low,17.0,7.0,5.0,45.0,31-60 days,40782.7,38619.67,38619.67,1.0,Not Applicable,0.0
CUST-035459,0,Consumer,59.0,4.0,Medium,8.0,3.0,4.0,59.0,31-60 days,54686.6,44749.89,1147.43,39.0,Not Applicable,0.0
CUST-019722,1,Consumer,26.0,5.0,High,16.0,20.0,8.0,52.0,31-60 days,24029.86,24755.83,687.66,36.0,Better Price Elsewhere,9902.332000000002
CUST-002104,0,Consumer,57.0,5.0,Low,18.0,8.0,8.0,16.0,0-30 days,22517.06,22419.56,622.77,36.0,Not Applicable,0.0
CUST-027560,1,Consumer,50.0,2.0,High,16.0,0.0,8.0,53.0,31-60 days,37712.17,30204.24,1510.21,20.0,Better Price Elsewhere,12081.696000000002
CUST-026742,0,Consumer,25.0,5.0,Medium,15.0,6.0,2.0,75.0,61-90 days,55031.57,46960.86,6708.69,7.0,Not Applicable,0.0
CUST-004987,0,Consumer,58.0,3.0,Medium,4.0,4.0,0.0,352.0,271-365 days,36506.98,34211.34,877.21,39.0,Not Applicable,0.0
CUST-040228,1,Premium,27.0,1.0,Medium,3.0,3.0,6.0,335.0,271-365 days,22092.4,18836.05,523.22,36.0,Too Expensive,7534.42
CUST-006175,1,Consumer,49.0,5.0,Medium,7.0,0.0,8.0,71.0,61-90 days,10875.63,13457.77,13457.77,1.0,Poor Product Quality,5383.108
CUST-039284,1,Small Business,52.0,5.0,High,3.0,0.0,6.0,86.0,61-90 days,31053.0,26138.16,1306.91,20.0,Too Expensive,10455.264000000001
CUST-003039,0,Enterprise,1.0,1.0,Medium,15.0,15.0,3.0,26.0,0-30 days,20404.2,21648.36,460.6,47.0,Not Applicable,0.0
CUST-028931,0,Premium,11.0,3.0,High,8.0,2.0,5.0,79.0,61-90 days,40843.79,39653.18,1279.13,31.0,Not Applicable,0.0
CUST-007946,0,Consumer,22.0,3.0,Medium,7.0,1.0,2.0,28.0,0-30 days,19370.39,21331.16,10665.58,2.0,Not Applicable,0.0
CUST-037337,1,Enterprise,14.0,5.0,High,16.0,20.0,9.0,351.0,271-365 days,51770.47,48404.26,1613.48,30.0,Payment Problems,19361.704
CUST-007784,1,Premium,41.0,1.0,Low,15.0,11.0,7.0,197.0,181-270 days,30581.11,27768.63,9256.21,3.0,No Longer Need Service,11107.452
CUST-028086,0,Consumer,40.0,5.0,Medium,18.0,5.0,5.0,262.0,181-270 days,52140.02,44648.22,2790.51,16.0,Not Applicable,0.0
CUST-045529,1,Consumer,45.0,5.0,Low,7.0,9.0,2.0,168.0,91-180 days,20493.49,25140.86,3142.61,8.0,No Longer Need Service,10056.344000000001
CUST-011772,0,Enterprise,5.0,5.0,High,4.0,1.0,0.0,75.0,61-90 days,32917.23,38671.24,1487.36,26.0,Not Applicable,0.0
CUST-007281,1,Consumer,28.0,1.0,Low,5.0,9.0,4.0,54.0,31-60 days,32038.22,32794.54,1821.92,18.0,Shipping Issues,13117.816
CUST-006437,1,Premium,53.0,3.0,High,19.0,3.0,7.0,182.0,181-270 days,16678.2,17932.95,597.76,30.0,Poor Customer Service,7173.18
CUST-018003,0,Enterprise,18.0,4.0,Medium,16.0,16.0,3.0,220.0,181-270 days,8985.37,7815.08,300.58,26.0,Not Applicable,0.0
CUST-040780,1,Consumer,52.0,3.0,Low,14.0,11.0,1.0,85.0,61-90 days,41619.27,37358.55,18679.28,2.0,Too Expensive,14943.420000000002
CUST-042708,0,Consumer,5.0,2.0,High,10.0,11.0,3.0,230.0,181-270 days,33007.37,35768.0,3576.8,10.0,Not Applicable,0.0
CUST-006622,0,Consumer,12.0,4.0,High,10.0,12.0,3.0,14.0,0-30 days,19340.12,19689.76,6563.25,3.0,Not Applicable,0.0
CUST-041473,1,Small Business,41.0,4.0,Low,0.0,4.0,0.0,64.0,61-90 days,34998.35,42360.77,1568.92,27.0,Too Expensive,16944.308
CUST-018159,1,Enterprise,14.0,1.0,Low,10.0,2.0,6.0,53.0,31-60 days,26674.75,28065.0,1754.06,16.0,Poor Product Quality,11226.0
CUST-014663,1,Consumer,56.0,2.0,Medium,14.0,4.0,7.0,53.0,31-60 days,40787.52,43391.05,1205.31,36.0,Poor Customer Service,17356.420000000002
CUST-028521,1,Consumer,34.0,1.0,High,0.0,1.0,5.0,339.0,271-365 days,33547.09,36181.08,5168.73,7.0,Too Expensive,14472.432
CUST-030619,1,Consumer,16.0,2.0,High,4.0,2.0,9.0,14.0,0-30 days,48484.05,39807.26,1730.75,23.0,Poor Customer Service,15922.904000000002
CUST-041950,1,Premium,36.0,1.0,Medium,8.0,5.0,2.0,128.0,91-180 days,28762.6,32568.92,1123.07,29.0,Technical Issues,13027.568
CUST-002835,0,Premium,30.0,1.0,Medium,6.0,2.0,7.0,26.0,0-30 days,40637.69,37219.4,4135.49,9.0,Not Applicable,0.0
CUST-043752,1,Enterprise,48.0,2.0,Medium,19.0,8.0,1.0,73.0,61-90 days,25468.46,21141.98,459.61,46.0,Shipping Issues,8456.792
CUST-000544,0,Premium,49.0,2.0,Medium,15.0,0.0,4.0,297.0,271-365 days,2378.72,2129.22,62.62,34.0,Not Applicable,0.0
CUST-017932,1,Premium,4.0,2.0,High,18.0,7.0,7.0,32.0,31-60 days,3023.45,3420.11,136.8,25.0,Low Product Variety,1368.044
CUST-019181,1,Small Business,4.0,4.0,High,7.0,5.0,2.0,84.0,61-90 days,25632.72,27711.58,815.05,34.0,Found Alternative,11084.632
CUST-041114,1,Consumer,9.0,2.0,Low,18.0,17.0,1.0,36.0,31-60 days,48316.29,49351.89,3796.3,13.0,Better Price Elsewhere,19740.756
CUST-006105,0,Consumer,46.0,4.0,High,12.0,13.0,1.0,54.0,31-60 days,29123.67,24233.41,1346.3,18.0,Not Applicable,0.0
CUST-021661,0,Premium,17.0,3.0,Medium,12.0,5.0,2.0,24.0,0-30 days,20789.7,22535.6,22535.6,1.0,Not Applicable,0.0
CUST-009404,1,Small Business,9.0,1.0,Medium,0.0,0.0,1.0,227.0,181-270 days,34527.21,27084.87,588.8,46.0,Payment Problems,10833.948
CUST-042194,0,Consumer,25.0,3.0,Medium,9.0,1.0,5.0,3.0,0-30 days,28284.84,28810.71,1067.06,27.0,Not Applicable,0.0
CUST-037387,0,Consumer,32.0,3.0,High,13.0,4.0,6.0,345.0,271-365 days,19258.0,17771.16,1615.56,11.0,Not Applicable,0.0
CUST-036548,1,Small Business,21.0,4.0,Low,2.0,1.0,8.0,89.0,61-90 days,12962.71,10752.58,488.75,22.0,Poor Product Quality,4301.032
CUST-018153,0,Consumer,4.0,5.0,Medium,12.0,13.0,9.0,103.0,91-180 days,37284.72,38898.26,2593.22,15.0,Not Applicable,0.0
CUST-008954,1,Small Business,7.0,1.0,Low,19.0,16.0,0.0,134.0,91-180 days,9473.24,11104.53,854.19,13.0,Technical Issues,4441.812000000001
CUST-032601,0,Consumer,25.0,5.0,High,6.0,2.0,3.0,91.0,91-180 days,53154.93,46917.15,4691.72,10.0,Not Applicable,0.0
CUST-002620,1,Consumer,54.0,1.0,Medium,16.0,12.0,9.0,49.0,31-60 days,40496.86,39930.42,2852.17,14.0,Better Price Elsewhere,15972.168
CUST-003757,0,Enterprise,45.0,3.0,High,15.0,8.0,8.0,48.0,31-60 days,2490.32,2644.3,139.17,19.0,Not Applicable,0.0
CUST-000299,1,Enterprise,52.0,2.0,Low,15.0,14.0,9.0,228.0,181-270 days,49645.56,40895.43,6815.9,6.0,Poor Customer Service,16358.172
CUST-049919,1,Premium,58.0,2.0,Medium,3.0,3.0,5.0,213.0,181-270 days,5367.97,5883.85,130.75,45.0,Poor Customer Service,2353.5400000000004
CUST-020433,1,Consumer,28.0,2.0,Medium,8.0,2.0,1.0,32.0,31-60 days,36488.85,33391.25,1151.42,29.0,Too Expensive,13356.5
CUST-015474,1,Premium,13.0,3.0,Low,17.0,10.0,4.0,3.0,0-30 days,36011.17,38476.24,6412.71,6.0,Poor Product Quality,15390.496
CUST-023934,0,Consumer,25.0,2.0,High,18.0,21.0,5.0,48.0,31-60 days,26285.88,28779.21,9593.07,3.0,Not Applicable,0.0
CUST-009925,0,Premium,2.0,5.0,High,6.0,6.0,7.0,66.0,61-90 days,7167.95,6677.1,215.39,31.0,Not Applicable,0.0
CUST-012237,0,Small Business,4.0,4.0,Medium,17.0,17.0,6.0,14.0,0-30 days,32285.33,25361.34,618.57,41.0,Not Applicable,0.0
CUST-045153,0,Premium,1.0,1.0,High,11.0,5.0,8.0,215.0,181-270 days,30292.74,33327.72,709.1,47.0,Not Applicable,0.0
CUST-026437,0,Enterprise,32.0,5.0,High,1.0,4.0,8.0,10.0,0-30 days,7508.55,7005.72,636.88,11.0,Not Applicable,0.0
CUST-008392,0,Consumer,28.0,3.0,Medium,8.0,4.0,2.0,70.0,61-90 days,2879.44,3147.85,66.98,47.0,Not Applicable,0.0
CUST-031827,0,Premium,41.0,4.0,High,18.0,21.0,8.0,68.0,61-90 days,5740.43,6333.46,158.34,40.0,Not Applicable,0.0
CUST-000526,0,Premium,22.0,3.0,Low,12.0,10.0,4.0,40.0,31-60 days,46289.67,40511.7,1125.32,36.0,Not Applicable,0.0
CUST-021165,0,Small Business,37.0,3.0,High,12.0,16.0,7.0,50.0,31-60 days,39784.86,33081.5,2362.96,14.0,Not Applicable,0.0
CUST-001954,1,Premium,51.0,5.0,Medium,12.0,10.0,8.0,330.0,271-365 days,38221.8,36251.05,1394.27,26.0,Poor Customer Service,14500.420000000002
CUST-011853,0,Premium,37.0,4.0,Medium,12.0,7.0,8.0,82.0,61-90 days,15583.19,14284.11,1020.29,14.0,Not Applicable,0.0
CUST-032061,0,Premium,45.0,5.0,Medium,7.0,8.0,0.0,91.0,91-180 days,10668.27,13015.14,500.58,26.0,Not Applicable,0.0
CUST-020137,1,Premium,32.0,2.0,Medium,18.0,8.0,4.0,63.0,61-90 days,19847.66,22790.41,651.15,35.0,Better Price Elsewhere,9116.164
CUST-034055,0,Enterprise,2.0,1.0,High,8.0,0.0,9.0,84.0,61-90 days,32255.75,34517.95,1232.78,28.0,Not Applicable,0.0
CUST-016850,0,Premium,23.0,5.0,Low,0.0,4.0,9.0,11.0,0-30 days,14010.29,12642.3,632.12,20.0,Not Applicable,0.0
CUST-025461,0,Consumer,20.0,3.0,Medium,5.0,3.0,4.0,67.0,61-90 days,3532.68,4386.74,109.67,40.0,Not Applicable,0.0
CUST-018287,0,Consumer,49.0,5.0,Medium,17.0,13.0,1.0,48.0,31-60 days,14902.71,16507.64,660.31,25.0,Not Applicable,0.0
CUST-046782,1,Premium,52.0,1.0,High,14.0,0.0,1.0,84.0,61-90 days,54338.28,45260.98,15086.99,3.0,Better Price Elsewhere,18104.392000000003
CUST-037851,1,Consumer,44.0,1.0,High,18.0,19.0,7.0,163.0,91-180 days,6285.14,5480.93,498.27,11.0,Too Expensive,2192.3720000000008
CUST-029518,1,Premium,37.0,1.0,Medium,18.0,14.0,1.0,34.0,31-60 days,40396.12,34736.95,1510.3,23.0,Shipping Issues,13894.78
CUST-006333,0,Consumer,25.0,5.0,Low,5.0,2.0,7.0,200.0,181-270 days,971.25,1205.8,241.16,5.0,Not Applicable,0.0
CUST-048717,0,Premium,45.0,3.0,High,3.0,2.0,9.0,25.0,0-30 days,19407.35,21833.5,474.64,46.0,Not Applicable,0.0
CUST-038816,1,Premium,37.0,3.0,Medium,15.0,14.0,2.0,21.0,0-30 days,6257.09,7491.2,749.12,10.0,Technical Issues,2996.48
CUST-008945,0,Small Business,48.0,5.0,Low,7.0,8.0,9.0,17.0,0-30 days,39461.22,33060.35,2066.27,16.0,Not Applicable,0.0
CUST-018616,0,Premium,28.0,3.0,Low,11.0,9.0,0.0,65.0,61-90 days,41900.2,36803.9,1600.17,23.0,Not Applicable,0.0
CUST-046534,1,Consumer,22.0,4.0,Low,19.0,11.0,4.0,185.0,181-270 days,18329.71,19733.27,704.76,28.0,Poor Customer Service,7893.308000000001
CUST-013192,0,Enterprise,13.0,5.0,High,6.0,5.0,0.0,167.0,91-180 days,34426.9,33012.67,673.73,49.0,Not Applicable,0.0
CUST-029793,0,Premium,43.0,3.0,Medium,8.0,7.0,5.0,260.0,181-270 days,40762.08,40165.29,1255.17,32.0,Not Applicable,0.0
CUST-038152,0,Consumer,13.0,3.0,Medium,14.0,15.0,0.0,314.0,271-365 days,12314.43,10639.38,425.58,25.0,Not Applicable,0.0
CUST-047164,0,Small Business,6.0,4.0,Medium,9.0,2.0,1.0,146.0,91-180 days,23741.17,18409.53,525.99,35.0,Not Applicable,0.0
CUST-013007,0,Small Business,27.0,3.0,Medium,10.0,2.0,6.0,56.0,31-60 days,41660.53,38654.04,4294.89,9.0,Not Applicable,0.0
CUST-031275,0,Consumer,4.0,4.0,High,3.0,4.0,1.0,36.0,31-60 days,6712.87,7784.11,338.44,23.0,Not Applicable,0.0
CUST-031556,1,Consumer,13.0,4.0,High,4.0,3.0,4.0,336.0,271-365 days,30218.38,29503.41,719.6,41.0,Poor Product Quality,11801.364
CUST-040829,0,Premium,4.0,3.0,Medium,2.0,5.0,1.0,86.0,61-90 days,8234.35,8073.07,212.45,38.0,Not Applicable,0.0
CUST-004800,1,Enterprise,38.0,1.0,Low,8.0,7.0,4.0,64.0,61-90 days,2391.78,2767.14,74.79,37.0,Too Expensive,1106.856
CUST-038014,1,Consumer,2.0,3.0,High,9.0,1.0,7.0,159.0,91-180 days,6566.57,6556.14,182.12,36.0,Too Expensive,2622.456
CUST-014330,1,Premium,8.0,1.0,Low,11.0,2.0,8.0,3.0,0-30 days,6454.13,6577.81,438.52,15.0,Technical Issues,2631.1240000000007
CUST-042475,0,Premium,6.0,1.0,Low,5.0,2.0,0.0,32.0,31-60 days,7185.91,6314.29,225.51,28.0,Not Applicable,0.0
CUST-006557,1,Consumer,52.0,2.0,Low,1.0,1.0,1.0,89.0,61-90 days,16137.14,17931.07,373.56,48.0,Too Expensive,7172.428000000001
CUST-042881,1,Consumer,45.0,2.0,High,14.0,13.0,1.0,71.0,61-90 days,44021.85,44106.33,1917.67,23.0,Too Expensive,17642.532000000007
CUST-014747,1,Premium,47.0,1.0,Medium,9.0,5.0,8.0,17.0,0-30 days,14947.54,11578.73,723.67,16.0,Shipping Issues,4631.492
CUST-030749,1,Enterprise,11.0,5.0,Low,16.0,2.0,0.0,85.0,61-90 days,32626.57,28724.53,755.91,38.0,Payment Problems,11489.812
CUST-012109,1,Consumer,28.0,1.0,High,18.0,15.0,5.0,87.0,61-90 days,20792.37,16530.46,718.72,23.0,Poor Customer Service,6612.184
CUST-044528,0,Small Business,52.0,4.0,Medium,17.0,14.0,5.0,35.0,31-60 days,26992.4,31114.1,818.79,38.0,Not Applicable,0.0
CUST-015219,0,Consumer,14.0,4.0,High,14.0,1.0,6.0,249.0,181-270 days,32318.02,30635.39,729.41,42.0,Not Applicable,0.0
CUST-018933,0,Premium,10.0,5.0,High,17.0,7.0,8.0,17.0,0-30 days,3663.66,4407.74,93.78,47.0,Not Applicable,0.0
CUST-024987,1,Consumer,47.0,2.0,Medium,18.0,0.0,0.0,52.0,31-60 days,15646.86,16622.75,923.49,18.0,No Longer Need Service,6649.1
CUST-024338,0,Consumer,11.0,4.0,Medium,6.0,4.0,3.0,21.0,0-30 days,14942.86,13040.9,567.0,23.0,Not Applicable,0.0
CUST-039292,0,Small Business,5.0,5.0,High,5.0,1.0,0.0,67.0,61-90 days,39115.6,31062.96,2588.58,12.0,Not Applicable,0.0
CUST-027164,0,Small Business,57.0,4.0,High,6.0,8.0,3.0,81.0,61-90 days,38556.75,44148.69,4905.41,9.0,Not Applicable,0.0
CUST-045476,0,Premium,57.0,5.0,Low,16.0,12.0,0.0,325.0,271-365 days,30089.67,31081.71,888.05,35.0,Not Applicable,0.0
CUST-027694,1,Small Business,44.0,1.0,Medium,0.0,0.0,8.0,65.0,61-90 days,12505.24,14413.29,14413.29,1.0,Poor Customer Service,5765.3160000000025
CUST-033333,0,Premium,29.0,5.0,Low,9.0,5.0,6.0,87.0,61-90 days,36631.85,34501.75,1326.99,26.0,Not Applicable,0.0
CUST-038610,1,Consumer,27.0,2.0,High,7.0,10.0,8.0,84.0,61-90 days,13019.58,14874.01,1144.15,13.0,Found Alternative,5949.604
CUST-002235,1,Consumer,5.0,3.0,Medium,15.0,5.0,0.0,146.0,91-180 days,36091.37,30901.26,671.77,46.0,Payment Problems,12360.504
CUST-012152,1,Small Business,15.0,1.0,Low,6.0,5.0,9.0,81.0,61-90 days,3700.03,3211.09,80.28,40.0,Poor Customer Service,1284.4360000000001
CUST-027812,1,Consumer,46.0,5.0,Low,14.0,1.0,9.0,48.0,31-60 days,11397.14,14051.11,1405.11,10.0,Shipping Issues,5620.444
CUST-030902,1,Consumer,15.0,5.0,Low,8.0,12.0,8.0,244.0,181-270 days,6676.68,7998.57,228.53,35.0,Found Alternative,3199.428
CUST-034281,1,Enterprise,41.0,1.0,Medium,3.0,6.0,3.0,207.0,181-270 days,4317.71,3912.66,108.69,36.0,Better Price Elsewhere,1565.064
CUST-046333,0,Enterprise,4.0,5.0,Medium,13.0,5.0,1.0,84.0,61-90 days,17679.89,17978.11,3595.62,5.0,Not Applicable,0.0
CUST-020951,0,Consumer,56.0,5.0,High,16.0,19.0,2.0,16.0,0-30 days,17818.06,18327.37,381.82,48.0,Not Applicable,0.0
CUST-004049,0,Small Business,11.0,3.0,Medium,4.0,6.0,5.0,32.0,31-60 days,5183.03,4438.62,246.59,18.0,Not Applicable,0.0
CUST-026324,1,Premium,28.0,5.0,Medium,1.0,2.0,9.0,157.0,91-180 days,2880.24,2216.75,2216.75,1.0,Poor Product Quality,886.7
CUST-019947,0,Enterprise,4.0,1.0,Medium,12.0,15.0,4.0,51.0,31-60 days,38190.5,36440.81,888.8,41.0,Not Applicable,0.0
CUST-034794,0,Premium,36.0,5.0,Medium,2.0,2.0,4.0,64.0,61-90 days,14524.28,16582.0,414.55,40.0,Not Applicable,0.0
CUST-006800,0,Small Business,12.0,4.0,High,15.0,13.0,9.0,340.0,271-365 days,28782.55,28609.14,1243.88,23.0,Not Applicable,0.0
CUST-019559,1,Small Business,53.0,5.0,High,6.0,5.0,1.0,85.0,61-90 days,5224.6,4844.63,692.09,7.0,Poor Product Quality,1937.852
CUST-034120,1,Consumer,28.0,2.0,Medium,11.0,6.0,8.0,301.0,271-365 days,43363.06,40338.4,1090.23,37.0,Poor Customer Service,16135.36
CUST-013811,1,Enterprise,17.0,4.0,Low,14.0,5.0,6.0,349.0,271-365 days,2878.99,2247.45,77.5,29.0,Poor Customer Service,898.98
CUST-021484,1,Premium,35.0,4.0,Low,11.0,6.0,8.0,7.0,0-30 days,19173.98,20526.89,570.19,36.0,Poor Customer Service,8210.756
CUST-049178,1,Enterprise,39.0,2.0,Low,12.0,13.0,2.0,43.0,31-60 days,36690.29,31171.7,1154.51,27.0,Better Price Elsewhere,12468.68
CUST-000650,0,Consumer,15.0,4.0,High,16.0,12.0,3.0,17.0,0-30 days,22951.3,19522.58,398.42,49.0,Not Applicable,0.0
CUST-011655,0,Premium,18.0,3.0,Low,13.0,8.0,7.0,152.0,91-180 days,14068.31,16615.29,553.84,30.0,Not Applicable,0.0
CUST-032982,0,Premium,22.0,3.0,High,13.0,4.0,0.0,30.0,0-30 days,54692.48,44382.55,1386.95,32.0,Not Applicable,0.0
CUST-014155,1,Small Business,31.0,1.0,Medium,11.0,0.0,5.0,289.0,271-365 days,15392.18,17135.39,778.88,22.0,No Longer Need Service,6854.156
CUST-040678,1,Small Business,12.0,5.0,High,16.0,7.0,8.0,46.0,31-60 days,12365.77,12024.14,601.21,20.0,Found Alternative,4809.656
CUST-019081,0,Consumer,42.0,3.0,Medium,18.0,14.0,0.0,66.0,61-90 days,27578.36,28667.93,4095.42,7.0,Not Applicable,0.0
CUST-046874,1,Small Business,52.0,2.0,High,11.0,11.0,6.0,52.0,31-60 days,2981.65,3156.87,150.33,21.0,Poor Customer Service,1262.748
CUST-007246,0,Consumer,36.0,2.0,Low,7.0,2.0,6.0,31.0,31-60 days,12439.12,15314.91,382.87,40.0,Not Applicable,0.0
CUST-000369,1,Small Business,15.0,1.0,Low,14.0,6.0,7.0,85.0,61-90 days,32590.42,25292.23,1580.76,16.0,Poor Customer Service,10116.892
CUST-036116,1,Enterprise,21.0,2.0,High,13.0,8.0,2.0,28.0,0-30 days,13048.42,13273.72,510.53,26.0,Poor Customer Service,5309.488
CUST-014061,0,Small Business,36.0,2.0,Medium,2.0,6.0,7.0,106.0,91-180 days,4983.28,4626.93,121.76,38.0,Not Applicable,0.0
CUST-033669,0,Premium,20.0,5.0,High,17.0,13.0,3.0,26.0,0-30 days,29629.82,33134.27,4733.47,7.0,Not Applicable,0.0
CUST-001596,0,Consumer,21.0,4.0,Medium,4.0,2.0,0.0,223.0,181-270 days,44710.26,38102.34,9525.58,4.0,Not Applicable,0.0
CUST-032382,0,Premium,39.0,2.0,Medium,9.0,13.0,6.0,12.0,0-30 days,37451.49,39578.29,7915.66,5.0,Not Applicable,0.0
CUST-016481,0,Enterprise,47.0,2.0,High,8.0,2.0,5.0,55.0,31-60 days,16318.25,18835.63,495.67,38.0,Not Applicable,0.0
CUST-037050,0,Small Business,56.0,4.0,Low,15.0,15.0,6.0,28.0,0-30 days,50270.34,41393.85,20696.92,2.0,Not Applicable,0.0
CUST-037522,1,Consumer,44.0,1.0,Low,11.0,7.0,3.0,6.0,0-30 days,26329.04,24442.36,611.06,40.0,Better Price Elsewhere,9776.944
CUST-044202,0,Consumer,23.0,5.0,High,12.0,10.0,2.0,164.0,91-180 days,61061.22,49344.4,3524.6,14.0,Not Applicable,0.0
CUST-020782,0,Consumer,44.0,5.0,Low,11.0,0.0,1.0,87.0,61-90 days,5945.2,5698.08,158.28,36.0,Not Applicable,0.0
CUST-033453,0,Consumer,34.0,5.0,High,16.0,9.0,3.0,24.0,0-30 days,1291.34,1546.8,35.15,44.0,Not Applicable,0.0
CUST-012247,1,Small Business,40.0,1.0,Medium,17.0,12.0,1.0,281.0,271-365 days,1139.94,1240.23,27.56,45.0,Payment Problems,496.092
CUST-039624,0,Consumer,35.0,1.0,High,2.0,4.0,3.0,60.0,31-60 days,19888.25,18766.42,1042.58,18.0,Not Applicable,0.0
CUST-024590,1,Small Business,47.0,2.0,Medium,7.0,9.0,8.0,78.0,61-90 days,18016.74,14747.2,359.69,41.0,Unhappy with Return Policy,5898.880000000001
CUST-030755,0,Premium,50.0,5.0,Low,5.0,1.0,8.0,211.0,181-270 days,39343.0,37932.67,3793.27,10.0,Not Applicable,0.0
CUST-020960,1,Consumer,58.0,2.0,Medium,15.0,16.0,3.0,39.0,31-60 days,34020.07,34720.92,6944.18,5.0,Shipping Issues,13888.368
CUST-048814,1,Consumer,12.0,1.0,Medium,19.0,21.0,0.0,81.0,61-90 days,41259.5,36138.16,2779.86,13.0,Poor Customer Service,14455.264000000005
CUST-002464,1,Premium,3.0,3.0,High,16.0,20.0,1.0,13.0,0-30 days,8100.49,8387.97,204.58,41.0,Poor Product Quality,3355.188
CUST-029726,1,Consumer,19.0,2.0,Low,14.0,9.0,5.0,34.0,31-60 days,11428.31,10872.2,0.0,0.0,Poor Customer Service,4348.88
CUST-034666,0,Consumer,52.0,2.0,Low,5.0,5.0,2.0,8.0,0-30 days,20991.1,21444.61,974.75,22.0,Not Applicable,0.0
CUST-027086,0,Consumer,27.0,4.0,Medium,6.0,10.0,9.0,20.0,0-30 days,48110.94,45108.63,9021.73,5.0,Not Applicable,0.0
CUST-004092,1,Consumer,5.0,5.0,Low,17.0,16.0,4.0,65.0,61-90 days,29107.28,25949.46,1081.23,24.0,No Longer Need Service,10379.784
CUST-042218,0,Consumer,45.0,3.0,High,6.0,5.0,4.0,50.0,31-60 days,16119.97,14594.05,634.52,23.0,Not Applicable,0.0
CUST-013161,1,Consumer,6.0,4.0,Low,16.0,14.0,5.0,1.0,0-30 days,10284.04,9114.36,246.33,37.0,Poor Customer Service,3645.744000000001
CUST-005930,1,Consumer,42.0,1.0,Low,2.0,3.0,2.0,20.0,0-30 days,44417.51,40358.73,1921.84,21.0,Account Issues,16143.492000000002
CUST-041504,1,Premium,33.0,4.0,Medium,19.0,15.0,2.0,229.0,181-270 days,43060.09,42115.79,3008.27,14.0,Found Alternative,16846.316000000006
CUST-044394,1,Consumer,17.0,3.0,Low,6.0,3.0,2.0,14.0,0-30 days,44027.63,35510.22,1690.96,21.0,Too Expensive,14204.088000000002
CUST-029952,0,Consumer,10.0,5.0,High,1.0,4.0,3.0,11.0,0-30 days,4781.41,3721.27,338.3,11.0,Not Applicable,0.0
CUST-041579,0,Premium,57.0,3.0,High,8.0,0.0,0.0,59.0,31-60 days,4593.57,4274.66,99.41,43.0,Not Applicable,0.0
CUST-008990,0,Consumer,55.0,4.0,Medium,10.0,7.0,8.0,42.0,31-60 days,7237.71,7530.59,0.0,0.0,Not Applicable,0.0
CUST-036831,0,Consumer,1.0,4.0,Medium,2.0,0.0,4.0,186.0,181-270 days,10458.07,12157.1,450.26,27.0,Not Applicable,0.0
CUST-022633,1,Small Business,56.0,4.0,Low,11.0,10.0,0.0,50.0,31-60 days,51508.48,47016.98,2350.85,20.0,Found Alternative,18806.792
CUST-046433,0,Small Business,53.0,5.0,Medium,2.0,5.0,0.0,65.0,61-90 days,10686.03,11389.46,813.53,14.0,Not Applicable,0.0
CUST-041697,0,Enterprise,47.0,5.0,High,2.0,4.0,3.0,60.0,31-60 days,12325.36,12662.92,633.15,20.0,Not Applicable,0.0
CUST-024010,0,Premium,8.0,4.0,High,17.0,3.0,2.0,115.0,91-180 days,41078.51,36893.41,2170.2,17.0,Not Applicable,0.0
CUST-002270,1,Consumer,30.0,1.0,Low,11.0,10.0,2.0,62.0,61-90 days,23582.05,18727.65,520.21,36.0,Account Issues,7491.060000000001
CUST-006434,1,Consumer,43.0,2.0,High,19.0,12.0,8.0,335.0,271-365 days,4321.18,4658.41,1552.8,3.0,Unhappy with Return Policy,1863.364
CUST-010935,0,Consumer,6.0,1.0,Medium,11.0,10.0,5.0,58.0,31-60 days,37631.57,33754.01,1205.5,28.0,Not Applicable,0.0
CUST-025182,0,Consumer,17.0,3.0,Medium,9.0,12.0,2.0,64.0,61-90 days,22145.63,23899.9,645.94,37.0,Not Applicable,0.0
CUST-021379,0,Small Business,55.0,3.0,High,17.0,1.0,4.0,28.0,0-30 days,13186.38,12619.44,12619.44,1.0,Not Applicable,0.0
CUST-019669,0,Small Business,53.0,5.0,Low,9.0,11.0,6.0,21.0,0-30 days,7449.07,6061.2,275.51,22.0,Not Applicable,0.0
CUST-004910,1,Small Business,27.0,1.0,High,8.0,3.0,0.0,4.0,0-30 days,40225.7,41171.88,3430.99,12.0,Better Price Elsewhere,16468.752
CUST-000109,1,Consumer,53.0,4.0,Low,12.0,10.0,0.0,356.0,271-365 days,22326.92,24222.84,1730.2,14.0,Better Price Elsewhere,9689.136
CUST-031194,0,Consumer,46.0,1.0,Low,1.0,3.0,7.0,57.0,31-60 days,39054.82,34340.48,3434.05,10.0,Not Applicable,0.0
CUST-018594,0,Enterprise,30.0,1.0,Medium,10.0,9.0,6.0,29.0,0-30 days,45941.7,41936.54,931.92,45.0,Not Applicable,0.0
CUST-045226,1,Consumer,15.0,2.0,High,7.0,8.0,1.0,85.0,61-90 days,8691.87,6994.39,582.87,12.0,Unhappy with Return Policy,2797.756000000001
CUST-045419,1,Enterprise,21.0,1.0,Medium,16.0,10.0,3.0,72.0,61-90 days,26639.41,21948.86,627.11,35.0,Found Alternative,8779.544
CUST-008607,1,Consumer,41.0,3.0,Low,12.0,2.0,1.0,318.0,271-365 days,26717.95,27455.05,571.98,48.0,Poor Customer Service,10982.02
CUST-040758,0,Consumer,40.0,3.0,Medium,2.0,5.0,6.0,198.0,181-270 days,48774.88,49877.39,1159.94,43.0,Not Applicable,0.0
CUST-042806,0,Enterprise,16.0,5.0,Low,1.0,5.0,1.0,72.0,61-90 days,6586.1,5495.39,114.49,48.0,Not Applicable,0.0
CUST-001147,1,Small Business,14.0,1.0,Medium,19.0,10.0,6.0,83.0,61-90 days,8711.93,8892.87,468.05,19.0,Better Price Elsewhere,3557.148000000001
CUST-048687,1,Consumer,32.0,1.0,Low,4.0,7.0,0.0,2.0,0-30 days,30801.72,25823.86,549.44,47.0,Account Issues,10329.544000000002
CUST-008332,1,Consumer,29.0,1.0,Medium,17.0,3.0,4.0,21.0,0-30 days,57583.43,48138.35,1301.04,37.0,Poor Customer Service,19255.34
CUST-029717,1,Consumer,10.0,3.0,High,12.0,8.0,9.0,12.0,0-30 days,16445.87,13004.68,722.48,18.0,Low Product Variety,5201.872
CUST-042771,0,Consumer,48.0,2.0,Medium,1.0,3.0,9.0,67.0,61-90 days,23927.51,25034.9,695.41,36.0,Not Applicable,0.0
CUST-027411,1,Consumer,49.0,4.0,Medium,17.0,0.0,2.0,20.0,0-30 days,15896.0,17671.97,401.64,44.0,Payment Problems,7068.788000000001
CUST-023057,0,Premium,2.0,5.0,Low,19.0,16.0,7.0,50.0,31-60 days,14676.83,13813.98,13813.98,1.0,Not Applicable,0.0
CUST-011174,0,Consumer,31.0,5.0,Medium,7.0,5.0,0.0,306.0,271-365 days,29253.22,28949.76,804.16,36.0,Not Applicable,0.0
CUST-003896,1,Consumer,44.0,4.0,High,19.0,8.0,9.0,28.0,0-30 days,6307.63,5465.92,420.46,13.0,Poor Product Quality,2186.368
CUST-002298,1,Consumer,56.0,3.0,Low,0.0,0.0,6.0,22.0,0-30 days,15709.71,14818.48,302.42,49.0,Poor Customer Service,5927.392
CUST-027146,1,Consumer,34.0,5.0,High,12.0,5.0,8.0,68.0,61-90 days,36984.89,39359.21,2623.95,15.0,Payment Problems,15743.684
CUST-013565,0,Consumer,47.0,3.0,Medium,6.0,10.0,9.0,52.0,31-60 days,18099.08,17597.1,391.05,45.0,Not Applicable,0.0
CUST-021494,0,Enterprise,33.0,3.0,Medium,4.0,8.0,9.0,31.0,31-60 days,58216.65,45811.95,1347.41,34.0,Not Applicable,0.0
CUST-041860,1,Consumer,28.0,1.0,High,9.0,10.0,8.0,100.0,91-180 days,13370.65,13967.13,537.2,26.0,Found Alternative,5586.852
CUST-042919,1,Consumer,3.0,1.0,Medium,7.0,2.0,5.0,126.0,91-180 days,39246.66,36426.27,1349.12,27.0,Unhappy with Return Policy,14570.508
CUST-033488,0,Consumer,19.0,5.0,High,11.0,12.0,4.0,25.0,0-30 days,9327.29,11153.63,285.99,39.0,Not Applicable,0.0
CUST-040704,0,Small Business,38.0,4.0,High,1.0,2.0,6.0,344.0,271-365 days,31511.82,31868.5,1770.47,18.0,Not Applicable,0.0
CUST-019644,0,Small Business,13.0,1.0,Medium,12.0,4.0,9.0,53.0,31-60 days,14786.9,15107.5,15107.5,1.0,Not Applicable,0.0
CUST-036379,1,Consumer,47.0,3.0,Low,17.0,12.0,2.0,37.0,31-60 days,22007.62,17867.59,812.16,22.0,Account Issues,7147.036
CUST-034382,0,Premium,19.0,4.0,Medium,16.0,18.0,6.0,46.0,31-60 days,3289.76,3597.31,109.01,33.0,Not Applicable,0.0
CUST-012066,0,Enterprise,38.0,3.0,Low,0.0,4.0,1.0,5.0,0-30 days,45486.1,42115.37,2005.49,21.0,Not Applicable,0.0
CUST-004604,1,Enterprise,33.0,1.0,High,0.0,4.0,8.0,17.0,0-30 days,14009.03,16777.13,409.2,41.0,Poor Product Quality,6710.852000000001
CUST-022923,1,Enterprise,4.0,2.0,High,0.0,1.0,3.0,52.0,31-60 days,18525.64,15578.55,379.96,41.0,Poor Customer Service,6231.42
CUST-049325,1,Small Business,34.0,1.0,Low,5.0,8.0,2.0,191.0,181-270 days,35433.74,34404.3,3822.7,9.0,Poor Customer Service,13761.72
CUST-023871,1,Small Business,39.0,3.0,Medium,16.0,8.0,8.0,66.0,61-90 days,51567.89,40674.43,3128.8,13.0,Poor Customer Service,16269.772
CUST-004326,1,Consumer,53.0,2.0,High,15.0,4.0,8.0,7.0,0-30 days,1721.45,1347.24,30.62,44.0,Account Issues,538.8960000000002
CUST-049934,0,Enterprise,40.0,5.0,Low,7.0,7.0,2.0,25.0,0-30 days,15845.71,19011.84,1118.34,17.0,Not Applicable,0.0
CUST-038649,0,Enterprise,3.0,1.0,High,6.0,7.0,2.0,40.0,31-60 days,21367.23,26259.71,583.55,45.0,Not Applicable,0.0
CUST-003667,0,Premium,22.0,4.0,Low,10.0,5.0,0.0,225.0,181-270 days,29116.54,22830.57,1426.91,16.0,Not Applicable,0.0
CUST-004632,1,Small Business,19.0,5.0,Low,15.0,6.0,6.0,42.0,31-60 days,34921.98,29956.79,696.67,43.0,Better Price Elsewhere,11982.716
CUST-042546,0,Consumer,20.0,1.0,High,7.0,10.0,4.0,72.0,61-90 days,30283.36,25083.36,570.08,44.0,Not Applicable,0.0
CUST-040419,0,Consumer,15.0,4.0,High,16.0,13.0,0.0,58.0,31-60 days,27589.21,33866.6,2257.77,15.0,Not Applicable,0.0
CUST-034372,0,Consumer,52.0,5.0,High,17.0,20.0,1.0,275.0,271-365 days,52655.31,41032.63,13677.54,3.0,Not Applicable,0.0
CUST-038179,1,Consumer,42.0,1.0,High,14.0,9.0,7.0,11.0,0-30 days,3654.06,3001.86,93.81,32.0,Account Issues,1200.744
CUST-023092,1,Premium,31.0,5.0,Medium,11.0,0.0,7.0,191.0,181-270 days,21643.7,18016.66,783.33,23.0,No Longer Need Service,7206.6640000000025
CUST-014851,0,Enterprise,45.0,5.0,High,19.0,1.0,8.0,3.0,0-30 days,49940.57,40100.75,1743.51,23.0,Not Applicable,0.0
CUST-040696,1,Consumer,54.0,2.0,Medium,15.0,3.0,7.0,35.0,31-60 days,15120.99,12310.03,1367.78,9.0,Found Alternative,4924.0120000000015
CUST-028546,1,Consumer,9.0,5.0,Low,18.0,14.0,8.0,305.0,271-365 days,45817.48,42474.7,1287.11,33.0,Payment Problems,16989.88
CUST-005441,1,Consumer,24.0,3.0,Low,4.0,7.0,9.0,116.0,91-180 days,26222.55,25184.12,1144.73,22.0,Better Price Elsewhere,10073.648000000001
CUST-049938,0,Consumer,35.0,2.0,Medium,2.0,5.0,1.0,24.0,0-30 days,15250.97,17900.53,372.93,48.0,Not Applicable,0.0
CUST-028075,0,Consumer,50.0,4.0,Medium,10.0,1.0,5.0,45.0,31-60 days,30193.38,30785.1,1338.48,23.0,Not Applicable,0.0
CUST-049340,0,Premium,44.0,4.0,Medium,2.0,3.0,0.0,182.0,181-270 days,19648.05,21570.59,479.35,45.0,Not Applicable,0.0
CUST-041751,0,Enterprise,6.0,5.0,Medium,4.0,0.0,5.0,30.0,0-30 days,22626.08,22826.57,845.43,27.0,Not Applicable,0.0
CUST-003719,0,Consumer,19.0,1.0,High,5.0,5.0,0.0,51.0,31-60 days,8079.65,8375.49,186.12,45.0,Not Applicable,0.0
CUST-012376,0,Enterprise,2.0,4.0,Low,3.0,4.0,2.0,33.0,31-60 days,28769.87,35898.94,763.81,47.0,Not Applicable,0.0
CUST-045218,0,Consumer,55.0,5.0,Medium,6.0,7.0,9.0,40.0,31-60 days,28674.45,30045.77,1365.72,22.0,Not Applicable,0.0
CUST-015443,1,Enterprise,13.0,1.0,Low,8.0,0.0,9.0,20.0,0-30 days,22787.05,21746.44,494.24,44.0,Too Expensive,8698.576
CUST-039893,1,Consumer,39.0,4.0,Medium,18.0,20.0,9.0,257.0,181-270 days,14019.29,15221.62,400.57,38.0,No Longer Need Service,6088.648000000001
CUST-001300,1,Consumer,8.0,3.0,Low,14.0,15.0,6.0,47.0,31-60 days,40117.07,33684.23,1086.59,31.0,Unhappy with Return Policy,13473.692000000005
CUST-003405,0,Consumer,20.0,4.0,High,16.0,20.0,3.0,28.0,0-30 days,45405.2,41130.39,1082.38,38.0,Not Applicable,0.0
CUST-007462,0,Consumer,2.0,2.0,Medium,7.0,5.0,7.0,250.0,181-270 days,22551.77,19014.8,613.38,31.0,Not Applicable,0.0
CUST-024327,0,Premium,48.0,3.0,Medium,12.0,8.0,5.0,247.0,181-270 days,45911.93,42799.93,1783.33,24.0,Not Applicable,0.0
CUST-001286,1,Enterprise,14.0,1.0,Medium,19.0,7.0,7.0,70.0,61-90 days,28979.08,25021.25,625.53,40.0,Unhappy with Return Policy,10008.5
CUST-015645,1,Consumer,27.0,5.0,Medium,4.0,0.0,5.0,208.0,181-270 days,41827.19,41590.81,1188.31,35.0,No Longer Need Service,16636.324
CUST-046448,0,Consumer,3.0,5.0,High,7.0,8.0,5.0,72.0,61-90 days,25551.45,20767.22,669.91,31.0,Not Applicable,0.0
CUST-018311,1,Consumer,34.0,4.0,High,15.0,18.0,2.0,64.0,61-90 days,36929.68,38188.32,1060.79,36.0,Poor Customer Service,15275.328000000001
CUST-000694,0,Consumer,1.0,5.0,Medium,6.0,10.0,9.0,213.0,181-270 days,32998.4,34005.04,1700.25,20.0,Not Applicable,0.0
CUST-001247,0,Enterprise,49.0,3.0,Medium,1.0,3.0,0.0,45.0,31-60 days,3510.74,3677.69,96.78,38.0,Not Applicable,0.0
CUST-033007,0,Small Business,3.0,3.0,Low,0.0,3.0,7.0,53.0,31-60 days,14535.43,12421.16,690.06,18.0,Not Applicable,0.0
CUST-042931,0,Consumer,57.0,4.0,High,6.0,9.0,5.0,129.0,91-180 days,13815.44,13252.45,1656.56,8.0,Not Applicable,0.0
CUST-015103,0,Consumer,4.0,5.0,Medium,4.0,3.0,3.0,29.0,0-30 days,16174.59,13906.04,331.1,42.0,Not Applicable,0.0
CUST-043974,0,Small Business,7.0,5.0,Medium,0.0,4.0,5.0,132.0,91-180 days,34359.55,31801.31,31801.31,1.0,Not Applicable,0.0
CUST-035898,0,Consumer,16.0,1.0,High,13.0,16.0,4.0,3.0,0-30 days,22614.06,27659.59,1202.59,23.0,Not Applicable,0.0
CUST-042817,1,Premium,52.0,1.0,Low,7.0,2.0,1.0,15.0,0-30 days,43288.01,45554.41,3253.89,14.0,Poor Customer Service,18221.764000000006
CUST-037412,0,Small Business,50.0,5.0,High,1.0,4.0,4.0,84.0,61-90 days,47629.99,46742.14,3338.72,14.0,Not Applicable,0.0
CUST-003450,0,Enterprise,42.0,5.0,Medium,6.0,6.0,1.0,1.0,0-30 days,3321.3,3090.13,515.02,6.0,Not Applicable,0.0
CUST-014881,0,Premium,2.0,4.0,Medium,18.0,12.0,4.0,79.0,61-90 days,50841.74,41298.72,1376.62,30.0,Not Applicable,0.0
CUST-048745,0,Premium,53.0,3.0,Low,18.0,1.0,5.0,11.0,0-30 days,51135.57,43695.48,2184.77,20.0,Not Applicable,0.0
CUST-043062,1,Premium,1.0,1.0,Low,11.0,14.0,7.0,34.0,31-60 days,54610.35,49089.64,2454.48,20.0,Better Price Elsewhere,19635.856
CUST-005567,0,Premium,15.0,3.0,Medium,2.0,0.0,2.0,6.0,0-30 days,11157.97,11766.25,379.56,31.0,Not Applicable,0.0
CUST-045747,0,Consumer,2.0,5.0,Medium,3.0,2.0,0.0,195.0,181-270 days,4441.59,5317.84,241.72,22.0,Not Applicable,0.0
CUST-028795,0,Consumer,9.0,4.0,High,2.0,1.0,0.0,71.0,61-90 days,15025.28,18619.75,642.06,29.0,Not Applicable,0.0
CUST-035940,1,Consumer,47.0,3.0,High,17.0,12.0,7.0,293.0,271-365 days,14252.33,14019.65,3504.91,4.0,Poor Product Quality,5607.860000000002
CUST-002538,1,Small Business,10.0,2.0,Low,10.0,10.0,7.0,167.0,91-180 days,6402.38,6567.89,199.03,33.0,Poor Customer Service,2627.1560000000004
CUST-022946,0,Premium,22.0,3.0,Low,5.0,0.0,4.0,2.0,0-30 days,38656.07,37983.72,808.16,47.0,Not Applicable,0.0
CUST-016093,1,Consumer,29.0,3.0,Low,15.0,18.0,0.0,81.0,61-90 days,15622.16,12296.41,323.59,38.0,Found Alternative,4918.564
CUST-001662,1,Consumer,17.0,1.0,Low,6.0,5.0,7.0,217.0,181-270 days,52704.08,46997.72,11749.43,4.0,Payment Problems,18799.088
CUST-032573,1,Consumer,40.0,2.0,Medium,18.0,4.0,3.0,81.0,61-90 days,41603.07,48975.7,1288.83,38.0,Better Price Elsewhere,19590.28
CUST-042279,0,Enterprise,47.0,3.0,Medium,2.0,6.0,7.0,13.0,0-30 days,40688.02,46861.51,15620.5,3.0,Not Applicable,0.0
CUST-035820,0,Consumer,5.0,3.0,High,3.0,6.0,4.0,32.0,31-60 days,1925.29,1636.78,34.1,48.0,Not Applicable,0.0
CUST-022911,0,Small Business,54.0,5.0,Low,7.0,10.0,3.0,281.0,271-365 days,43899.64,38417.38,784.03,49.0,Not Applicable,0.0
CUST-017463,0,Consumer,49.0,4.0,High,6.0,0.0,2.0,192.0,181-270 days,7112.62,8832.63,187.93,47.0,Not Applicable,0.0
CUST-041345,0,Enterprise,52.0,1.0,Medium,8.0,5.0,7.0,53.0,31-60 days,30555.12,30497.64,1270.73,24.0,Not Applicable,0.0
CUST-048245,0,Premium,44.0,5.0,Medium,4.0,3.0,9.0,9.0,0-30 days,52992.17,43483.69,2174.18,20.0,Not Applicable,0.0
CUST-011852,1,Premium,7.0,2.0,Medium,6.0,8.0,2.0,23.0,0-30 days,1004.05,965.92,31.16,31.0,Poor Customer Service,386.36800000000005
CUST-032888,1,Consumer,7.0,1.0,Low,14.0,11.0,3.0,148.0,91-180 days,23463.85,28845.88,627.08,46.0,Found Alternative,11538.352
CUST-036744,0,Consumer,57.0,1.0,High,18.0,0.0,1.0,32.0,31-60 days,44386.55,41004.47,1281.39,32.0,Not Applicable,0.0
CUST-010233,0,Consumer,31.0,4.0,High,9.0,3.0,9.0,317.0,271-365 days,32939.0,32195.61,4599.37,7.0,Not Applicable,0.0
CUST-014342,0,Premium,37.0,4.0,Medium,8.0,5.0,8.0,49.0,31-60 days,58407.54,46822.17,2601.23,18.0,Not Applicable,0.0
CUST-010332,0,Consumer,59.0,5.0,Medium,3.0,3.0,4.0,182.0,181-270 days,50730.34,43067.95,3915.27,11.0,Not Applicable,0.0
CUST-046462,0,Premium,30.0,4.0,Medium,3.0,0.0,7.0,41.0,31-60 days,22238.16,26371.19,1758.08,15.0,Not Applicable,0.0
CUST-031020,0,Premium,12.0,2.0,Medium,6.0,6.0,8.0,66.0,61-90 days,28969.89,23353.89,569.61,41.0,Not Applicable,0.0
CUST-010197,1,Premium,54.0,1.0,High,18.0,18.0,7.0,51.0,31-60 days,1537.07,1599.56,0.0,0.0,Found Alternative,639.8240000000002
CUST-003945,0,Consumer,7.0,5.0,High,0.0,1.0,8.0,86.0,61-90 days,26904.95,22080.71,712.28,31.0,Not Applicable,0.0
CUST-006771,0,Premium,24.0,2.0,High,14.0,10.0,1.0,76.0,61-90 days,25679.2,31419.38,1309.14,24.0,Not Applicable,0.0
CUST-025719,0,Consumer,18.0,3.0,Low,9.0,8.0,9.0,166.0,91-180 days,36280.51,28837.95,994.41,29.0,Not Applicable,0.0
CUST-047594,0,Premium,43.0,1.0,Medium,10.0,9.0,4.0,80.0,61-90 days,4924.44,4909.77,213.47,23.0,Not Applicable,0.0
CUST-022052,1,Consumer,6.0,3.0,Medium,5.0,4.0,6.0,63.0,61-90 days,36449.96,38983.11,2598.87,15.0,Account Issues,15593.244
CUST-037216,1,Consumer,54.0,2.0,Low,18.0,22.0,6.0,41.0,31-60 days,14344.6,13192.57,573.59,23.0,Technical Issues,5277.028
CUST-038767,1,Enterprise,49.0,5.0,Low,19.0,9.0,3.0,199.0,181-270 days,55006.01,44472.09,1235.34,36.0,Poor Customer Service,17788.836
CUST-037045,1,Consumer,37.0,2.0,Medium,13.0,5.0,4.0,39.0,31-60 days,36321.09,44366.32,3412.79,13.0,Technical Issues,17746.528000000002
CUST-020390,0,Enterprise,53.0,5.0,High,8.0,11.0,7.0,64.0,61-90 days,30870.92,28349.44,659.29,43.0,Not Applicable,0.0
CUST-044906,1,Small Business,26.0,3.0,Low,15.0,1.0,3.0,163.0,91-180 days,13996.04,15593.79,487.31,32.0,Payment Problems,6237.516000000001
CUST-008880,1,Small Business,3.0,3.0,Low,5.0,1.0,1.0,81.0,61-90 days,51161.04,43890.62,2194.53,20.0,Found Alternative,17556.248000000003
CUST-036773,0,Premium,6.0,4.0,High,8.0,11.0,7.0,330.0,271-365 days,49641.53,44427.87,1169.15,38.0,Not Applicable,0.0
CUST-035873,1,Small Business,50.0,2.0,Medium,17.0,17.0,0.0,7.0,0-30 days,39262.58,39957.62,908.13,44.0,Payment Problems,15983.048000000004
CUST-002808,0,Consumer,4.0,4.0,High,12.0,8.0,0.0,222.0,181-270 days,10976.45,13427.64,1491.96,9.0,Not Applicable,0.0
CUST-025304,0,Small Business,18.0,5.0,Medium,17.0,16.0,2.0,33.0,31-60 days,39267.63,31856.87,995.53,32.0,Not Applicable,0.0
CUST-018907,0,Premium,56.0,1.0,High,17.0,21.0,8.0,95.0,91-180 days,10949.73,13128.87,273.52,48.0,Not Applicable,0.0
CUST-038122,0,Consumer,42.0,4.0,High,18.0,20.0,3.0,65.0,61-90 days,19794.39,19794.33,1799.48,11.0,Not Applicable,0.0
CUST-024099,0,Premium,47.0,1.0,High,10.0,13.0,0.0,301.0,271-365 days,9666.93,11609.67,2321.93,5.0,Not Applicable,0.0
CUST-012837,0,Small Business,8.0,3.0,High,6.0,3.0,4.0,5.0,0-30 days,23471.94,18426.17,1417.4,13.0,Not Applicable,0.0
CUST-004090,0,Consumer,21.0,3.0,Low,16.0,1.0,9.0,18.0,0-30 days,4342.26,4967.67,236.56,21.0,Not Applicable,0.0
CUST-042259,0,Consumer,10.0,5.0,Medium,3.0,0.0,0.0,23.0,0-30 days,48129.26,44089.68,0.0,0.0,Not Applicable,0.0
CUST-001742,0,Premium,23.0,3.0,Low,18.0,14.0,7.0,208.0,181-270 days,24369.09,19117.69,406.76,47.0,Not Applicable,0.0
CUST-030205,1,Premium,25.0,1.0,Low,1.0,0.0,6.0,56.0,31-60 days,34053.42,30338.68,1264.11,24.0,Poor Customer Service,12135.472000000002
CUST-016037,1,Consumer,59.0,1.0,Low,9.0,3.0,9.0,70.0,61-90 days,8402.22,9359.41,239.98,39.0,Poor Customer Service,3743.764
CUST-019306,1,Enterprise,16.0,2.0,Medium,13.0,11.0,6.0,2.0,0-30 days,46982.85,39200.65,1704.38,23.0,Unhappy with Return Policy,15680.260000000002
CUST-018517,1,Small Business,4.0,2.0,Low,0.0,4.0,7.0,187.0,181-270 days,28640.45,35692.28,35692.28,1.0,Technical Issues,14276.912
CUST-029826,0,Consumer,3.0,3.0,Medium,16.0,16.0,4.0,219.0,181-270 days,23774.61,26234.91,1380.78,19.0,Not Applicable,0.0
CUST-048207,0,Premium,5.0,3.0,High,11.0,8.0,5.0,58.0,31-60 days,42724.86,47545.7,2502.41,19.0,Not Applicable,0.0
CUST-041754,1,Premium,12.0,2.0,High,9.0,6.0,0.0,65.0,61-90 days,42625.23,44262.21,1383.19,32.0,Too Expensive,17704.884000000002
CUST-023917,1,Premium,8.0,4.0,Medium,18.0,15.0,1.0,34.0,31-60 days,50435.24,49720.56,1212.7,41.0,No Longer Need Service,19888.224
CUST-038611,1,Consumer,1.0,4.0,Low,16.0,12.0,3.0,252.0,181-270 days,2526.06,2928.44,225.26,13.0,No Longer Need Service,1171.376
CUST-005080,0,Consumer,21.0,3.0,Medium,5.0,7.0,8.0,6.0,0-30 days,43509.08,47499.99,2638.89,18.0,Not Applicable,0.0
CUST-030202,0,Consumer,48.0,2.0,Medium,2.0,6.0,8.0,27.0,0-30 days,53066.19,47442.65,47442.65,1.0,Not Applicable,0.0
CUST-013987,1,Consumer,43.0,4.0,Low,11.0,12.0,8.0,29.0,0-30 days,40388.97,44800.32,1317.66,34.0,Better Price Elsewhere,17920.128
CUST-024788,1,Enterprise,12.0,2.0,High,13.0,9.0,8.0,17.0,0-30 days,52821.2,42116.08,14038.69,3.0,Poor Customer Service,16846.432
CUST-044441,1,Premium,50.0,3.0,Low,6.0,10.0,4.0,87.0,61-90 days,30682.45,27647.68,628.36,44.0,Too Expensive,11059.072
CUST-042668,0,Premium,19.0,1.0,High,7.0,6.0,1.0,249.0,181-270 days,15969.83,14609.53,2434.92,6.0,Not Applicable,0.0
CUST-029578,0,Consumer,14.0,2.0,High,2.0,6.0,0.0,40.0,31-60 days,49655.14,44843.03,1281.23,35.0,Not Applicable,0.0
CUST-031294,0,Consumer,2.0,1.0,Medium,15.0,16.0,4.0,46.0,31-60 days,31657.83,27267.29,1363.36,20.0,Not Applicable,0.0
CUST-009906,0,Consumer,17.0,4.0,Medium,14.0,12.0,3.0,61.0,61-90 days,12398.39,10645.49,760.39,14.0,Not Applicable,0.0
CUST-017906,0,Small Business,36.0,3.0,High,8.0,8.0,7.0,54.0,31-60 days,24272.26,22147.61,481.47,46.0,Not Applicable,0.0
CUST-027021,1,Small Business,44.0,3.0,Low,17.0,7.0,1.0,82.0,61-90 days,10634.83,8735.89,178.28,49.0,Better Price Elsewhere,3494.3559999999998
CUST-022328,1,Consumer,12.0,2.0,Medium,6.0,1.0,4.0,78.0,61-90 days,7099.45,6278.91,330.47,19.0,Account Issues,2511.5640000000008
CUST-044418,1,Small Business,13.0,1.0,Low,16.0,14.0,6.0,348.0,271-365 days,37787.69,33161.56,1579.12,21.0,Technical Issues,13264.624
CUST-044537,1,Enterprise,31.0,3.0,Medium,5.0,0.0,2.0,71.0,61-90 days,59.16,53.82,6.73,8.0,Found Alternative,21.528000000000002
CUST-020498,0,Small Business,13.0,3.0,High,1.0,2.0,2.0,47.0,31-60 days,5730.98,4475.84,319.7,14.0,Not Applicable,0.0
CUST-011089,0,Consumer,24.0,4.0,Medium,10.0,4.0,5.0,89.0,61-90 days,17456.52,19162.92,425.84,45.0,Not Applicable,0.0
CUST-002756,0,Enterprise,51.0,5.0,High,19.0,17.0,5.0,19.0,0-30 days,31134.93,31907.13,862.35,37.0,Not Applicable,0.0
CUST-000173,0,Consumer,1.0,4.0,Medium,17.0,4.0,2.0,48.0,31-60 days,19354.75,14991.35,4997.12,3.0,Not Applicable,0.0
CUST-048870,1,Consumer,10.0,1.0,Low,8.0,7.0,5.0,358.0,271-365 days,20279.77,22680.15,687.28,33.0,Payment Problems,9072.06
CUST-022445,1,Small Business,59.0,4.0,Low,18.0,18.0,8.0,84.0,61-90 days,33728.89,38006.42,883.87,43.0,Low Product Variety,15202.568
CUST-036322,0,Premium,21.0,4.0,High,12.0,3.0,1.0,10.0,0-30 days,50679.45,49545.39,8257.57,6.0,Not Applicable,0.0
CUST-032306,1,Small Business,51.0,1.0,Medium,1.0,5.0,6.0,15.0,0-30 days,18324.59,16865.9,733.3,23.0,No Longer Need Service,6746.360000000002
CUST-016010,0,Premium,6.0,3.0,Medium,15.0,13.0,9.0,70.0,61-90 days,39978.83,42836.91,7139.49,6.0,Not Applicable,0.0
CUST-040262,0,Small Business,23.0,4.0,Low,0.0,0.0,9.0,47.0,31-60 days,25801.74,25723.54,887.02,29.0,Not Applicable,0.0
CUST-029905,0,Consumer,50.0,2.0,High,10.0,7.0,6.0,84.0,61-90 days,51788.39,48254.86,8042.48,6.0,Not Applicable,0.0
CUST-031718,0,Premium,51.0,4.0,High,16.0,4.0,4.0,78.0,61-90 days,1795.18,1818.32,55.1,33.0,Not Applicable,0.0
CUST-007575,0,Consumer,46.0,2.0,Medium,10.0,7.0,6.0,178.0,91-180 days,24783.37,19369.93,4842.48,4.0,Not Applicable,0.0
CUST-003043,1,Premium,36.0,1.0,Low,12.0,14.0,6.0,61.0,61-90 days,41374.44,33701.7,1685.08,20.0,Shipping Issues,13480.68
CUST-023905,0,Enterprise,59.0,4.0,Medium,3.0,7.0,7.0,75.0,61-90 days,28668.53,22898.86,572.47,40.0,Not Applicable,0.0
CUST-026987,1,Premium,16.0,2.0,High,11.0,5.0,3.0,80.0,61-90 days,54629.93,42089.85,915.0,46.0,Found Alternative,16835.94
CUST-023873,0,Premium,33.0,3.0,Medium,0.0,1.0,0.0,20.0,0-30 days,10438.17,11603.25,0.0,0.0,Not Applicable,0.0
CUST-030617,0,Small Business,52.0,1.0,High,13.0,4.0,6.0,12.0,0-30 days,20235.34,16244.26,773.54,21.0,Not Applicable,0.0
CUST-041527,0,Premium,26.0,5.0,High,18.0,18.0,1.0,228.0,181-270 days,30432.89,33770.43,5628.4,6.0,Not Applicable,0.0
CUST-022883,0,Premium,8.0,3.0,Medium,13.0,1.0,2.0,87.0,61-90 days,33730.07,27383.87,1140.99,24.0,Not Applicable,0.0
CUST-049017,0,Small Business,22.0,1.0,Low,16.0,0.0,4.0,53.0,31-60 days,9949.62,11112.57,241.58,46.0,Not Applicable,0.0
CUST-038103,1,Consumer,38.0,1.0,High,17.0,1.0,8.0,50.0,31-60 days,17362.79,14788.63,343.92,43.0,Account Issues,5915.451999999998
CUST-044263,1,Premium,1.0,2.0,Low,13.0,14.0,2.0,22.0,0-30 days,27205.95,22701.63,732.31,31.0,Too Expensive,9080.652
CUST-027488,0,Consumer,24.0,5.0,High,6.0,1.0,1.0,80.0,61-90 days,2994.96,2355.69,57.46,41.0,Not Applicable,0.0
CUST-038079,1,Premium,5.0,1.0,High,4.0,4.0,0.0,89.0,61-90 days,22272.76,23431.63,571.5,41.0,Poor Product Quality,9372.652
CUST-007129,1,Consumer,45.0,2.0,Medium,11.0,6.0,0.0,47.0,31-60 days,51261.87,42812.14,1946.01,22.0,Too Expensive,17124.856
CUST-002834,0,Small Business,45.0,3.0,High,15.0,18.0,6.0,47.0,31-60 days,32947.29,28647.18,895.22,32.0,Not Applicable,0.0
CUST-007700,0,Consumer,28.0,2.0,High,15.0,11.0,6.0,26.0,0-30 days,5053.28,5622.9,330.76,17.0,Not Applicable,0.0
CUST-041643,1,Premium,9.0,1.0,Medium,17.0,0.0,9.0,294.0,271-365 days,48930.12,45565.94,1380.79,33.0,Better Price Elsewhere,18226.376
CUST-030474,0,Premium,25.0,2.0,Low,8.0,9.0,9.0,14.0,0-30 days,3534.49,3040.19,66.09,46.0,Not Applicable,0.0
CUST-004433,0,Small Business,59.0,4.0,High,5.0,6.0,6.0,250.0,181-270 days,24403.79,22857.76,653.08,35.0,Not Applicable,0.0
CUST-021243,0,Premium,44.0,2.0,High,5.0,1.0,9.0,118.0,91-180 days,19472.97,20949.19,537.16,39.0,Not Applicable,0.0
CUST-019591,0,Premium,13.0,3.0,High,12.0,9.0,1.0,44.0,31-60 days,35774.13,35738.28,1624.47,22.0,Not Applicable,0.0
CUST-010214,0,Consumer,19.0,1.0,Low,7.0,10.0,0.0,11.0,0-30 days,33342.53,37459.79,1070.28,35.0,Not Applicable,0.0
CUST-018929,0,Premium,36.0,2.0,Medium,18.0,16.0,6.0,114.0,91-180 days,45194.12,36046.35,2574.74,14.0,Not Applicable,0.0
CUST-038777,0,Consumer,3.0,3.0,Medium,10.0,9.0,3.0,328.0,271-365 days,26726.32,29790.11,1103.34,27.0,Not Applicable,0.0
CUST-030347,0,Small Business,55.0,3.0,Medium,16.0,7.0,9.0,88.0,61-90 days,10639.04,9998.39,384.55,26.0,Not Applicable,0.0
CUST-033157,0,Consumer,48.0,5.0,High,14.0,10.0,4.0,10.0,0-30 days,29746.47,24803.63,3100.45,8.0,Not Applicable,0.0
CUST-048804,1,Small Business,5.0,1.0,High,17.0,16.0,7.0,9.0,0-30 days,17113.6,17342.37,2477.48,7.0,Payment Problems,6936.948
CUST-029969,0,Consumer,36.0,4.0,Medium,12.0,6.0,0.0,46.0,31-60 days,9480.81,10117.93,281.05,36.0,Not Applicable,0.0
CUST-046406,0,Enterprise,10.0,4.0,Low,6.0,2.0,4.0,22.0,0-30 days,23604.0,18544.0,421.45,44.0,Not Applicable,0.0
CUST-036493,0,Premium,2.0,4.0,Medium,0.0,1.0,7.0,144.0,91-180 days,52873.87,41743.22,2782.88,15.0,Not Applicable,0.0
CUST-019736,0,Consumer,11.0,4.0,High,11.0,0.0,6.0,26.0,0-30 days,41723.74,35023.47,35023.47,1.0,Not Applicable,0.0
CUST-023195,0,Premium,44.0,5.0,Medium,15.0,7.0,7.0,362.0,271-365 days,6777.08,6241.45,297.21,21.0,Not Applicable,0.0
CUST-015410,1,Consumer,52.0,3.0,High,15.0,10.0,2.0,334.0,271-365 days,32391.16,28761.14,1250.48,23.0,Payment Problems,11504.456
CUST-005775,0,Consumer,18.0,3.0,Medium,9.0,0.0,0.0,51.0,31-60 days,51676.28,41943.44,1613.21,26.0,Not Applicable,0.0
CUST-015106,1,Premium,44.0,1.0,Low,1.0,0.0,0.0,265.0,181-270 days,31642.44,37021.43,822.7,45.0,Shipping Issues,14808.572
CUST-030248,1,Enterprise,57.0,3.0,Medium,17.0,1.0,8.0,13.0,0-30 days,13351.08,15051.27,307.17,49.0,Poor Customer Service,6020.5080000000025
CUST-017121,1,Premium,49.0,5.0,Low,0.0,4.0,1.0,46.0,31-60 days,16673.56,19743.76,448.72,44.0,No Longer Need Service,7897.504
CUST-007938,0,Consumer,37.0,2.0,Medium,12.0,5.0,5.0,81.0,61-90 days,13242.36,14690.25,1632.25,9.0,Not Applicable,0.0
CUST-025102,0,Premium,6.0,2.0,Low,6.0,3.0,4.0,108.0,91-180 days,37869.97,38338.04,871.32,44.0,Not Applicable,0.0
CUST-028648,0,Consumer,44.0,1.0,Medium,6.0,6.0,1.0,43.0,31-60 days,10549.81,12012.69,546.03,22.0,Not Applicable,0.0
CUST-011916,0,Premium,48.0,3.0,High,4.0,7.0,1.0,11.0,0-30 days,46141.93,36702.91,4078.1,9.0,Not Applicable,0.0
CUST-038093,0,Consumer,34.0,2.0,Medium,3.0,2.0,3.0,43.0,31-60 days,3867.32,3864.38,3864.38,1.0,Not Applicable,0.0
CUST-037659,0,Consumer,49.0,2.0,High,10.0,4.0,5.0,15.0,0-30 days,5871.76,6638.26,214.14,31.0,Not Applicable,0.0
CUST-009301,0,Consumer,21.0,4.0,Medium,8.0,7.0,6.0,352.0,271-365 days,11910.25,10789.94,634.7,17.0,Not Applicable,0.0
CUST-024225,1,Consumer,29.0,1.0,Medium,12.0,8.0,9.0,38.0,31-60 days,52483.13,40822.94,1943.95,21.0,Payment Problems,16329.176000000001
CUST-014053,1,Consumer,59.0,5.0,Low,11.0,14.0,2.0,203.0,181-270 days,21117.38,23999.11,1333.28,18.0,Found Alternative,9599.644
CUST-031469,0,Consumer,52.0,5.0,Medium,18.0,4.0,6.0,31.0,31-60 days,18408.06,21714.94,472.06,46.0,Not Applicable,0.0
CUST-044508,1,Premium,53.0,1.0,Low,12.0,10.0,7.0,30.0,0-30 days,19117.32,20775.22,741.97,28.0,Poor Customer Service,8310.088000000002
CUST-018164,1,Small Business,14.0,1.0,Medium,0.0,0.0,7.0,49.0,31-60 days,18984.53,20665.97,3444.33,6.0,Poor Customer Service,8266.388
CUST-037794,0,Small Business,28.0,4.0,Medium,6.0,7.0,8.0,311.0,271-365 days,10557.21,11512.51,426.39,27.0,Not Applicable,0.0
CUST-009487,0,Consumer,46.0,2.0,High,9.0,13.0,7.0,321.0,271-365 days,37881.07,40011.54,889.15,45.0,Not Applicable,0.0
CUST-035619,0,Small Business,43.0,2.0,Medium,2.0,6.0,5.0,261.0,181-270 days,38905.94,47065.72,4706.57,10.0,Not Applicable,0.0
CUST-002498,0,Consumer,41.0,2.0,High,7.0,6.0,0.0,30.0,0-30 days,10644.86,8826.6,735.55,12.0,Not Applicable,0.0
CUST-006100,1,Small Business,30.0,5.0,Low,4.0,8.0,0.0,210.0,181-270 days,53053.82,49362.95,1265.72,39.0,No Longer Need Service,19745.18
CUST-038260,0,Consumer,25.0,4.0,Medium,16.0,11.0,4.0,18.0,0-30 days,4729.94,3748.86,110.26,34.0,Not Applicable,0.0
CUST-007352,0,Consumer,56.0,2.0,Medium,6.0,4.0,4.0,256.0,181-270 days,37517.37,32403.07,1705.42,19.0,Not Applicable,0.0
CUST-012861,0,Premium,9.0,5.0,Medium,1.0,3.0,0.0,4.0,0-30 days,11149.31,9459.25,193.05,49.0,Not Applicable,0.0
CUST-034142,1,Consumer,57.0,2.0,Medium,11.0,13.0,5.0,52.0,31-60 days,32809.48,26240.4,690.54,38.0,Better Price Elsewhere,10496.160000000002
CUST-022316,1,Consumer,36.0,5.0,Medium,9.0,9.0,9.0,82.0,61-90 days,50655.98,40189.27,3091.48,13.0,Poor Product Quality,16075.708
CUST-014994,0,Consumer,52.0,5.0,Medium,2.0,4.0,4.0,71.0,61-90 days,50786.95,43509.76,945.86,46.0,Not Applicable,0.0
CUST-003653,0,Consumer,27.0,5.0,Low,8.0,10.0,1.0,16.0,0-30 days,34616.07,27594.12,2508.56,11.0,Not Applicable,0.0
CUST-022557,0,Premium,31.0,1.0,Medium,0.0,4.0,3.0,145.0,91-180 days,52970.85,40850.35,2402.96,17.0,Not Applicable,0.0
CUST-040198,1,Consumer,32.0,2.0,Low,12.0,5.0,6.0,86.0,61-90 days,35170.66,27807.73,0.0,0.0,Found Alternative,11123.092
CUST-019935,0,Enterprise,38.0,5.0,High,4.0,8.0,8.0,334.0,271-365 days,27217.23,26500.15,716.22,37.0,Not Applicable,0.0
CUST-014196,0,Consumer,25.0,2.0,Medium,3.0,2.0,3.0,56.0,31-60 days,1502.97,1668.89,36.28,46.0,Not Applicable,0.0
CUST-003808,1,Premium,19.0,3.0,Medium,14.0,14.0,9.0,312.0,271-365 days,2745.46,2780.85,463.47,6.0,Unhappy with Return Policy,1112.34
CUST-001619,0,Enterprise,46.0,1.0,High,13.0,15.0,3.0,335.0,271-365 days,29944.17,25262.15,574.14,44.0,Not Applicable,0.0
CUST-043892,0,Consumer,52.0,5.0,High,12.0,11.0,2.0,82.0,61-90 days,41590.19,49983.55,1350.91,37.0,Not Applicable,0.0
CUST-035593,0,Consumer,51.0,2.0,Low,11.0,8.0,0.0,10.0,0-30 days,2127.08,1801.77,150.15,12.0,Not Applicable,0.0
CUST-030846,0,Small Business,40.0,2.0,Medium,1.0,5.0,5.0,13.0,0-30 days,53639.97,44263.78,5532.97,8.0,Not Applicable,0.0
CUST-013032,1,Consumer,3.0,4.0,Low,2.0,0.0,0.0,61.0,61-90 days,10192.29,12513.07,1042.76,12.0,Shipping Issues,5005.228
CUST-028213,0,Premium,2.0,4.0,Low,10.0,5.0,9.0,143.0,91-180 days,8516.18,8304.84,237.28,35.0,Not Applicable,0.0
CUST-010858,1,Consumer,55.0,3.0,Low,15.0,8.0,3.0,242.0,181-270 days,44662.02,40857.72,1276.8,32.0,Shipping Issues,16343.088000000002
CUST-049242,0,Consumer,30.0,4.0,High,2.0,3.0,1.0,22.0,0-30 days,46032.2,47384.56,3384.61,14.0,Not Applicable,0.0
CUST-045799,0,Premium,11.0,3.0,Low,10.0,8.0,7.0,189.0,181-270 days,26950.38,29687.16,724.08,41.0,Not Applicable,0.0
CUST-014658,1,Premium,5.0,3.0,Medium,13.0,8.0,3.0,46.0,31-60 days,36061.06,31480.25,1499.06,21.0,Technical Issues,12592.1
CUST-041883,1,Consumer,59.0,1.0,High,11.0,1.0,4.0,4.0,0-30 days,11353.65,13262.41,401.89,33.0,Poor Customer Service,5304.964
CUST-022935,0,Premium,34.0,4.0,Low,9.0,4.0,6.0,30.0,0-30 days,34698.87,31216.98,2401.31,13.0,Not Applicable,0.0
CUST-043980,0,Premium,45.0,1.0,High,11.0,2.0,7.0,44.0,31-60 days,50466.66,47295.13,1074.89,44.0,Not Applicable,0.0
CUST-009570,0,Premium,49.0,2.0,Medium,15.0,17.0,2.0,321.0,271-365 days,44089.78,38751.05,968.78,40.0,Not Applicable,0.0
CUST-012168,1,Consumer,30.0,1.0,Medium,16.0,13.0,4.0,64.0,61-90 days,39663.6,47946.7,3688.21,13.0,Better Price Elsewhere,19178.68
CUST-043654,1,Premium,21.0,1.0,High,3.0,3.0,1.0,88.0,61-90 days,60550.39,49766.57,1555.21,32.0,Unhappy with Return Policy,19906.628
CUST-028600,1,Small Business,19.0,1.0,Medium,13.0,10.0,8.0,88.0,61-90 days,39173.99,46546.17,1034.36,45.0,Payment Problems,18618.468
CUST-047553,0,Consumer,9.0,5.0,Medium,8.0,0.0,2.0,81.0,61-90 days,2839.34,2218.18,130.48,17.0,Not Applicable,0.0
CUST-010945,1,Consumer,56.0,2.0,High,16.0,2.0,9.0,58.0,31-60 days,11318.56,10486.84,10486.84,1.0,Poor Product Quality,4194.736
CUST-037236,1,Premium,28.0,3.0,Medium,19.0,12.0,6.0,76.0,61-90 days,50410.83,49035.53,4903.55,10.0,Poor Product Quality,19614.212
CUST-031967,0,Enterprise,45.0,5.0,High,4.0,2.0,8.0,32.0,31-60 days,5682.76,6397.32,290.79,22.0,Not Applicable,0.0
CUST-027680,0,Consumer,10.0,4.0,Low,11.0,3.0,8.0,23.0,0-30 days,40990.64,49937.2,2269.87,22.0,Not Applicable,0.0
CUST-022567,1,Small Business,8.0,1.0,Medium,12.0,13.0,8.0,52.0,31-60 days,6616.59,7987.49,166.41,48.0,Shipping Issues,3194.996
CUST-040970,0,Premium,9.0,1.0,Medium,5.0,5.0,4.0,159.0,91-180 days,44229.38,34601.18,2035.36,17.0,Not Applicable,0.0
CUST-032624,0,Premium,35.0,5.0,Low,11.0,8.0,4.0,22.0,0-30 days,1009.57,942.33,58.9,16.0,Not Applicable,0.0
CUST-044394,0,Consumer,17.0,3.0,Low,6.0,0.0,2.0,14.0,0-30 days,44027.63,35510.22,1690.96,21.0,Not Applicable,0.0
CUST-011525,1,Consumer,49.0,4.0,Low,3.0,6.0,1.0,95.0,91-180 days,39364.54,31038.79,5173.13,6.0,Account Issues,12415.516000000001
CUST-018303,1,Consumer,58.0,4.0,Medium,8.0,1.0,4.0,77.0,61-90 days,40558.25,46828.78,0.0,0.0,Poor Product Quality,18731.512
CUST-008410,0,Small Business,23.0,5.0,Medium,7.0,2.0,7.0,34.0,31-60 days,22973.72,27615.76,2510.52,11.0,Not Applicable,0.0
CUST-049241,0,Small Business,46.0,4.0,Medium,9.0,8.0,1.0,23.0,0-30 days,22451.41,26008.63,1444.92,18.0,Not Applicable,0.0
CUST-034128,0,Consumer,48.0,3.0,High,7.0,0.0,6.0,77.0,61-90 days,17232.84,14806.36,1346.03,11.0,Not Applicable,0.0
CUST-038083,0,Enterprise,10.0,1.0,Medium,5.0,2.0,3.0,55.0,31-60 days,30213.08,34737.67,755.17,46.0,Not Applicable,0.0
CUST-036733,0,Premium,47.0,1.0,Medium,8.0,7.0,7.0,299.0,271-365 days,57947.3,48743.87,3249.59,15.0,Not Applicable,0.0
CUST-009869,0,Consumer,57.0,4.0,Low,5.0,2.0,1.0,20.0,0-30 days,6965.18,5485.7,171.43,32.0,Not Applicable,0.0
CUST-005195,0,Consumer,21.0,4.0,High,4.0,6.0,2.0,13.0,0-30 days,23126.84,21904.01,2433.78,9.0,Not Applicable,0.0
CUST-034724,0,Consumer,26.0,2.0,Medium,12.0,2.0,2.0,96.0,91-180 days,35495.62,40281.12,2685.41,15.0,Not Applicable,0.0
CUST-045694,0,Consumer,47.0,5.0,High,1.0,1.0,8.0,13.0,0-30 days,39483.43,35891.73,763.65,47.0,Not Applicable,0.0
CUST-030784,0,Consumer,49.0,3.0,High,10.0,2.0,8.0,36.0,31-60 days,31617.16,33186.11,4148.26,8.0,Not Applicable,0.0
CUST-029933,1,Consumer,43.0,4.0,Low,15.0,18.0,4.0,46.0,31-60 days,41502.83,36496.68,1586.81,23.0,Poor Customer Service,14598.672
CUST-004547,1,Consumer,36.0,1.0,Low,1.0,0.0,4.0,64.0,61-90 days,18256.02,18086.73,463.76,39.0,Shipping Issues,7234.691999999999
CUST-006023,1,Enterprise,52.0,4.0,Low,6.0,8.0,8.0,5.0,0-30 days,16554.48,20392.15,1199.54,17.0,Account Issues,8156.860000000002
CUST-043599,1,Consumer,13.0,1.0,Low,18.0,17.0,9.0,70.0,61-90 days,44889.18,36063.83,2253.99,16.0,Shipping Issues,14425.532
CUST-037546,1,Consumer,40.0,2.0,Medium,13.0,5.0,8.0,6.0,0-30 days,7937.08,9236.38,249.63,37.0,Payment Problems,3694.552
CUST-004225,1,Consumer,15.0,1.0,Low,11.0,7.0,5.0,16.0,0-30 days,21306.01,20984.11,676.91,31.0,Account Issues,8393.644
CUST-048853,1,Premium,22.0,3.0,Low,12.0,7.0,8.0,361.0,271-365 days,38426.75,40459.76,1093.51,37.0,Poor Customer Service,16183.904000000002
CUST-006090,1,Small Business,14.0,2.0,Medium,16.0,10.0,8.0,19.0,0-30 days,23211.27,20588.64,2287.63,9.0,Better Price Elsewhere,8235.456
CUST-029912,0,Small Business,15.0,4.0,High,4.0,8.0,8.0,50.0,31-60 days,12540.74,11158.71,318.82,35.0,Not Applicable,0.0
CUST-005564,1,Consumer,48.0,1.0,High,13.0,1.0,9.0,50.0,31-60 days,41707.69,36885.43,36885.43,1.0,Shipping Issues,14754.172
CUST-008873,0,Small Business,32.0,2.0,High,15.0,5.0,6.0,79.0,61-90 days,406.06,333.69,111.23,3.0,Not Applicable,0.0
CUST-003729,1,Premium,46.0,3.0,Medium,16.0,15.0,4.0,168.0,91-180 days,29347.61,35017.15,1750.86,20.0,Shipping Issues,14006.86
CUST-024987,1,Consumer,47.0,2.0,Medium,18.0,8.0,0.0,52.0,31-60 days,15646.86,16622.75,923.49,18.0,Too Expensive,6649.1
CUST-031756,1,Enterprise,11.0,4.0,Medium,7.0,1.0,6.0,328.0,271-365 days,14319.03,11191.12,486.57,23.0,Shipping Issues,4476.448
CUST-004207,0,Consumer,33.0,2.0,High,2.0,6.0,9.0,8.0,0-30 days,37741.77,33469.79,1338.79,25.0,Not Applicable,0.0
CUST-044964,0,Consumer,9.0,3.0,High,9.0,4.0,9.0,357.0,271-365 days,4257.13,4978.85,2489.43,2.0,Not Applicable,0.0
CUST-032914,0,Consumer,5.0,3.0,Medium,5.0,0.0,9.0,76.0,61-90 days,30405.43,29662.4,1348.29,22.0,Not Applicable,0.0
CUST-040164,0,Enterprise,13.0,3.0,Medium,17.0,1.0,7.0,237.0,181-270 days,10593.87,12194.45,1016.2,12.0,Not Applicable,0.0
CUST-011783,0,Consumer,57.0,2.0,High,15.0,5.0,6.0,16.0,0-30 days,26551.87,30468.4,846.34,36.0,Not Applicable,0.0
CUST-003733,0,Consumer,54.0,2.0,Medium,0.0,3.0,4.0,46.0,31-60 days,35070.42,39689.86,862.82,46.0,Not Applicable,0.0
CUST-010378,1,Consumer,56.0,2.0,High,17.0,4.0,1.0,112.0,91-180 days,43853.26,37077.62,2648.4,14.0,Poor Product Quality,14831.048000000004
CUST-041115,0,Consumer,29.0,4.0,Medium,12.0,16.0,9.0,66.0,61-90 days,33780.48,28782.89,1066.03,27.0,Not Applicable,0.0
CUST-043841,0,Premium,5.0,5.0,Medium,12.0,15.0,8.0,263.0,181-270 days,14643.68,15096.29,343.1,44.0,Not Applicable,0.0
CUST-001772,0,Consumer,54.0,2.0,High,8.0,6.0,4.0,59.0,31-60 days,2550.99,2418.37,53.74,45.0,Not Applicable,0.0
CUST-018083,1,Consumer,12.0,2.0,Low,16.0,9.0,9.0,89.0,61-90 days,46343.53,39901.29,973.2,41.0,Better Price Elsewhere,15960.516000000001
CUST-038541,0,Small Business,42.0,5.0,Medium,8.0,10.0,7.0,330.0,271-365 days,16787.27,18784.71,1174.04,16.0,Not Applicable,0.0
CUST-040815,1,Consumer,7.0,5.0,High,5.0,2.0,7.0,38.0,31-60 days,16317.49,13146.2,320.64,41.0,Poor Product Quality,5258.480000000001
CUST-001776,0,Consumer,47.0,4.0,High,15.0,4.0,0.0,18.0,0-30 days,7466.77,7941.99,441.22,18.0,Not Applicable,0.0
CUST-002148,0,Premium,54.0,1.0,Medium,18.0,22.0,3.0,152.0,91-180 days,20605.82,23359.38,934.38,25.0,Not Applicable,0.0
CUST-031203,1,Consumer,59.0,5.0,Low,18.0,0.0,3.0,122.0,91-180 days,12950.39,16095.77,412.71,39.0,Poor Customer Service,6438.308000000001
CUST-017735,0,Consumer,11.0,3.0,High,2.0,5.0,1.0,89.0,61-90 days,41049.04,39763.94,4970.49,8.0,Not Applicable,0.0
CUST-025553,1,Consumer,23.0,4.0,Low,13.0,11.0,6.0,20.0,0-30 days,42865.53,39085.76,2299.16,17.0,Poor Customer Service,15634.304000000002
CUST-027375,0,Consumer,37.0,1.0,Medium,9.0,7.0,2.0,97.0,91-180 days,20399.88,21986.92,458.06,48.0,Not Applicable,0.0
CUST-027159,1,Consumer,31.0,5.0,Medium,17.0,19.0,9.0,67.0,61-90 days,30887.8,31890.06,937.94,34.0,Payment Problems,12756.024
CUST-003277,0,Premium,6.0,3.0,Medium,2.0,2.0,1.0,188.0,181-270 days,25658.95,31343.3,0.0,0.0,Not Applicable,0.0
CUST-002409,0,Consumer,29.0,3.0,High,13.0,15.0,8.0,22.0,0-30 days,42634.93,37499.06,2205.83,17.0,Not Applicable,0.0
CUST-013138,1,Small Business,53.0,5.0,Medium,12.0,12.0,4.0,66.0,61-90 days,48833.35,48659.17,1280.5,38.0,Payment Problems,19463.668
CUST-037236,0,Premium,28.0,3.0,Medium,19.0,20.0,6.0,76.0,61-90 days,50410.83,49035.53,4903.55,10.0,Not Applicable,0.0
CUST-045348,1,Consumer,30.0,3.0,Low,10.0,6.0,9.0,15.0,0-30 days,44968.63,49423.48,4493.04,11.0,Low Product Variety,19769.392000000003
CUST-005272,0,Small Business,18.0,5.0,Low,10.0,5.0,4.0,62.0,61-90 days,22922.09,20715.59,5178.9,4.0,Not Applicable,0.0
CUST-006109,0,Premium,20.0,3.0,Medium,14.0,10.0,4.0,75.0,61-90 days,25512.49,26692.16,6673.04,4.0,Not Applicable,0.0
CUST-013452,0,Small Business,33.0,5.0,High,17.0,20.0,0.0,8.0,0-30 days,2073.17,1762.88,440.72,4.0,Not Applicable,0.0
CUST-028342,1,Enterprise,39.0,4.0,Medium,8.0,6.0,5.0,36.0,31-60 days,31849.61,34417.03,882.49,39.0,No Longer Need Service,13766.812
CUST-017751,0,Consumer,19.0,5.0,Medium,12.0,2.0,1.0,36.0,31-60 days,1700.82,1825.78,165.98,11.0,Not Applicable,0.0
CUST-045585,1,Enterprise,2.0,1.0,Medium,12.0,13.0,7.0,13.0,0-30 days,7180.7,5755.42,0.0,0.0,Poor Customer Service,2302.168
CUST-026501,0,Small Business,7.0,3.0,High,2.0,2.0,0.0,20.0,0-30 days,41559.0,41445.35,1010.86,41.0,Not Applicable,0.0
CUST-011194,0,Consumer,47.0,5.0,Medium,4.0,1.0,2.0,26.0,0-30 days,284.92,227.65,56.91,4.0,Not Applicable,0.0
CUST-025312,1,Small Business,31.0,1.0,Low,19.0,10.0,8.0,158.0,91-180 days,54794.99,49737.6,1081.25,46.0,Shipping Issues,19895.04
CUST-045262,1,Consumer,15.0,2.0,High,14.0,16.0,0.0,86.0,61-90 days,15962.83,18171.61,465.94,39.0,Better Price Elsewhere,7268.644
CUST-039892,0,Consumer,54.0,2.0,Medium,5.0,0.0,4.0,35.0,31-60 days,18852.35,16509.13,8254.57,2.0,Not Applicable,0.0
CUST-024542,1,Consumer,24.0,5.0,High,11.0,2.0,8.0,88.0,61-90 days,586.07,703.76,703.76,1.0,Payment Problems,281.504
CUST-022370,0,Small Business,6.0,4.0,Low,6.0,10.0,5.0,1.0,0-30 days,33107.19,34459.91,1013.53,34.0,Not Applicable,0.0
CUST-012629,1,Premium,2.0,1.0,Medium,16.0,2.0,9.0,304.0,271-365 days,28153.09,26369.81,693.94,38.0,Shipping Issues,10547.924
CUST-012500,0,Consumer,1.0,5.0,Medium,0.0,4.0,3.0,58.0,31-60 days,7490.11,5783.01,240.96,24.0,Not Applicable,0.0
CUST-003367,0,Premium,26.0,2.0,High,14.0,9.0,7.0,212.0,181-270 days,16173.56,12709.18,470.71,27.0,Not Applicable,0.0
CUST-042078,0,Premium,39.0,1.0,High,6.0,1.0,9.0,62.0,61-90 days,23302.63,24999.29,555.54,45.0,Not Applicable,0.0
CUST-022558,0,Consumer,24.0,5.0,Medium,2.0,4.0,1.0,72.0,61-90 days,6679.2,5671.57,630.17,9.0,Not Applicable,0.0
CUST-018410,1,Premium,58.0,3.0,Low,9.0,0.0,2.0,87.0,61-90 days,17818.04,19986.75,1110.38,18.0,Poor Product Quality,7994.700000000003
CUST-016918,1,Premium,37.0,2.0,High,17.0,4.0,2.0,79.0,61-90 days,15967.02,18635.19,388.23,48.0,Payment Problems,7454.076
CUST-011827,0,Enterprise,22.0,5.0,Medium,17.0,16.0,2.0,60.0,31-60 days,21731.09,26165.99,2378.73,11.0,Not Applicable,0.0
CUST-030848,0,Premium,42.0,5.0,Medium,2.0,0.0,8.0,14.0,0-30 days,1609.48,1335.24,46.04,29.0,Not Applicable,0.0
CUST-041775,0,Consumer,33.0,1.0,High,14.0,12.0,4.0,69.0,61-90 days,54356.62,42011.0,1680.44,25.0,Not Applicable,0.0
CUST-045728,1,Consumer,39.0,2.0,High,1.0,1.0,3.0,47.0,31-60 days,12286.58,11766.9,309.66,38.0,Low Product Variety,4706.76
CUST-017253,0,Small Business,25.0,4.0,Low,7.0,7.0,9.0,63.0,61-90 days,37639.05,34715.37,846.72,41.0,Not Applicable,0.0
CUST-044382,1,Enterprise,49.0,2.0,Medium,11.0,14.0,2.0,37.0,31-60 days,15412.83,13104.29,728.02,18.0,Too Expensive,5241.7159999999985
CUST-021241,0,Consumer,33.0,3.0,High,2.0,6.0,7.0,61.0,61-90 days,36131.17,40870.07,0.0,0.0,Not Applicable,0.0
CUST-001361,0,Consumer,11.0,4.0,High,3.0,3.0,8.0,215.0,181-270 days,42242.75,49514.92,1178.93,42.0,Not Applicable,0.0
CUST-040000,0,Small Business,14.0,4.0,Medium,8.0,0.0,3.0,48.0,31-60 days,13037.04,11801.23,406.94,29.0,Not Applicable,0.0
CUST-048814,1,Consumer,12.0,1.0,Medium,19.0,1.0,0.0,81.0,61-90 days,41259.5,36138.16,2779.86,13.0,Found Alternative,14455.264000000005
CUST-015055,1,Enterprise,12.0,1.0,Medium,0.0,3.0,1.0,88.0,61-90 days,8049.44,7604.69,245.31,31.0,Poor Customer Service,3041.876
CUST-000696,0,Premium,52.0,2.0,Medium,3.0,2.0,1.0,20.0,0-30 days,31326.54,36407.86,18203.93,2.0,Not Applicable,0.0
CUST-018764,1,Small Business,8.0,4.0,Low,14.0,2.0,7.0,65.0,61-90 days,9451.2,7744.55,180.11,43.0,Poor Product Quality,3097.82
CUST-012365,0,Consumer,10.0,2.0,Medium,10.0,2.0,7.0,20.0,0-30 days,39328.1,36098.99,2005.5,18.0,Not Applicable,0.0
CUST-004883,1,Enterprise,40.0,4.0,High,16.0,18.0,2.0,1.0,0-30 days,1512.16,1286.16,67.69,19.0,Poor Customer Service,514.464
CUST-018475,1,Premium,35.0,5.0,High,9.0,7.0,6.0,217.0,181-270 days,24171.08,22377.1,799.18,28.0,Unhappy with Return Policy,8950.84
CUST-022866,0,Consumer,52.0,4.0,High,7.0,6.0,9.0,43.0,31-60 days,13694.28,11976.46,1197.65,10.0,Not Applicable,0.0
CUST-022130,1,Premium,8.0,3.0,Medium,6.0,2.0,8.0,82.0,61-90 days,36633.62,35173.68,35173.68,1.0,Low Product Variety,14069.472000000002
CUST-010642,1,Small Business,38.0,2.0,Medium,6.0,7.0,0.0,49.0,31-60 days,6998.54,6457.97,179.39,36.0,Poor Customer Service,2583.188
CUST-015549,0,Small Business,55.0,2.0,Low,8.0,0.0,8.0,307.0,271-365 days,6072.19,4788.85,136.82,35.0,Not Applicable,0.0
CUST-036125,0,Small Business,13.0,4.0,High,3.0,1.0,7.0,76.0,61-90 days,44229.41,39289.07,3274.09,12.0,Not Applicable,0.0
CUST-032313,0,Consumer,58.0,3.0,Medium,0.0,3.0,7.0,69.0,61-90 days,11944.95,13115.53,1639.44,8.0,Not Applicable,0.0
CUST-036456,1,Consumer,15.0,5.0,Low,1.0,1.0,5.0,69.0,61-90 days,3888.85,3408.51,109.95,31.0,Better Price Elsewhere,1363.4040000000002
CUST-014011,0,Small Business,26.0,3.0,Medium,9.0,13.0,2.0,102.0,91-180 days,40400.76,34637.13,1332.2,26.0,Not Applicable,0.0
CUST-034988,0,Consumer,10.0,5.0,Low,10.0,6.0,4.0,13.0,0-30 days,51867.72,42281.63,1409.39,30.0,Not Applicable,0.0
CUST-008525,0,Enterprise,54.0,3.0,Low,17.0,21.0,3.0,149.0,91-180 days,6089.78,5686.29,149.64,38.0,Not Applicable,0.0
CUST-022014,1,Small Business,27.0,3.0,Low,8.0,0.0,4.0,198.0,181-270 days,39204.22,30261.46,890.04,34.0,Technical Issues,12104.584
CUST-017725,1,Small Business,43.0,4.0,Medium,19.0,2.0,7.0,60.0,31-60 days,12656.86,12920.34,380.01,34.0,Payment Problems,5168.136
CUST-006970,0,Premium,20.0,5.0,High,17.0,5.0,9.0,249.0,181-270 days,14948.23,16184.87,490.45,33.0,Not Applicable,0.0
CUST-002903,0,Small Business,50.0,1.0,Low,18.0,14.0,0.0,80.0,61-90 days,47259.53,38425.72,914.9,42.0,Not Applicable,0.0
CUST-038292,0,Small Business,9.0,1.0,Medium,2.0,5.0,2.0,45.0,31-60 days,23985.73,20809.24,612.04,34.0,Not Applicable,0.0
CUST-013165,0,Small Business,38.0,4.0,Medium,9.0,10.0,3.0,181.0,181-270 days,5282.89,4075.68,194.08,21.0,Not Applicable,0.0
CUST-008546,0,Small Business,30.0,4.0,Low,5.0,9.0,6.0,63.0,61-90 days,8659.15,6737.03,518.23,13.0,Not Applicable,0.0
CUST-042412,0,Consumer,19.0,3.0,Medium,2.0,1.0,1.0,43.0,31-60 days,36329.54,43642.82,3357.14,13.0,Not Applicable,0.0
CUST-038653,0,Small Business,40.0,5.0,Medium,13.0,1.0,9.0,37.0,31-60 days,22779.25,24546.04,944.08,26.0,Not Applicable,0.0
CUST-047611,1,Consumer,49.0,5.0,Low,11.0,9.0,8.0,42.0,31-60 days,23899.35,26233.24,1748.88,15.0,Technical Issues,10493.296000000002
CUST-041363,1,Consumer,37.0,1.0,Low,16.0,15.0,7.0,63.0,61-90 days,17409.24,14746.26,4915.42,3.0,Poor Customer Service,5898.504000000001
CUST-003114,0,Premium,22.0,3.0,Low,7.0,5.0,8.0,47.0,31-60 days,2734.79,2718.52,67.96,40.0,Not Applicable,0.0
CUST-013436,1,Premium,59.0,1.0,Low,0.0,3.0,6.0,87.0,61-90 days,23910.07,24717.58,549.28,45.0,No Longer Need Service,9887.032
CUST-019029,1,Consumer,48.0,2.0,Medium,2.0,4.0,4.0,105.0,91-180 days,41240.35,40862.09,1104.38,37.0,Payment Problems,16344.836
CUST-010110,0,Small Business,50.0,3.0,Low,7.0,3.0,5.0,79.0,61-90 days,32391.85,35704.38,1785.22,20.0,Not Applicable,0.0
CUST-001962,1,Consumer,43.0,1.0,Medium,3.0,3.0,1.0,152.0,91-180 days,750.34,583.7,97.28,6.0,Shipping Issues,233.48
CUST-036137,0,Small Business,17.0,1.0,Low,3.0,0.0,3.0,235.0,181-270 days,43399.89,37041.64,841.86,44.0,Not Applicable,0.0
CUST-027813,1,Enterprise,35.0,2.0,Low,0.0,3.0,9.0,64.0,61-90 days,27648.2,22020.81,1158.99,19.0,Too Expensive,8808.324
CUST-009484,1,Premium,49.0,2.0,Low,17.0,12.0,4.0,334.0,271-365 days,16517.93,14215.25,364.49,39.0,Payment Problems,5686.1
CUST-013691,0,Consumer,54.0,2.0,High,8.0,5.0,2.0,74.0,61-90 days,49454.61,45527.0,1686.19,27.0,Not Applicable,0.0
CUST-006308,1,Consumer,21.0,1.0,Low,4.0,4.0,0.0,43.0,31-60 days,24598.18,30282.19,917.64,33.0,Poor Customer Service,12112.876
CUST-041466,0,Premium,1.0,2.0,Medium,1.0,5.0,0.0,31.0,31-60 days,20119.05,22492.33,523.08,43.0,Not Applicable,0.0
CUST-004843,1,Consumer,38.0,2.0,Medium,11.0,10.0,6.0,116.0,91-180 days,3389.89,3746.42,0.0,0.0,Better Price Elsewhere,1498.5680000000002
CUST-028916,1,Consumer,24.0,3.0,Medium,12.0,5.0,6.0,115.0,91-180 days,52027.18,49269.08,1048.28,47.0,Technical Issues,19707.632
CUST-048237,1,Consumer,3.0,2.0,Medium,4.0,2.0,1.0,59.0,31-60 days,55158.33,47757.0,1164.8,41.0,Poor Product Quality,19102.8
CUST-036004,1,Consumer,42.0,4.0,Low,10.0,5.0,7.0,42.0,31-60 days,21617.09,24278.11,622.52,39.0,Too Expensive,9711.244
CUST-012262,0,Small Business,42.0,1.0,Medium,0.0,1.0,5.0,42.0,31-60 days,926.19,886.41,23.33,38.0,Not Applicable,0.0
CUST-038770,0,Enterprise,8.0,3.0,Medium,3.0,3.0,7.0,30.0,0-30 days,42968.37,49658.28,1551.82,32.0,Not Applicable,0.0
CUST-006143,1,Premium,14.0,5.0,Low,18.0,8.0,6.0,50.0,31-60 days,55704.62,49538.29,1415.38,35.0,Payment Problems,19815.316000000006
CUST-027020,1,Premium,19.0,2.0,Low,9.0,2.0,6.0,69.0,61-90 days,17684.67,14179.42,616.5,23.0,Too Expensive,5671.768
CUST-026439,0,Consumer,47.0,4.0,High,3.0,3.0,9.0,12.0,0-30 days,4695.43,5564.27,154.56,36.0,Not Applicable,0.0
CUST-018049,1,Small Business,53.0,1.0,Low,6.0,9.0,9.0,288.0,271-365 days,5615.07,4363.6,0.0,0.0,Unhappy with Return Policy,1745.4400000000005
CUST-024659,1,Enterprise,50.0,5.0,High,15.0,13.0,2.0,19.0,0-30 days,20046.16,15977.44,639.1,25.0,Poor Product Quality,6390.976000000002
CUST-039105,0,Small Business,31.0,1.0,High,10.0,10.0,0.0,139.0,91-180 days,34041.6,27768.69,1633.45,17.0,Not Applicable,0.0
CUST-021386,1,Premium,14.0,2.0,Low,11.0,14.0,8.0,282.0,271-365 days,39030.75,42592.99,906.23,47.0,Payment Problems,17037.196
CUST-003469,1,Small Business,7.0,5.0,Medium,6.0,3.0,2.0,6.0,0-30 days,54472.58,42577.82,1091.74,39.0,Shipping Issues,17031.128
CUST-012804,0,Consumer,2.0,3.0,High,6.0,6.0,8.0,10.0,0-30 days,33189.25,31458.41,1655.71,19.0,Not Applicable,0.0
CUST-011876,0,Consumer,47.0,5.0,Medium,2.0,3.0,1.0,233.0,181-270 days,567.48,673.35,14.33,47.0,Not Applicable,0.0
CUST-034614,1,Premium,53.0,2.0,High,14.0,7.0,0.0,78.0,61-90 days,37202.74,43698.15,10924.54,4.0,Better Price Elsewhere,17479.260000000002
CUST-046809,0,Consumer,54.0,3.0,Medium,0.0,2.0,5.0,8.0,0-30 days,18819.55,20190.02,412.04,49.0,Not Applicable,0.0
CUST-045117,1,Small Business,11.0,5.0,High,19.0,13.0,7.0,87.0,61-90 days,24570.47,21973.73,5493.43,4.0,Payment Problems,8789.492
CUST-047637,0,Consumer,13.0,5.0,Medium,18.0,18.0,3.0,72.0,61-90 days,18944.23,15178.1,3035.62,5.0,Not Applicable,0.0
CUST-041344,0,Enterprise,27.0,5.0,Medium,19.0,8.0,1.0,131.0,91-180 days,5559.67,5150.37,214.6,24.0,Not Applicable,0.0
CUST-032906,0,Consumer,41.0,5.0,High,12.0,16.0,4.0,59.0,31-60 days,37860.03,39914.19,814.58,49.0,Not Applicable,0.0
CUST-022996,0,Consumer,10.0,4.0,Medium,14.0,0.0,7.0,76.0,61-90 days,17608.88,16631.26,755.97,22.0,Not Applicable,0.0
CUST-023851,0,Small Business,5.0,4.0,Low,13.0,14.0,1.0,28.0,0-30 days,27253.07,22599.03,22599.03,1.0,Not Applicable,0.0
CUST-039373,0,Small Business,27.0,3.0,High,6.0,8.0,2.0,19.0,0-30 days,64868.03,49985.77,2776.99,18.0,Not Applicable,0.0
CUST-003548,0,Consumer,15.0,5.0,Medium,3.0,1.0,8.0,42.0,31-60 days,53865.66,45111.44,1879.64,24.0,Not Applicable,0.0
CUST-001230,1,Consumer,22.0,1.0,Low,7.0,4.0,3.0,61.0,61-90 days,42972.57,46331.89,1053.0,44.0,Poor Customer Service,18532.756
CUST-015237,1,Consumer,9.0,5.0,High,2.0,3.0,6.0,15.0,0-30 days,54804.92,45403.78,15134.59,3.0,Low Product Variety,18161.512
CUST-034161,0,Enterprise,38.0,3.0,High,5.0,2.0,4.0,71.0,61-90 days,43255.42,43067.83,1957.63,22.0,Not Applicable,0.0
CUST-015737,1,Premium,32.0,2.0,Medium,10.0,9.0,0.0,122.0,91-180 days,42484.13,43919.62,5489.95,8.0,Better Price Elsewhere,17567.848
CUST-016573,0,Consumer,36.0,5.0,Low,4.0,4.0,2.0,79.0,61-90 days,29597.8,27448.86,13724.43,2.0,Not Applicable,0.0
CUST-006926,1,Premium,49.0,2.0,Medium,10.0,10.0,4.0,41.0,31-60 days,42757.19,34788.91,4969.84,7.0,Found Alternative,13915.564000000002
CUST-047160,0,Consumer,32.0,5.0,Medium,1.0,2.0,2.0,37.0,31-60 days,29428.12,33527.65,2579.05,13.0,Not Applicable,0.0
CUST-021279,1,Small Business,28.0,1.0,Medium,7.0,5.0,8.0,42.0,31-60 days,280.57,349.1,11.64,30.0,Better Price Elsewhere,139.64
CUST-021096,1,Premium,24.0,2.0,High,9.0,6.0,3.0,72.0,61-90 days,52072.41,49540.87,1076.98,46.0,Poor Customer Service,19816.348
CUST-002054,1,Consumer,22.0,5.0,Low,11.0,7.0,6.0,50.0,31-60 days,45407.68,40403.6,3107.97,13.0,Poor Customer Service,16161.44
CUST-014063,1,Consumer,46.0,2.0,Medium,10.0,2.0,0.0,173.0,91-180 days,51927.07,40859.49,1167.41,35.0,Poor Customer Service,16343.796
CUST-048926,0,Premium,56.0,2.0,High,0.0,3.0,1.0,91.0,91-180 days,39319.67,41445.72,1218.99,34.0,Not Applicable,0.0
CUST-018709,0,Consumer,33.0,5.0,Medium,2.0,4.0,4.0,54.0,31-60 days,5784.43,4471.02,124.2,36.0,Not Applicable,0.0
CUST-018083,1,Consumer,12.0,2.0,Low,16.0,9.0,9.0,89.0,61-90 days,46343.53,39901.29,973.2,41.0,Technical Issues,15960.516000000001
CUST-043944,0,Consumer,18.0,3.0,Medium,7.0,1.0,5.0,219.0,181-270 days,1715.76,2060.89,686.96,3.0,Not Applicable,0.0
CUST-035005,1,Consumer,45.0,4.0,Medium,11.0,4.0,2.0,309.0,271-365 days,30391.94,29145.68,633.6,46.0,Technical Issues,11658.272
CUST-034301,0,Consumer,18.0,3.0,Medium,15.0,3.0,8.0,127.0,91-180 days,34332.9,32588.94,4655.56,7.0,Not Applicable,0.0
CUST-023353,1,Consumer,18.0,2.0,Low,15.0,1.0,1.0,311.0,271-365 days,24803.37,29846.49,1658.14,18.0,Too Expensive,11938.596000000001
CUST-035381,0,Small Business,12.0,4.0,Medium,6.0,0.0,3.0,23.0,0-30 days,24899.79,25958.27,1236.11,21.0,Not Applicable,0.0
CUST-035443,1,Consumer,18.0,3.0,Medium,11.0,15.0,0.0,29.0,0-30 days,28816.25,27954.14,1553.01,18.0,Poor Customer Service,11181.656
CUST-008509,1,Consumer,11.0,2.0,Low,16.0,13.0,8.0,33.0,31-60 days,36636.54,31953.7,1452.44,22.0,Shipping Issues,12781.48
CUST-036778,1,Consumer,34.0,5.0,Medium,2.0,4.0,5.0,67.0,61-90 days,17414.03,21505.15,7168.38,3.0,Better Price Elsewhere,8602.060000000001
CUST-026100,0,Small Business,1.0,5.0,High,12.0,12.0,5.0,4.0,0-30 days,30440.55,24393.55,1161.6,21.0,Not Applicable,0.0
CUST-040206,0,Small Business,20.0,1.0,High,8.0,10.0,8.0,230.0,181-270 days,24186.9,21210.44,441.88,48.0,Not Applicable,0.0
CUST-044155,0,Small Business,7.0,3.0,Medium,2.0,4.0,3.0,9.0,0-30 days,21141.12,26163.29,6540.82,4.0,Not Applicable,0.0
CUST-015226,0,Premium,26.0,2.0,Medium,8.0,4.0,1.0,3.0,0-30 days,16448.98,16992.02,386.18,44.0,Not Applicable,0.0
CUST-030276,1,Consumer,38.0,5.0,Low,18.0,20.0,8.0,114.0,91-180 days,44309.55,49134.43,1488.92,33.0,Payment Problems,19653.772
CUST-003528,1,Premium,1.0,2.0,Low,16.0,2.0,3.0,18.0,0-30 days,9533.62,9836.35,0.0,0.0,Poor Customer Service,3934.54
CUST-042581,0,Consumer,32.0,2.0,High,13.0,16.0,3.0,250.0,181-270 days,45150.15,42550.42,1091.04,39.0,Not Applicable,0.0
CUST-000538,1,Premium,33.0,1.0,Medium,18.0,6.0,1.0,53.0,31-60 days,50506.9,48124.04,1069.42,45.0,Better Price Elsewhere,19249.616
CUST-026097,0,Consumer,58.0,4.0,High,15.0,8.0,6.0,36.0,31-60 days,17041.45,20541.07,427.94,48.0,Not Applicable,0.0
CUST-038653,0,Small Business,40.0,5.0,Medium,13.0,14.0,9.0,37.0,31-60 days,22779.25,24546.04,944.08,26.0,Not Applicable,0.0
CUST-031006,1,Consumer,16.0,4.0,Low,6.0,10.0,7.0,33.0,31-60 days,307.25,323.72,13.49,24.0,Shipping Issues,129.48800000000003
CUST-030377,1,Consumer,28.0,3.0,Medium,0.0,0.0,8.0,20.0,0-30 days,20360.66,24800.34,918.53,27.0,Too Expensive,9920.136
CUST-047911,1,Consumer,39.0,1.0,Low,6.0,5.0,8.0,85.0,61-90 days,18043.24,22155.24,1107.76,20.0,No Longer Need Service,8862.096000000001
CUST-004788,1,Enterprise,47.0,3.0,Low,7.0,2.0,6.0,2.0,0-30 days,16021.96,16928.76,1538.98,11.0,Technical Issues,6771.504
CUST-043863,1,Consumer,58.0,3.0,High,13.0,4.0,3.0,41.0,31-60 days,46438.6,45883.94,2867.75,16.0,Found Alternative,18353.576
CUST-035640,1,Premium,32.0,2.0,Low,16.0,3.0,5.0,44.0,31-60 days,29752.28,36303.78,756.33,48.0,Account Issues,14521.512
CUST-027460,0,Consumer,54.0,3.0,Low,3.0,4.0,7.0,11.0,0-30 days,49764.4,38960.56,9740.14,4.0,Not Applicable,0.0
CUST-047516,0,Premium,26.0,3.0,Medium,15.0,9.0,2.0,89.0,61-90 days,9177.28,7341.8,1835.45,4.0,Not Applicable,0.0
CUST-006511,1,Premium,54.0,1.0,Medium,1.0,1.0,4.0,65.0,61-90 days,51496.84,43680.54,3120.04,14.0,Poor Customer Service,17472.216
CUST-012129,0,Small Business,41.0,4.0,High,14.0,5.0,0.0,75.0,61-90 days,8217.0,9837.5,578.68,17.0,Not Applicable,0.0
CUST-035349,1,Consumer,53.0,3.0,High,10.0,14.0,7.0,89.0,61-90 days,11898.85,10841.65,225.87,48.0,Too Expensive,4336.66
CUST-040810,1,Premium,58.0,2.0,High,17.0,4.0,1.0,70.0,61-90 days,3748.33,3662.72,135.66,27.0,Poor Customer Service,1465.088
CUST-010636,1,Premium,21.0,2.0,Low,2.0,1.0,9.0,56.0,31-60 days,7319.38,8261.92,172.12,48.0,Shipping Issues,3304.768
CUST-022602,1,Enterprise,38.0,2.0,Low,1.0,0.0,4.0,4.0,0-30 days,53547.47,46120.56,3547.74,13.0,Poor Product Quality,18448.224
CUST-024340,0,Consumer,58.0,1.0,Medium,6.0,6.0,8.0,53.0,31-60 days,36840.51,35389.98,35389.98,1.0,Not Applicable,0.0
CUST-041632,0,Consumer,51.0,5.0,Low,7.0,1.0,4.0,153.0,91-180 days,18752.12,21141.79,10570.9,2.0,Not Applicable,0.0
CUST-037568,1,Premium,42.0,5.0,Low,11.0,3.0,6.0,73.0,61-90 days,44800.23,35588.38,741.42,48.0,Poor Product Quality,14235.351999999999
CUST-048660,1,Premium,34.0,2.0,Medium,3.0,2.0,4.0,92.0,91-180 days,28452.14,26411.88,754.63,35.0,Poor Product Quality,10564.752
CUST-043548,0,Consumer,55.0,1.0,Medium,6.0,5.0,8.0,165.0,91-180 days,31550.09,31974.09,1682.85,19.0,Not Applicable,0.0
CUST-004535,1,Consumer,54.0,1.0,Medium,9.0,12.0,8.0,73.0,61-90 days,13496.02,11345.77,378.19,30.0,Found Alternative,4538.308
CUST-008659,0,Consumer,21.0,4.0,Low,7.0,5.0,1.0,338.0,271-365 days,35512.02,40674.78,1196.32,34.0,Not Applicable,0.0
CUST-036625,1,Premium,25.0,5.0,Low,14.0,15.0,4.0,52.0,31-60 days,10626.52,8218.94,821.89,10.0,Poor Product Quality,3287.5760000000005
CUST-044659,0,Consumer,47.0,4.0,Medium,10.0,10.0,2.0,83.0,61-90 days,3709.45,3500.77,109.4,32.0,Not Applicable,0.0
CUST-013453,0,Small Business,45.0,5.0,Low,4.0,0.0,9.0,296.0,271-365 days,16617.31,14818.49,2963.7,5.0,Not Applicable,0.0
CUST-038082,1,Consumer,4.0,3.0,High,5.0,1.0,8.0,11.0,0-30 days,45790.35,42672.55,1778.02,24.0,Poor Customer Service,17069.02
CUST-035404,0,Enterprise,58.0,1.0,Medium,11.0,15.0,8.0,107.0,91-180 days,35532.81,37326.98,9331.75,4.0,Not Applicable,0.0
CUST-022625,1,Premium,25.0,1.0,Medium,14.0,0.0,5.0,168.0,91-180 days,4611.94,4732.32,2366.16,2.0,Account Issues,1892.9279999999999
CUST-047951,0,Consumer,54.0,1.0,High,14.0,15.0,0.0,64.0,61-90 days,12142.03,12277.09,341.03,36.0,Not Applicable,0.0
CUST-013646,0,Premium,49.0,5.0,Low,6.0,10.0,9.0,208.0,181-270 days,45184.67,48345.77,2685.88,18.0,Not Applicable,0.0
CUST-042873,1,Consumer,51.0,3.0,Low,5.0,8.0,8.0,72.0,61-90 days,34565.44,37508.21,7501.64,5.0,Poor Customer Service,15003.284
CUST-025994,0,Premium,54.0,4.0,Medium,12.0,15.0,3.0,13.0,0-30 days,11507.96,10731.04,511.0,21.0,Not Applicable,0.0
CUST-043161,0,Small Business,35.0,5.0,Medium,0.0,1.0,1.0,74.0,61-90 days,31263.81,31385.85,3138.59,10.0,Not Applicable,0.0
CUST-044082,0,Small Business,37.0,2.0,High,2.0,3.0,8.0,332.0,271-365 days,18231.24,15258.19,544.94,28.0,Not Applicable,0.0
CUST-010316,1,Small Business,9.0,1.0,Low,14.0,14.0,8.0,44.0,31-60 days,49354.27,40765.17,3135.78,13.0,Better Price Elsewhere,16306.068
CUST-011758,1,Premium,47.0,5.0,Low,0.0,3.0,9.0,344.0,271-365 days,2730.79,2550.74,75.02,34.0,Poor Product Quality,1020.296
CUST-015689,0,Premium,20.0,4.0,Medium,7.0,1.0,8.0,59.0,31-60 days,2559.89,2092.62,99.65,21.0,Not Applicable,0.0
CUST-046482,0,Consumer,57.0,4.0,Medium,13.0,14.0,3.0,47.0,31-60 days,54980.09,48483.32,1864.74,26.0,Not Applicable,0.0
CUST-011157,0,Premium,50.0,2.0,Low,2.0,5.0,7.0,4.0,0-30 days,36036.71,38193.91,1232.06,31.0,Not Applicable,0.0
CUST-004007,1,Enterprise,4.0,1.0,Medium,17.0,21.0,7.0,83.0,61-90 days,4630.55,4107.32,513.41,8.0,Payment Problems,1642.9279999999999
CUST-015704,1,Consumer,7.0,2.0,Low,19.0,0.0,1.0,37.0,31-60 days,28347.99,23145.75,1928.81,12.0,Better Price Elsewhere,9258.3
CUST-024340,0,Consumer,58.0,1.0,Medium,6.0,2.0,8.0,53.0,31-60 days,36840.51,35389.98,35389.98,1.0,Not Applicable,0.0
CUST-016535,0,Premium,42.0,3.0,Medium,7.0,5.0,2.0,321.0,271-365 days,28569.08,24219.27,8073.09,3.0,Not Applicable,0.0
CUST-016443,0,Consumer,8.0,4.0,Medium,17.0,5.0,4.0,69.0,61-90 days,31496.45,38605.92,965.15,40.0,Not Applicable,0.0
CUST-024950,1,Enterprise,23.0,2.0,High,1.0,2.0,4.0,69.0,61-90 days,24191.14,24879.83,2073.32,12.0,Better Price Elsewhere,9951.932
CUST-014515,1,Consumer,45.0,5.0,Low,10.0,10.0,5.0,83.0,61-90 days,32527.06,35168.99,3516.9,10.0,Poor Customer Service,14067.596
CUST-023817,0,Enterprise,5.0,4.0,Medium,8.0,2.0,7.0,24.0,0-30 days,3666.29,3744.94,249.66,15.0,Not Applicable,0.0
CUST-009009,0,Small Business,3.0,3.0,Low,5.0,1.0,6.0,48.0,31-60 days,40745.99,41317.14,1116.68,37.0,Not Applicable,0.0
CUST-041618,0,Small Business,7.0,3.0,High,8.0,5.0,6.0,75.0,61-90 days,27662.57,26455.06,2405.01,11.0,Not Applicable,0.0
CUST-025700,0,Small Business,36.0,4.0,Medium,15.0,18.0,5.0,32.0,31-60 days,19558.35,16033.97,1233.38,13.0,Not Applicable,0.0
CUST-047055,1,Consumer,41.0,4.0,Low,10.0,3.0,1.0,5.0,0-30 days,50313.64,43777.8,1122.51,39.0,Poor Product Quality,17511.120000000006
CUST-018158,0,Consumer,35.0,4.0,Medium,8.0,2.0,2.0,75.0,61-90 days,5802.66,5257.69,138.36,38.0,Not Applicable,0.0
CUST-030676,0,Consumer,59.0,5.0,High,6.0,3.0,2.0,154.0,91-180 days,15511.91,16129.85,733.18,22.0,Not Applicable,0.0
CUST-036163,0,Premium,45.0,2.0,Medium,5.0,2.0,7.0,291.0,271-365 days,52565.15,48339.63,2101.72,23.0,Not Applicable,0.0
CUST-015999,0,Premium,53.0,4.0,Medium,5.0,5.0,0.0,45.0,31-60 days,40320.14,33166.71,4145.84,8.0,Not Applicable,0.0
CUST-015671,1,Consumer,2.0,1.0,Low,18.0,12.0,0.0,72.0,61-90 days,36700.41,29135.91,882.91,33.0,Better Price Elsewhere,11654.364
CUST-007655,0,Premium,37.0,1.0,Low,12.0,13.0,4.0,65.0,61-90 days,59993.8,46380.62,1932.53,24.0,Not Applicable,0.0
CUST-002076,0,Consumer,58.0,3.0,Medium,14.0,7.0,7.0,26.0,0-30 days,14335.04,14352.37,318.94,45.0,Not Applicable,0.0
CUST-023393,0,Premium,30.0,4.0,High,10.0,2.0,4.0,23.0,0-30 days,11622.12,12943.65,6471.82,2.0,Not Applicable,0.0
CUST-021023,0,Small Business,3.0,1.0,High,7.0,9.0,9.0,12.0,0-30 days,34244.01,34206.26,2631.25,13.0,Not Applicable,0.0
CUST-031674,0,Premium,54.0,4.0,High,17.0,7.0,6.0,36.0,31-60 days,22829.52,20899.68,1741.64,12.0,Not Applicable,0.0
CUST-021227,0,Consumer,24.0,1.0,High,0.0,3.0,6.0,37.0,31-60 days,21945.29,18123.02,377.56,48.0,Not Applicable,0.0
CUST-031644,1,Consumer,3.0,4.0,Low,3.0,6.0,0.0,80.0,61-90 days,40156.44,43176.39,1392.79,31.0,Found Alternative,17270.556
CUST-032286,1,Consumer,18.0,5.0,High,17.0,7.0,2.0,213.0,181-270 days,17273.55,21530.14,742.42,29.0,Poor Product Quality,8612.056
CUST-027987,1,Premium,9.0,2.0,Medium,12.0,3.0,9.0,84.0,61-90 days,4846.8,4847.53,186.44,26.0,Poor Product Quality,1939.012
CUST-014440,1,Premium,19.0,1.0,Medium,18.0,15.0,1.0,28.0,0-30 days,37636.62,34206.29,1368.25,25.0,Poor Customer Service,13682.516000000001
CUST-009858,0,Consumer,27.0,5.0,High,16.0,2.0,4.0,65.0,61-90 days,12154.91,13889.37,375.39,37.0,Not Applicable,0.0
CUST-046572,1,Premium,34.0,1.0,High,12.0,10.0,9.0,363.0,271-365 days,8207.23,8144.14,280.83,29.0,Low Product Variety,3257.6560000000004
CUST-020134,1,Premium,44.0,1.0,Medium,19.0,9.0,6.0,61.0,61-90 days,35031.44,31749.3,774.37,41.0,Found Alternative,12699.72
CUST-007668,0,Premium,55.0,4.0,High,11.0,6.0,8.0,87.0,61-90 days,29677.84,36561.86,9140.47,4.0,Not Applicable,0.0
CUST-044436,0,Enterprise,47.0,2.0,High,13.0,10.0,4.0,39.0,31-60 days,50768.04,45254.32,923.56,49.0,Not Applicable,0.0
CUST-030173,0,Small Business,50.0,5.0,High,3.0,4.0,4.0,30.0,0-30 days,23362.38,18113.79,402.53,45.0,Not Applicable,0.0
CUST-019793,0,Small Business,54.0,1.0,High,10.0,14.0,4.0,310.0,271-365 days,28979.36,29899.99,3322.22,9.0,Not Applicable,0.0
CUST-014877,0,Premium,9.0,5.0,High,8.0,4.0,8.0,66.0,61-90 days,38178.04,32366.55,1078.88,30.0,Not Applicable,0.0
CUST-038783,1,Small Business,3.0,5.0,Medium,13.0,10.0,8.0,278.0,271-365 days,49621.61,46653.05,3887.75,12.0,Payment Problems,18661.22
CUST-038322,0,Premium,6.0,3.0,Medium,6.0,0.0,4.0,17.0,0-30 days,1029.88,827.29,0.0,0.0,Not Applicable,0.0
CUST-006161,0,Premium,42.0,1.0,High,0.0,3.0,8.0,118.0,91-180 days,7932.27,8657.28,320.64,27.0,Not Applicable,0.0
CUST-017491,0,Small Business,17.0,5.0,Low,4.0,5.0,8.0,56.0,31-60 days,35805.82,34393.58,799.85,43.0,Not Applicable,0.0
CUST-043402,1,Small Business,14.0,2.0,Medium,4.0,0.0,9.0,265.0,181-270 days,27289.62,25847.11,4307.85,6.0,Found Alternative,10338.844000000001
CUST-026549,1,Consumer,29.0,3.0,Low,4.0,6.0,0.0,71.0,61-90 days,47644.84,37246.05,1330.22,28.0,Poor Product Quality,14898.420000000002
CUST-006654,0,Premium,19.0,4.0,Low,17.0,21.0,9.0,15.0,0-30 days,21672.91,18460.87,595.51,31.0,Not Applicable,0.0
CUST-028161,1,Consumer,32.0,2.0,Low,15.0,14.0,7.0,51.0,31-60 days,42988.2,36791.7,1471.67,25.0,Shipping Issues,14716.68
CUST-027001,1,Consumer,43.0,1.0,Low,13.0,14.0,5.0,15.0,0-30 days,35696.31,33172.61,0.0,0.0,Poor Product Quality,13269.044000000002
CUST-018216,0,Consumer,32.0,5.0,High,1.0,3.0,6.0,51.0,31-60 days,21685.98,23903.17,663.98,36.0,Not Applicable,0.0
CUST-040794,1,Consumer,8.0,4.0,Low,8.0,3.0,9.0,294.0,271-365 days,30835.84,29555.18,2111.08,14.0,Poor Customer Service,11822.072
CUST-045242,1,Consumer,50.0,3.0,Low,18.0,15.0,2.0,89.0,61-90 days,3846.49,3222.65,111.13,29.0,Found Alternative,1289.0600000000004
CUST-016208,0,Consumer,17.0,2.0,Medium,6.0,8.0,2.0,37.0,31-60 days,55210.52,47960.97,2821.23,17.0,Not Applicable,0.0
CUST-000181,0,Consumer,29.0,4.0,Low,0.0,0.0,5.0,8.0,0-30 days,17512.94,18748.57,398.91,47.0,Not Applicable,0.0
CUST-023832,0,Premium,18.0,3.0,Medium,1.0,5.0,8.0,5.0,0-30 days,47126.97,38359.02,1475.35,26.0,Not Applicable,0.0
CUST-001986,1,Consumer,18.0,1.0,Low,6.0,4.0,8.0,354.0,271-365 days,5505.39,6293.41,185.1,34.0,Poor Product Quality,2517.364
CUST-017654,1,Consumer,1.0,1.0,High,8.0,1.0,0.0,19.0,0-30 days,26669.98,33259.62,1279.22,26.0,Better Price Elsewhere,13303.848000000002
CUST-012128,0,Small Business,23.0,3.0,Low,14.0,11.0,8.0,254.0,181-270 days,19980.73,20312.11,923.28,22.0,Not Applicable,0.0
CUST-009671,0,Small Business,19.0,1.0,High,4.0,8.0,2.0,41.0,31-60 days,22173.73,22551.44,501.14,45.0,Not Applicable,0.0
CUST-045540,0,Consumer,50.0,3.0,Low,7.0,6.0,1.0,33.0,31-60 days,43949.18,44759.31,1209.71,37.0,Not Applicable,0.0
CUST-035648,0,Consumer,13.0,1.0,Medium,18.0,1.0,3.0,38.0,31-60 days,16904.35,14238.43,889.9,16.0,Not Applicable,0.0
CUST-040636,0,Consumer,33.0,4.0,High,0.0,2.0,7.0,197.0,181-270 days,22431.71,22496.3,468.67,48.0,Not Applicable,0.0
CUST-007694,1,Consumer,26.0,2.0,High,12.0,4.0,2.0,307.0,271-365 days,32799.8,28195.02,2168.85,13.0,Found Alternative,11278.008000000002
CUST-028537,0,Enterprise,36.0,5.0,Medium,7.0,4.0,1.0,25.0,0-30 days,33513.72,27435.31,1714.71,16.0,Not Applicable,0.0
CUST-048475,0,Premium,41.0,1.0,Low,13.0,16.0,0.0,58.0,31-60 days,9165.94,11311.57,565.58,20.0,Not Applicable,0.0
CUST-041498,0,Consumer,20.0,5.0,High,12.0,4.0,8.0,36.0,31-60 days,22245.44,21357.92,2669.74,8.0,Not Applicable,0.0
CUST-039603,0,Premium,42.0,5.0,High,15.0,19.0,3.0,14.0,0-30 days,33444.9,27106.42,752.96,36.0,Not Applicable,0.0
CUST-017438,0,Small Business,23.0,3.0,Low,17.0,2.0,3.0,16.0,0-30 days,20990.53,18901.38,525.04,36.0,Not Applicable,0.0
CUST-034003,0,Consumer,28.0,3.0,High,6.0,10.0,5.0,34.0,31-60 days,38391.29,38649.91,1073.61,36.0,Not Applicable,0.0
CUST-002223,1,Consumer,27.0,4.0,Medium,15.0,11.0,2.0,52.0,31-60 days,49046.86,42383.44,1569.76,27.0,No Longer Need Service,16953.376
CUST-031036,0,Premium,26.0,3.0,Low,11.0,4.0,8.0,8.0,0-30 days,21269.01,21112.52,917.94,23.0,Not Applicable,0.0
CUST-012364,1,Enterprise,52.0,3.0,Low,9.0,5.0,4.0,144.0,91-180 days,42176.32,44167.66,2103.22,21.0,No Longer Need Service,17667.064000000002
CUST-036243,0,Small Business,25.0,1.0,High,11.0,12.0,1.0,207.0,181-270 days,45156.94,38995.14,829.68,47.0,Not Applicable,0.0
CUST-030951,0,Small Business,11.0,5.0,High,8.0,12.0,2.0,11.0,0-30 days,23015.87,20643.9,825.76,25.0,Not Applicable,0.0
CUST-033956,0,Small Business,51.0,3.0,Low,11.0,15.0,6.0,120.0,91-180 days,11436.5,10913.93,0.0,0.0,Not Applicable,0.0
CUST-039127,0,Premium,7.0,5.0,Medium,13.0,17.0,6.0,101.0,91-180 days,18543.21,16141.83,701.82,23.0,Not Applicable,0.0
CUST-031105,0,Small Business,10.0,4.0,Low,16.0,18.0,1.0,69.0,61-90 days,15810.16,16189.59,703.9,23.0,Not Applicable,0.0
CUST-015778,0,Premium,35.0,4.0,Low,15.0,14.0,2.0,296.0,271-365 days,49913.7,41866.16,1495.22,28.0,Not Applicable,0.0
CUST-026964,0,Consumer,40.0,4.0,Low,2.0,1.0,6.0,79.0,61-90 days,3859.26,3559.5,86.82,41.0,Not Applicable,0.0
CUST-031099,1,Consumer,27.0,1.0,Medium,18.0,3.0,6.0,66.0,61-90 days,18700.09,20607.48,468.35,44.0,Low Product Variety,8242.992
CUST-036127,1,Consumer,55.0,1.0,Low,19.0,7.0,3.0,45.0,31-60 days,34246.94,27383.45,651.99,42.0,Low Product Variety,10953.38
CUST-042326,0,Consumer,21.0,5.0,Medium,8.0,5.0,3.0,51.0,31-60 days,38208.68,40381.75,1495.62,27.0,Not Applicable,0.0
CUST-041992,0,Premium,31.0,3.0,Low,14.0,5.0,8.0,57.0,31-60 days,2951.51,3198.62,88.85,36.0,Not Applicable,0.0
CUST-016755,0,Small Business,44.0,4.0,Medium,9.0,11.0,4.0,18.0,0-30 days,37685.46,41623.8,2601.49,16.0,Not Applicable,0.0
CUST-045170,0,Consumer,14.0,2.0,Medium,10.0,11.0,4.0,270.0,181-270 days,16001.55,19468.27,748.78,26.0,Not Applicable,0.0
CUST-016843,1,Consumer,45.0,5.0,High,16.0,8.0,8.0,32.0,31-60 days,6187.37,5646.53,209.13,27.0,Shipping Issues,2258.612
CUST-030600,0,Enterprise,44.0,2.0,Medium,19.0,21.0,8.0,237.0,181-270 days,24074.74,29350.34,863.25,34.0,Not Applicable,0.0
CUST-027581,0,Small Business,45.0,4.0,Medium,0.0,2.0,5.0,163.0,91-180 days,44025.05,35021.31,0.0,0.0,Not Applicable,0.0
CUST-019940,1,Premium,43.0,1.0,High,16.0,15.0,0.0,73.0,61-90 days,40246.1,32839.9,1026.25,32.0,Found Alternative,13135.96
CUST-021049,0,Premium,19.0,5.0,Medium,12.0,5.0,7.0,66.0,61-90 days,40308.04,41963.79,4196.38,10.0,Not Applicable,0.0
CUST-042774,1,Consumer,13.0,1.0,Low,8.0,11.0,5.0,308.0,271-365 days,39549.2,31126.56,676.66,46.0,Poor Customer Service,12450.624000000002
CUST-014085,1,Small Business,7.0,2.0,Medium,1.0,2.0,7.0,39.0,31-60 days,13849.3,15049.46,442.63,34.0,Poor Product Quality,6019.7840000000015
CUST-047956,1,Premium,18.0,5.0,Low,16.0,5.0,5.0,348.0,271-365 days,33811.47,41003.03,1322.68,31.0,Poor Product Quality,16401.212
CUST-039188,0,Premium,23.0,5.0,Low,6.0,2.0,1.0,1.0,0-30 days,57084.02,44858.88,1121.47,40.0,Not Applicable,0.0
CUST-031619,0,Premium,13.0,4.0,High,6.0,1.0,0.0,33.0,31-60 days,17504.05,14574.87,4858.29,3.0,Not Applicable,0.0
CUST-016163,1,Consumer,51.0,3.0,Medium,13.0,10.0,9.0,2.0,0-30 days,47406.32,44871.28,1094.42,41.0,No Longer Need Service,17948.512
CUST-004885,1,Small Business,27.0,1.0,Low,2.0,6.0,4.0,115.0,91-180 days,18547.54,16438.2,714.7,23.0,Poor Customer Service,6575.2800000000025
CUST-034368,1,Consumer,58.0,3.0,Low,17.0,0.0,7.0,133.0,91-180 days,49194.17,45696.03,1827.84,25.0,Payment Problems,18278.412
CUST-015275,0,Consumer,33.0,4.0,Medium,19.0,16.0,1.0,15.0,0-30 days,54161.05,45051.6,1802.06,25.0,Not Applicable,0.0
CUST-011229,0,Consumer,28.0,3.0,Medium,8.0,0.0,9.0,177.0,91-180 days,48349.39,44427.56,2468.2,18.0,Not Applicable,0.0
CUST-008048,0,Consumer,8.0,3.0,Medium,0.0,4.0,4.0,144.0,91-180 days,13841.03,12518.04,272.13,46.0,Not Applicable,0.0
CUST-043403,0,Consumer,15.0,5.0,Medium,0.0,2.0,5.0,290.0,271-365 days,29830.75,25299.07,1011.96,25.0,Not Applicable,0.0
CUST-028201,0,Consumer,17.0,1.0,Low,0.0,2.0,7.0,117.0,91-180 days,16065.93,12844.52,475.72,27.0,Not Applicable,0.0
CUST-025953,1,Premium,17.0,2.0,Medium,16.0,3.0,2.0,168.0,91-180 days,23793.4,27931.24,27931.24,1.0,Poor Product Quality,11172.496000000001
CUST-034596,0,Small Business,21.0,5.0,Medium,3.0,2.0,9.0,195.0,181-270 days,43667.31,47713.53,1037.25,46.0,Not Applicable,0.0
CUST-032068,1,Consumer,22.0,4.0,Low,16.0,11.0,0.0,59.0,31-60 days,8423.69,6617.53,178.85,37.0,Technical Issues,2647.012
CUST-048125,1,Premium,18.0,3.0,Low,4.0,3.0,7.0,200.0,181-270 days,32392.66,28361.13,886.29,32.0,Shipping Issues,11344.452
CUST-022123,0,Small Business,26.0,5.0,High,7.0,3.0,6.0,143.0,91-180 days,36860.71,38863.51,1079.54,36.0,Not Applicable,0.0
CUST-020548,0,Premium,37.0,3.0,Medium,12.0,14.0,1.0,182.0,181-270 days,36722.3,44494.47,1271.27,35.0,Not Applicable,0.0
CUST-035964,1,Consumer,24.0,2.0,Medium,4.0,7.0,5.0,121.0,91-180 days,42157.46,42138.6,2341.03,18.0,No Longer Need Service,16855.44
CUST-043932,1,Small Business,53.0,5.0,Low,6.0,2.0,8.0,41.0,31-60 days,13753.25,14022.71,824.87,17.0,Found Alternative,5609.084
CUST-027082,0,Consumer,43.0,4.0,Low,17.0,20.0,4.0,3.0,0-30 days,37301.57,41690.56,868.55,48.0,Not Applicable,0.0
CUST-006956,0,Consumer,7.0,4.0,Medium,8.0,10.0,1.0,325.0,271-365 days,35630.47,31927.2,3990.9,8.0,Not Applicable,0.0
CUST-044657,0,Consumer,45.0,5.0,Medium,9.0,10.0,5.0,199.0,181-270 days,19395.88,21513.73,614.68,35.0,Not Applicable,0.0
CUST-038035,0,Consumer,50.0,4.0,Medium,10.0,8.0,1.0,2.0,0-30 days,33881.7,28512.64,1018.31,28.0,Not Applicable,0.0
CUST-029532,0,Consumer,54.0,5.0,Medium,3.0,1.0,1.0,79.0,61-90 days,2998.1,2624.83,114.12,23.0,Not Applicable,0.0
CUST-025590,0,Consumer,11.0,3.0,Medium,19.0,9.0,4.0,331.0,271-365 days,33064.55,29989.28,1153.43,26.0,Not Applicable,0.0
CUST-036628,0,Small Business,4.0,5.0,Low,4.0,4.0,3.0,109.0,91-180 days,22873.28,19035.07,500.92,38.0,Not Applicable,0.0
CUST-000755,1,Premium,2.0,2.0,High,0.0,4.0,4.0,16.0,0-30 days,14697.04,15391.79,349.81,44.0,Poor Product Quality,6156.7159999999985
CUST-001572,0,Small Business,50.0,5.0,High,8.0,11.0,5.0,19.0,0-30 days,4466.98,5293.83,661.73,8.0,Not Applicable,0.0
CUST-047285,0,Consumer,6.0,5.0,Medium,17.0,2.0,5.0,74.0,61-90 days,33128.95,32733.93,4091.74,8.0,Not Applicable,0.0
CUST-031901,0,Premium,43.0,5.0,Medium,18.0,9.0,8.0,31.0,31-60 days,28013.28,22533.76,3219.11,7.0,Not Applicable,0.0
CUST-046985,1,Premium,46.0,5.0,High,1.0,4.0,9.0,65.0,61-90 days,17613.05,19212.49,6404.16,3.0,Technical Issues,7684.996000000001
CUST-006357,0,Enterprise,26.0,4.0,Medium,9.0,1.0,9.0,37.0,31-60 days,49382.78,47614.34,1190.36,40.0,Not Applicable,0.0
CUST-021410,0,Consumer,15.0,5.0,High,11.0,9.0,7.0,15.0,0-30 days,12042.39,13879.96,347.0,40.0,Not Applicable,0.0
CUST-009570,1,Premium,49.0,2.0,Medium,15.0,18.0,2.0,321.0,271-365 days,44089.78,38751.05,968.78,40.0,Poor Customer Service,15500.420000000002
CUST-030960,1,Premium,48.0,1.0,High,16.0,1.0,4.0,255.0,181-270 days,5786.29,4702.74,95.97,49.0,Poor Product Quality,1881.096
CUST-026645,0,Premium,16.0,1.0,Low,3.0,7.0,6.0,23.0,0-30 days,8898.84,7684.38,7684.38,1.0,Not Applicable,0.0
CUST-029353,0,Small Business,28.0,4.0,High,4.0,1.0,2.0,52.0,31-60 days,31125.06,25125.69,3140.71,8.0,Not Applicable,0.0
CUST-023618,1,Consumer,39.0,2.0,Low,8.0,7.0,5.0,134.0,91-180 days,26770.34,22973.09,1351.36,17.0,Poor Product Quality,9189.236
CUST-033565,0,Consumer,57.0,3.0,Low,2.0,2.0,0.0,238.0,181-270 days,18940.56,16401.3,911.18,18.0,Not Applicable,0.0
CUST-019883,0,Consumer,42.0,5.0,Low,7.0,11.0,2.0,78.0,61-90 days,25190.58,19785.76,482.58,41.0,Not Applicable,0.0
CUST-003409,0,Consumer,1.0,5.0,Medium,1.0,0.0,0.0,48.0,31-60 days,46327.69,41874.41,1550.9,27.0,Not Applicable,0.0
CUST-010607,1,Consumer,2.0,4.0,High,19.0,15.0,2.0,39.0,31-60 days,47667.62,45978.13,5747.27,8.0,Poor Product Quality,18391.252
CUST-000025,1,Premium,16.0,1.0,High,17.0,8.0,6.0,4.0,0-30 days,16404.39,18743.77,2082.64,9.0,Better Price Elsewhere,7497.5080000000025
CUST-000435,0,Small Business,43.0,5.0,Medium,18.0,15.0,0.0,28.0,0-30 days,19001.38,16743.81,797.32,21.0,Not Applicable,0.0
CUST-040093,1,Consumer,54.0,4.0,Low,9.0,9.0,8.0,229.0,181-270 days,10471.85,9141.56,304.72,30.0,Payment Problems,3656.624
CUST-041134,1,Consumer,25.0,1.0,Medium,7.0,10.0,5.0,59.0,31-60 days,7002.88,8645.64,221.68,39.0,Shipping Issues,3458.256
CUST-007923,1,Enterprise,40.0,1.0,Low,4.0,3.0,8.0,57.0,31-60 days,14819.2,12656.09,333.06,38.0,Shipping Issues,5062.4360000000015
CUST-026582,0,Premium,6.0,5.0,High,7.0,0.0,3.0,33.0,31-60 days,51110.28,46644.65,1014.01,46.0,Not Applicable,0.0
CUST-029278,0,Consumer,51.0,4.0,Medium,19.0,10.0,3.0,68.0,61-90 days,37878.74,37153.24,790.49,47.0,Not Applicable,0.0
CUST-033997,0,Small Business,37.0,4.0,High,11.0,13.0,3.0,219.0,181-270 days,19088.83,15094.58,471.71,32.0,Not Applicable,0.0
CUST-029136,0,Enterprise,44.0,1.0,Medium,9.0,8.0,7.0,19.0,0-30 days,3918.24,3167.25,186.31,17.0,Not Applicable,0.0
CUST-037090,1,Small Business,54.0,1.0,Medium,13.0,8.0,7.0,8.0,0-30 days,10277.37,9849.86,656.66,15.0,Poor Customer Service,3939.9440000000004
CUST-036508,0,Consumer,14.0,3.0,High,4.0,4.0,7.0,240.0,181-270 days,42768.0,41948.69,2097.43,20.0,Not Applicable,0.0
CUST-039677,0,Small Business,7.0,2.0,Medium,14.0,7.0,4.0,11.0,0-30 days,1038.01,1163.3,28.37,41.0,Not Applicable,0.0
CUST-033177,1,Enterprise,42.0,1.0,Low,17.0,21.0,6.0,61.0,61-90 days,56128.49,48318.92,1725.68,28.0,Too Expensive,19327.568
CUST-024678,0,Small Business,36.0,3.0,High,18.0,15.0,4.0,2.0,0-30 days,24204.12,19957.97,997.9,20.0,Not Applicable,0.0
CUST-012266,0,Consumer,8.0,2.0,Medium,7.0,3.0,7.0,54.0,31-60 days,35325.07,37254.26,1201.75,31.0,Not Applicable,0.0
CUST-040649,1,Small Business,58.0,2.0,Medium,15.0,10.0,5.0,32.0,31-60 days,37897.83,44454.01,1234.83,36.0,Poor Customer Service,17781.604000000007
CUST-002632,0,Consumer,33.0,1.0,High,12.0,13.0,8.0,277.0,271-365 days,25325.23,28955.25,2895.53,10.0,Not Applicable,0.0
CUST-013062,0,Enterprise,1.0,2.0,Medium,4.0,6.0,3.0,14.0,0-30 days,62868.48,49469.26,3533.52,14.0,Not Applicable,0.0
CUST-000327,0,Enterprise,8.0,2.0,High,0.0,3.0,4.0,6.0,0-30 days,36566.75,30043.96,1767.29,17.0,Not Applicable,0.0
CUST-013285,0,Enterprise,34.0,3.0,High,7.0,3.0,7.0,316.0,271-365 days,31482.56,39094.03,909.16,43.0,Not Applicable,0.0
CUST-042816,0,Small Business,1.0,4.0,Medium,8.0,11.0,9.0,27.0,0-30 days,33179.73,38382.65,3489.33,11.0,Not Applicable,0.0
CUST-015809,1,Consumer,16.0,2.0,High,4.0,3.0,7.0,320.0,271-365 days,48185.23,45898.03,2415.69,19.0,Poor Product Quality,18359.212
CUST-007125,1,Consumer,36.0,2.0,Low,5.0,5.0,6.0,81.0,61-90 days,56466.54,46485.13,46485.13,1.0,Payment Problems,18594.052
CUST-011672,0,Consumer,33.0,4.0,Medium,1.0,4.0,9.0,55.0,31-60 days,40180.94,47399.09,1102.3,43.0,Not Applicable,0.0
CUST-041364,1,Small Business,14.0,2.0,High,16.0,14.0,4.0,155.0,91-180 days,33582.29,36133.82,1290.49,28.0,Better Price Elsewhere,14453.528
CUST-039040,0,Small Business,32.0,1.0,Medium,14.0,16.0,2.0,121.0,91-180 days,34937.54,39833.26,1327.78,30.0,Not Applicable,0.0
CUST-023493,1,Premium,14.0,1.0,Low,7.0,9.0,7.0,35.0,31-60 days,18894.32,14935.5,364.28,41.0,Shipping Issues,5974.200000000003
CUST-018551,0,Premium,59.0,3.0,High,11.0,1.0,9.0,78.0,61-90 days,14812.09,15223.18,845.73,18.0,Not Applicable,0.0
CUST-018558,0,Consumer,11.0,5.0,Medium,17.0,10.0,8.0,336.0,271-365 days,55866.75,44174.58,2454.14,18.0,Not Applicable,0.0
CUST-003020,1,Small Business,52.0,3.0,High,7.0,10.0,0.0,299.0,271-365 days,31967.81,31339.14,2238.51,14.0,No Longer Need Service,12535.656
CUST-044668,0,Small Business,21.0,4.0,High,16.0,7.0,3.0,287.0,271-365 days,11638.72,10999.3,1099.93,10.0,Not Applicable,0.0
CUST-010968,0,Small Business,14.0,4.0,High,0.0,0.0,0.0,70.0,61-90 days,42155.27,45373.41,1260.37,36.0,Not Applicable,0.0
CUST-041204,1,Enterprise,55.0,1.0,Low,4.0,1.0,5.0,253.0,181-270 days,39233.38,38958.57,2291.68,17.0,Poor Product Quality,15583.428
CUST-042279,0,Enterprise,47.0,3.0,Medium,2.0,4.0,7.0,13.0,0-30 days,40688.02,46861.51,15620.5,3.0,Not Applicable,0.0
CUST-047374,0,Consumer,49.0,1.0,Medium,2.0,0.0,3.0,61.0,61-90 days,10661.95,10829.02,721.93,15.0,Not Applicable,0.0
CUST-012152,1,Small Business,15.0,1.0,Low,6.0,5.0,9.0,81.0,61-90 days,3700.03,3211.09,80.28,40.0,Better Price Elsewhere,1284.4360000000001
CUST-032145,0,Consumer,42.0,4.0,Low,1.0,0.0,1.0,51.0,31-60 days,58858.64,45736.72,1633.45,28.0,Not Applicable,0.0
CUST-035297,0,Premium,33.0,5.0,High,18.0,14.0,0.0,4.0,0-30 days,32760.71,40883.3,6813.88,6.0,Not Applicable,0.0
CUST-004326,1,Consumer,53.0,2.0,High,15.0,8.0,8.0,7.0,0-30 days,1721.45,1347.24,30.62,44.0,Better Price Elsewhere,538.8960000000002
CUST-040963,0,Premium,9.0,5.0,Low,16.0,7.0,8.0,36.0,31-60 days,37656.84,29181.24,4168.75,7.0,Not Applicable,0.0
CUST-039328,0,Consumer,31.0,2.0,Medium,6.0,9.0,0.0,11.0,0-30 days,16260.41,16192.09,449.78,36.0,Not Applicable,0.0
CUST-027455,0,Consumer,40.0,3.0,Medium,7.0,3.0,3.0,14.0,0-30 days,39062.12,40554.17,0.0,0.0,Not Applicable,0.0
CUST-020446,1,Premium,26.0,5.0,Low,1.0,3.0,9.0,12.0,0-30 days,39105.21,46442.64,1009.62,46.0,Found Alternative,18577.056
CUST-034679,0,Premium,30.0,4.0,Medium,12.0,12.0,5.0,32.0,31-60 days,26068.99,20275.97,506.9,40.0,Not Applicable,0.0
CUST-001601,1,Premium,36.0,4.0,Low,11.0,14.0,6.0,66.0,61-90 days,29053.38,31674.27,646.41,49.0,Found Alternative,12669.708
CUST-029194,0,Premium,52.0,3.0,Low,15.0,6.0,6.0,62.0,61-90 days,41852.33,33972.4,2426.6,14.0,Not Applicable,0.0
CUST-013512,1,Consumer,45.0,2.0,High,18.0,11.0,2.0,343.0,271-365 days,27189.16,29706.28,632.05,47.0,Poor Customer Service,11882.512
CUST-047000,1,Consumer,25.0,3.0,High,10.0,1.0,8.0,15.0,0-30 days,33673.0,38520.03,963.0,40.0,Too Expensive,15408.012
CUST-023778,1,Consumer,3.0,1.0,Low,1.0,0.0,5.0,72.0,61-90 days,8913.36,6892.28,405.43,17.0,Too Expensive,2756.912000000001
CUST-007967,0,Premium,14.0,3.0,Low,8.0,12.0,2.0,19.0,0-30 days,18655.61,20503.05,455.62,45.0,Not Applicable,0.0
CUST-009921,0,Consumer,6.0,4.0,Medium,3.0,3.0,4.0,80.0,61-90 days,16048.67,15668.18,423.46,37.0,Not Applicable,0.0
CUST-028239,0,Premium,7.0,1.0,Medium,2.0,2.0,8.0,286.0,271-365 days,20576.29,20533.77,1080.72,19.0,Not Applicable,0.0
CUST-037405,0,Premium,42.0,4.0,Low,0.0,2.0,2.0,33.0,31-60 days,46869.73,48813.95,2122.35,23.0,Not Applicable,0.0
CUST-048533,0,Small Business,8.0,1.0,Medium,10.0,13.0,6.0,58.0,31-60 days,39991.67,45321.67,45321.67,1.0,Not Applicable,0.0
CUST-007429,0,Small Business,43.0,1.0,Medium,9.0,13.0,1.0,33.0,31-60 days,44562.06,43323.54,1732.94,25.0,Not Applicable,0.0
CUST-012901,0,Consumer,35.0,5.0,Medium,10.0,11.0,7.0,27.0,0-30 days,23579.06,26754.89,2972.77,9.0,Not Applicable,0.0
CUST-043591,1,Premium,17.0,2.0,Low,9.0,5.0,3.0,36.0,31-60 days,33412.87,35661.04,727.78,49.0,Poor Customer Service,14264.416000000001
CUST-027592,1,Consumer,33.0,2.0,Medium,10.0,13.0,5.0,188.0,181-270 days,48976.61,49863.98,2077.67,24.0,Poor Customer Service,19945.592000000004
CUST-031122,1,Premium,51.0,5.0,High,18.0,13.0,2.0,37.0,31-60 days,51566.91,40666.77,2904.77,14.0,Technical Issues,16266.708
CUST-025237,0,Consumer,57.0,5.0,High,8.0,10.0,1.0,18.0,0-30 days,38125.89,36074.38,858.91,42.0,Not Applicable,0.0
CUST-025850,0,Enterprise,41.0,1.0,High,5.0,3.0,1.0,3.0,0-30 days,49163.62,43571.19,1361.6,32.0,Not Applicable,0.0
CUST-012119,0,Consumer,32.0,3.0,Medium,3.0,0.0,2.0,33.0,31-60 days,3937.8,3852.44,385.24,10.0,Not Applicable,0.0
CUST-031889,1,Premium,50.0,4.0,Medium,19.0,21.0,6.0,73.0,61-90 days,32243.88,30491.68,622.28,49.0,Too Expensive,12196.672
CUST-035613,0,Small Business,26.0,3.0,High,2.0,4.0,4.0,85.0,61-90 days,23651.9,22461.49,522.36,43.0,Not Applicable,0.0
CUST-009192,1,Enterprise,41.0,5.0,Low,9.0,12.0,4.0,355.0,271-365 days,24523.35,21140.9,1174.49,18.0,Poor Product Quality,8456.36
CUST-030998,0,Premium,21.0,3.0,Medium,5.0,1.0,5.0,191.0,181-270 days,45883.73,46258.46,4205.31,11.0,Not Applicable,0.0
CUST-041505,1,Premium,35.0,3.0,Low,6.0,4.0,5.0,9.0,0-30 days,27054.4,26741.09,955.04,28.0,Found Alternative,10696.436000000003
CUST-039981,0,Premium,19.0,2.0,Medium,4.0,8.0,5.0,32.0,31-60 days,36675.03,34901.72,918.47,38.0,Not Applicable,0.0
CUST-000630,0,Premium,34.0,2.0,High,0.0,3.0,5.0,43.0,31-60 days,3488.85,2691.07,299.01,9.0,Not Applicable,0.0
CUST-018669,0,Premium,7.0,3.0,Low,7.0,1.0,8.0,55.0,31-60 days,19188.2,22239.8,926.66,24.0,Not Applicable,0.0
CUST-002251,0,Consumer,41.0,4.0,High,17.0,9.0,2.0,22.0,0-30 days,41309.27,36372.1,845.86,43.0,Not Applicable,0.0
CUST-024045,1,Enterprise,41.0,5.0,Low,12.0,0.0,7.0,23.0,0-30 days,11210.16,9429.65,214.31,44.0,Low Product Variety,3771.86
CUST-016388,1,Small Business,11.0,1.0,Medium,19.0,16.0,3.0,48.0,31-60 days,27002.14,25174.43,629.36,40.0,Shipping Issues,10069.772
CUST-043408,1,Consumer,29.0,1.0,Low,7.0,9.0,5.0,182.0,181-270 days,55143.53,49021.93,2042.58,24.0,Better Price Elsewhere,19608.772
CUST-014269,0,Premium,55.0,3.0,Low,4.0,6.0,2.0,81.0,61-90 days,60061.39,49229.31,6153.66,8.0,Not Applicable,0.0
CUST-008088,1,Premium,48.0,4.0,Low,17.0,6.0,2.0,65.0,61-90 days,47113.48,43827.14,10956.78,4.0,Poor Customer Service,17530.856
CUST-015240,1,Small Business,56.0,1.0,Low,17.0,12.0,3.0,65.0,61-90 days,35922.32,35750.27,871.96,41.0,Too Expensive,14300.108
CUST-029717,1,Consumer,10.0,3.0,High,12.0,1.0,9.0,12.0,0-30 days,16445.87,13004.68,722.48,18.0,Payment Problems,5201.872
CUST-008101,1,Consumer,45.0,1.0,High,5.0,3.0,5.0,357.0,271-365 days,12233.96,13373.56,290.73,46.0,Poor Product Quality,5349.424
CUST-044350,1,Consumer,4.0,1.0,Medium,2.0,5.0,7.0,61.0,61-90 days,17161.53,13644.77,324.88,42.0,Poor Product Quality,5457.908
CUST-040740,1,Consumer,32.0,5.0,High,15.0,8.0,4.0,71.0,61-90 days,41835.44,46934.37,2607.47,18.0,Payment Problems,18773.748000000003
CUST-006727,0,Consumer,45.0,5.0,Medium,9.0,1.0,4.0,30.0,0-30 days,48855.43,41235.29,0.0,0.0,Not Applicable,0.0
CUST-031021,1,Premium,26.0,3.0,High,18.0,13.0,6.0,249.0,181-270 days,37510.26,36476.39,2805.88,13.0,Shipping Issues,14590.556
CUST-021266,0,Consumer,50.0,1.0,Medium,8.0,6.0,2.0,139.0,91-180 days,50225.58,48113.61,981.91,49.0,Not Applicable,0.0
CUST-043540,0,Small Business,43.0,1.0,High,17.0,18.0,3.0,53.0,31-60 days,59928.09,47637.36,2507.23,19.0,Not Applicable,0.0
CUST-046995,1,Premium,18.0,3.0,High,19.0,22.0,5.0,123.0,91-180 days,47545.95,40614.84,3692.26,11.0,Found Alternative,16245.936000000003
CUST-036862,1,Premium,44.0,4.0,Low,12.0,5.0,6.0,296.0,271-365 days,33183.11,29581.59,2689.24,11.0,Poor Customer Service,11832.636
CUST-001532,0,Small Business,33.0,2.0,Medium,18.0,6.0,6.0,74.0,61-90 days,54457.62,47945.32,3424.67,14.0,Not Applicable,0.0
CUST-027303,0,Enterprise,31.0,2.0,Medium,17.0,15.0,0.0,137.0,91-180 days,23953.49,21019.24,2335.47,9.0,Not Applicable,0.0
CUST-022433,0,Small Business,45.0,5.0,Medium,13.0,5.0,5.0,16.0,0-30 days,43602.23,36450.13,7290.03,5.0,Not Applicable,0.0
CUST-006251,0,Consumer,7.0,5.0,Medium,9.0,11.0,5.0,86.0,61-90 days,11676.54,11239.95,261.39,43.0,Not Applicable,0.0
CUST-019133,0,Consumer,30.0,5.0,Medium,15.0,9.0,8.0,228.0,181-270 days,31728.07,28203.0,5640.6,5.0,Not Applicable,0.0
CUST-004057,0,Premium,36.0,1.0,Medium,19.0,10.0,2.0,261.0,181-270 days,30504.17,34555.18,863.88,40.0,Not Applicable,0.0
CUST-048243,0,Small Business,38.0,5.0,Medium,15.0,15.0,4.0,6.0,0-30 days,46931.22,37404.67,1100.14,34.0,Not Applicable,0.0
CUST-024360,1,Consumer,53.0,1.0,High,17.0,5.0,3.0,25.0,0-30 days,12231.68,10961.24,249.12,44.0,Better Price Elsewhere,4384.496
CUST-018286,1,Consumer,35.0,3.0,Medium,4.0,8.0,7.0,248.0,181-270 days,47578.23,44034.66,2590.27,17.0,Shipping Issues,17613.863999999998
CUST-040577,0,Small Business,41.0,2.0,High,9.0,2.0,7.0,30.0,0-30 days,20775.05,17198.59,5732.86,3.0,Not Applicable,0.0
CUST-029483,1,Small Business,37.0,2.0,Medium,6.0,1.0,8.0,70.0,61-90 days,58485.63,47706.26,23853.13,2.0,Found Alternative,19082.504
CUST-001017,1,Consumer,32.0,4.0,Low,11.0,14.0,0.0,57.0,31-60 days,38194.82,39033.65,1219.8,32.0,Found Alternative,15613.46
CUST-032838,0,Small Business,51.0,1.0,Medium,5.0,7.0,2.0,229.0,181-270 days,30574.43,35335.43,3212.31,11.0,Not Applicable,0.0
CUST-026579,1,Enterprise,53.0,2.0,Medium,11.0,15.0,9.0,56.0,31-60 days,14758.07,13524.91,436.29,31.0,Better Price Elsewhere,5409.964
CUST-021769,1,Premium,52.0,3.0,Low,17.0,21.0,0.0,78.0,61-90 days,44049.15,34351.77,1374.07,25.0,Too Expensive,13740.708
CUST-019797,0,Small Business,58.0,3.0,Low,4.0,5.0,1.0,70.0,61-90 days,10393.42,11298.23,941.52,12.0,Not Applicable,0.0
CUST-037648,0,Small Business,27.0,5.0,Medium,0.0,1.0,9.0,3.0,0-30 days,18736.07,19581.32,416.62,47.0,Not Applicable,0.0
CUST-012935,1,Premium,29.0,1.0,Low,10.0,5.0,1.0,84.0,61-90 days,24785.33,28387.11,591.4,48.0,Better Price Elsewhere,11354.844
CUST-046756,1,Small Business,33.0,1.0,Medium,4.0,7.0,2.0,48.0,31-60 days,15527.28,17339.98,353.88,49.0,Poor Product Quality,6935.991999999998
CUST-049613,0,Consumer,58.0,3.0,Low,7.0,9.0,9.0,55.0,31-60 days,35864.82,32953.86,823.85,40.0,Not Applicable,0.0
CUST-035149,0,Consumer,47.0,4.0,Medium,3.0,2.0,8.0,46.0,31-60 days,8628.26,9034.65,188.22,48.0,Not Applicable,0.0
CUST-029712,1,Enterprise,48.0,4.0,Medium,16.0,0.0,6.0,263.0,181-270 days,46454.49,39333.84,1191.93,33.0,Account Issues,15733.536
CUST-015383,1,Enterprise,29.0,2.0,High,16.0,1.0,4.0,18.0,0-30 days,119.7,121.84,2.9,42.0,Too Expensive,48.736000000000004
CUST-027135,1,Premium,28.0,1.0,Low,7.0,3.0,9.0,353.0,271-365 days,21009.24,19115.21,19115.21,1.0,Found Alternative,7646.084
CUST-032698,0,Consumer,55.0,4.0,Medium,3.0,4.0,9.0,140.0,91-180 days,21347.41,21792.94,5448.23,4.0,Not Applicable,0.0
CUST-028186,0,Premium,35.0,4.0,Medium,9.0,6.0,7.0,62.0,61-90 days,32087.56,27756.36,1261.65,22.0,Not Applicable,0.0
CUST-033473,1,Enterprise,35.0,1.0,Low,18.0,13.0,7.0,13.0,0-30 days,44819.12,35100.9,1300.03,27.0,Technical Issues,14040.36
CUST-032411,1,Small Business,28.0,2.0,Low,9.0,10.0,8.0,240.0,181-270 days,52367.49,43541.65,2561.27,17.0,Better Price Elsewhere,17416.66
CUST-036077,1,Enterprise,15.0,1.0,High,16.0,7.0,4.0,19.0,0-30 days,22521.0,19131.16,1006.9,19.0,Poor Product Quality,7652.464
CUST-000327,0,Enterprise,8.0,2.0,High,0.0,3.0,4.0,6.0,0-30 days,36566.75,30043.96,1767.29,17.0,Not Applicable,0.0
CUST-027279,1,Consumer,8.0,1.0,Low,15.0,6.0,0.0,84.0,61-90 days,3598.44,3128.92,63.86,49.0,Payment Problems,1251.5680000000002
CUST-003245,0,Small Business,18.0,2.0,High,7.0,8.0,2.0,2.0,0-30 days,26566.53,20715.54,6905.18,3.0,Not Applicable,0.0
CUST-011696,1,Consumer,44.0,5.0,Low,16.0,14.0,9.0,61.0,61-90 days,43232.06,43242.48,1005.64,43.0,Found Alternative,17296.992000000002
CUST-040231,1,Consumer,52.0,4.0,High,5.0,5.0,9.0,80.0,61-90 days,13361.82,13472.12,434.58,31.0,Found Alternative,5388.848000000001
CUST-022158,0,Premium,31.0,5.0,Medium,11.0,5.0,3.0,240.0,181-270 days,2031.04,2101.79,58.38,36.0,Not Applicable,0.0
CUST-000217,0,Premium,38.0,3.0,High,3.0,6.0,3.0,27.0,0-30 days,33024.28,27686.19,9228.73,3.0,Not Applicable,0.0
CUST-024873,0,Premium,17.0,1.0,Low,16.0,9.0,0.0,41.0,31-60 days,39388.83,35680.03,1372.31,26.0,Not Applicable,0.0
CUST-000573,0,Consumer,17.0,3.0,Medium,10.0,10.0,3.0,228.0,181-270 days,51529.73,40572.77,1127.02,36.0,Not Applicable,0.0
CUST-044526,0,Consumer,31.0,3.0,High,11.0,7.0,3.0,67.0,61-90 days,12618.31,10987.05,1373.38,8.0,Not Applicable,0.0
CUST-042703,0,Premium,26.0,2.0,Medium,0.0,3.0,5.0,276.0,271-365 days,549.61,604.62,17.78,34.0,Not Applicable,0.0
CUST-028030,1,Consumer,38.0,1.0,High,17.0,15.0,4.0,163.0,91-180 days,49174.23,47000.67,1740.77,27.0,Poor Customer Service,18800.268
CUST-019787,1,Premium,32.0,1.0,Medium,4.0,1.0,2.0,88.0,61-90 days,21398.17,19726.83,3945.37,5.0,Found Alternative,7890.732000000001
CUST-014259,1,Enterprise,56.0,2.0,Medium,17.0,8.0,8.0,52.0,31-60 days,38583.41,38590.12,1378.22,28.0,Better Price Elsewhere,15436.048000000004
CUST-039458,1,Consumer,32.0,1.0,Medium,14.0,17.0,3.0,46.0,31-60 days,44580.84,47022.66,1621.47,29.0,Technical Issues,18809.064
CUST-036730,0,Small Business,48.0,3.0,Medium,16.0,9.0,6.0,57.0,31-60 days,48742.61,39365.51,1640.23,24.0,Not Applicable,0.0
CUST-013849,0,Consumer,35.0,2.0,Medium,12.0,2.0,3.0,38.0,31-60 days,6511.15,5242.24,0.0,0.0,Not Applicable,0.0
CUST-022355,0,Small Business,51.0,3.0,High,12.0,1.0,7.0,39.0,31-60 days,22066.77,17756.97,710.28,25.0,Not Applicable,0.0
CUST-026491,0,Consumer,36.0,1.0,Low,9.0,0.0,6.0,46.0,31-60 days,10641.37,10882.24,5441.12,2.0,Not Applicable,0.0
CUST-022811,1,Small Business,28.0,1.0,Low,13.0,6.0,4.0,265.0,181-270 days,34183.05,36026.54,1334.32,27.0,Shipping Issues,14410.616000000002
CUST-027380,0,Consumer,16.0,3.0,Medium,9.0,0.0,5.0,222.0,181-270 days,51731.84,46049.36,2002.15,23.0,Not Applicable,0.0
CUST-030386,0,Consumer,37.0,2.0,Medium,12.0,15.0,3.0,36.0,31-60 days,17155.71,19354.66,1935.47,10.0,Not Applicable,0.0
CUST-012042,0,Enterprise,38.0,5.0,High,2.0,6.0,8.0,43.0,31-60 days,55638.13,43415.34,5426.92,8.0,Not Applicable,0.0
CUST-028499,0,Premium,14.0,2.0,Medium,17.0,15.0,4.0,14.0,0-30 days,51218.01,39982.05,2665.47,15.0,Not Applicable,0.0
CUST-032323,1,Premium,40.0,5.0,High,3.0,3.0,9.0,46.0,31-60 days,46367.68,35683.27,35683.27,1.0,Low Product Variety,14273.308
CUST-022313,1,Enterprise,39.0,1.0,Low,11.0,4.0,0.0,5.0,0-30 days,50713.5,45675.18,971.81,47.0,Poor Customer Service,18270.072
CUST-008360,1,Consumer,30.0,3.0,Low,16.0,15.0,4.0,83.0,61-90 days,8760.3,9682.0,1383.14,7.0,Shipping Issues,3872.8
CUST-046451,1,Consumer,9.0,1.0,Low,9.0,7.0,1.0,21.0,0-30 days,26723.61,24412.73,24412.73,1.0,Payment Problems,9765.092
CUST-027254,1,Consumer,30.0,4.0,High,5.0,8.0,1.0,27.0,0-30 days,16903.2,13367.78,891.19,15.0,Low Product Variety,5347.112000000001
CUST-014714,1,Small Business,6.0,5.0,Low,12.0,12.0,4.0,79.0,61-90 days,27165.2,31567.28,7891.82,4.0,Account Issues,12626.912
CUST-028192,0,Premium,40.0,3.0,High,17.0,3.0,1.0,73.0,61-90 days,32357.08,31595.44,1053.18,30.0,Not Applicable,0.0
CUST-007163,0,Enterprise,21.0,5.0,Low,17.0,8.0,0.0,218.0,181-270 days,4316.98,3700.68,0.0,0.0,Not Applicable,0.0
CUST-011287,0,Consumer,25.0,4.0,High,4.0,0.0,6.0,19.0,0-30 days,19768.14,23592.66,714.93,33.0,Not Applicable,0.0
CUST-006247,0,Consumer,52.0,2.0,High,18.0,8.0,5.0,305.0,271-365 days,644.52,509.61,28.31,18.0,Not Applicable,0.0
CUST-004542,0,Consumer,24.0,4.0,Medium,1.0,1.0,6.0,19.0,0-30 days,31077.02,25458.08,5091.62,5.0,Not Applicable,0.0
CUST-015896,0,Premium,29.0,5.0,Low,0.0,1.0,1.0,107.0,91-180 days,75.94,87.21,1.78,49.0,Not Applicable,0.0
CUST-037858,0,Small Business,54.0,5.0,Low,3.0,1.0,7.0,18.0,0-30 days,14143.73,12593.29,503.73,25.0,Not Applicable,0.0
CUST-043346,0,Premium,10.0,3.0,Medium,11.0,3.0,6.0,70.0,61-90 days,45336.4,36062.64,1001.74,36.0,Not Applicable,0.0
CUST-027292,1,Premium,18.0,1.0,High,5.0,0.0,1.0,279.0,271-365 days,972.93,792.65,44.04,18.0,Account Issues,317.06
CUST-035075,1,Consumer,25.0,2.0,High,10.0,8.0,4.0,342.0,271-365 days,14289.4,11245.95,624.78,18.0,Technical Issues,4498.38
CUST-007314,0,Small Business,41.0,5.0,Medium,4.0,7.0,5.0,35.0,31-60 days,33380.33,38316.23,1008.32,38.0,Not Applicable,0.0
CUST-045349,1,Premium,41.0,1.0,Medium,8.0,8.0,2.0,83.0,61-90 days,9890.74,11541.27,372.3,31.0,Better Price Elsewhere,4616.508000000002
CUST-048222,0,Consumer,15.0,1.0,Medium,7.0,4.0,1.0,347.0,271-365 days,20529.73,16766.21,1047.89,16.0,Not Applicable,0.0
CUST-000447,0,Small Business,21.0,4.0,Low,15.0,12.0,8.0,11.0,0-30 days,56143.71,46165.02,2198.33,21.0,Not Applicable,0.0
CUST-039433,0,Enterprise,13.0,3.0,High,3.0,5.0,3.0,23.0,0-30 days,10828.95,9419.26,4709.63,2.0,Not Applicable,0.0
CUST-024495,1,Enterprise,27.0,2.0,High,6.0,4.0,7.0,31.0,31-60 days,21172.2,21088.26,479.28,44.0,Shipping Issues,8435.304
CUST-012901,0,Consumer,35.0,5.0,Medium,10.0,14.0,7.0,27.0,0-30 days,23579.06,26754.89,2972.77,9.0,Not Applicable,0.0
CUST-035584,0,Small Business,55.0,2.0,Medium,0.0,4.0,3.0,85.0,61-90 days,1110.33,905.58,19.69,46.0,Not Applicable,0.0
CUST-021813,1,Premium,46.0,2.0,Low,12.0,3.0,5.0,53.0,31-60 days,33500.92,34407.62,732.08,47.0,Technical Issues,13763.048000000004
CUST-026420,0,Consumer,13.0,5.0,High,5.0,7.0,0.0,252.0,181-270 days,44351.92,45596.94,3799.75,12.0,Not Applicable,0.0
CUST-049359,0,Consumer,28.0,4.0,Low,16.0,3.0,7.0,196.0,181-270 days,19001.08,16462.5,587.95,28.0,Not Applicable,0.0
CUST-045629,0,Consumer,24.0,5.0,Medium,10.0,11.0,4.0,77.0,61-90 days,21230.32,20049.36,1055.23,19.0,Not Applicable,0.0
CUST-011135,0,Small Business,8.0,5.0,Medium,16.0,12.0,8.0,34.0,31-60 days,6454.78,6585.91,149.68,44.0,Not Applicable,0.0
CUST-023725,1,Enterprise,16.0,4.0,Low,1.0,3.0,7.0,56.0,31-60 days,50916.89,43971.33,10992.83,4.0,Payment Problems,17588.532000000007
CUST-036628,1,Small Business,4.0,5.0,Low,4.0,3.0,3.0,109.0,91-180 days,22873.28,19035.07,500.92,38.0,No Longer Need Service,7614.028
CUST-029393,1,Small Business,24.0,2.0,Low,14.0,12.0,4.0,49.0,31-60 days,14204.52,16289.11,1018.07,16.0,Poor Product Quality,6515.644
CUST-033640,0,Small Business,34.0,2.0,Medium,15.0,14.0,0.0,35.0,31-60 days,22376.17,18757.1,1172.32,16.0,Not Applicable,0.0
CUST-043269,0,Premium,44.0,5.0,High,8.0,3.0,1.0,74.0,61-90 days,22947.61,21421.91,793.4,27.0,Not Applicable,0.0
CUST-000405,1,Consumer,12.0,1.0,Medium,5.0,8.0,9.0,296.0,271-365 days,24236.42,24267.77,527.56,46.0,Unhappy with Return Policy,9707.108
CUST-024177,1,Consumer,54.0,3.0,High,12.0,6.0,9.0,82.0,61-90 days,28476.39,22649.11,838.86,27.0,Technical Issues,9059.644
CUST-029503,1,Small Business,28.0,1.0,Low,2.0,3.0,7.0,66.0,61-90 days,30122.41,32715.14,1258.27,26.0,Poor Customer Service,13086.056
CUST-003313,1,Small Business,59.0,3.0,High,19.0,9.0,2.0,229.0,181-270 days,15374.14,12116.26,275.37,44.0,Technical Issues,4846.504
CUST-044761,1,Premium,1.0,2.0,Medium,11.0,1.0,5.0,250.0,181-270 days,23736.42,24448.11,843.04,29.0,Poor Customer Service,9779.244
CUST-017882,1,Enterprise,41.0,5.0,Low,18.0,12.0,8.0,3.0,0-30 days,47809.68,37615.47,3134.62,12.0,Account Issues,15046.188000000002
CUST-010523,0,Premium,19.0,3.0,High,10.0,12.0,4.0,6.0,0-30 days,24003.64,23724.28,515.75,46.0,Not Applicable,0.0
CUST-029666,0,Consumer,53.0,5.0,Medium,8.0,3.0,7.0,123.0,91-180 days,4530.7,5507.99,688.5,8.0,Not Applicable,0.0
CUST-043186,0,Small Business,58.0,3.0,High,1.0,1.0,2.0,68.0,61-90 days,18061.4,19015.93,3803.19,5.0,Not Applicable,0.0
CUST-014065,0,Enterprise,7.0,1.0,Low,7.0,4.0,3.0,12.0,0-30 days,21709.46,21676.19,504.1,43.0,Not Applicable,0.0
CUST-038943,1,Enterprise,52.0,5.0,Low,15.0,10.0,7.0,57.0,31-60 days,38936.41,41760.4,1193.15,35.0,Poor Customer Service,16704.16
CUST-041415,0,Consumer,25.0,5.0,High,2.0,0.0,7.0,1.0,0-30 days,31447.92,26827.69,725.07,37.0,Not Applicable,0.0
CUST-014818,0,Premium,12.0,5.0,Low,7.0,5.0,7.0,47.0,31-60 days,49181.06,39225.2,871.67,45.0,Not Applicable,0.0
CUST-045171,0,Small Business,27.0,3.0,Medium,15.0,15.0,9.0,213.0,181-270 days,43862.57,34553.15,1151.77,30.0,Not Applicable,0.0
CUST-002582,1,Small Business,50.0,2.0,High,0.0,2.0,0.0,51.0,31-60 days,29014.9,29023.35,674.96,43.0,Found Alternative,11609.34
CUST-034124,0,Consumer,24.0,1.0,Medium,2.0,4.0,3.0,75.0,61-90 days,1698.37,1588.21,144.38,11.0,Not Applicable,0.0
CUST-039770,1,Small Business,13.0,1.0,High,14.0,16.0,1.0,360.0,271-365 days,9363.93,9582.96,3194.32,3.0,Poor Product Quality,3833.184
CUST-002613,0,Premium,53.0,5.0,Medium,1.0,2.0,0.0,8.0,0-30 days,4451.72,4078.86,0.0,0.0,Not Applicable,0.0
CUST-004454,0,Consumer,22.0,5.0,Low,5.0,3.0,7.0,10.0,0-30 days,6532.71,6876.94,361.94,19.0,Not Applicable,0.0
CUST-038790,0,Consumer,32.0,3.0,Medium,5.0,3.0,1.0,176.0,91-180 days,331.17,346.2,10.18,34.0,Not Applicable,0.0
CUST-016580,1,Consumer,55.0,1.0,Medium,14.0,2.0,0.0,82.0,61-90 days,41228.46,38985.11,2784.65,14.0,No Longer Need Service,15594.044000000002
CUST-035432,0,Premium,55.0,3.0,Medium,1.0,4.0,2.0,83.0,61-90 days,36536.01,42790.63,910.44,47.0,Not Applicable,0.0
CUST-043078,0,Small Business,9.0,5.0,Medium,4.0,4.0,7.0,61.0,61-90 days,45707.91,43737.42,2301.97,19.0,Not Applicable,0.0
CUST-004521,0,Consumer,57.0,5.0,High,8.0,10.0,4.0,64.0,61-90 days,15009.88,11996.76,11996.76,1.0,Not Applicable,0.0
CUST-016418,1,Consumer,32.0,2.0,Low,8.0,0.0,8.0,21.0,0-30 days,3585.9,3012.86,334.76,9.0,Better Price Elsewhere,1205.144
CUST-035157,0,Premium,11.0,2.0,High,3.0,7.0,0.0,156.0,91-180 days,8868.83,10263.37,1710.56,6.0,Not Applicable,0.0
CUST-008358,0,Small Business,51.0,5.0,Low,16.0,8.0,8.0,22.0,0-30 days,4584.54,4517.67,376.47,12.0,Not Applicable,0.0
CUST-003474,1,Enterprise,38.0,1.0,Low,11.0,13.0,1.0,86.0,61-90 days,39779.04,37774.26,1049.29,36.0,Too Expensive,15109.704000000002
CUST-024178,1,Consumer,13.0,2.0,High,1.0,3.0,6.0,129.0,91-180 days,34938.49,40586.02,1229.88,33.0,Poor Customer Service,16234.408
CUST-006522,0,Consumer,20.0,1.0,High,10.0,0.0,0.0,219.0,181-270 days,21079.39,16847.18,935.95,18.0,Not Applicable,0.0
CUST-048763,1,Premium,42.0,2.0,High,7.0,10.0,7.0,138.0,91-180 days,42906.12,33826.45,1610.78,21.0,Found Alternative,13530.58
CUST-040941,1,Consumer,37.0,1.0,Medium,13.0,7.0,7.0,335.0,271-365 days,32172.6,29182.54,1459.13,20.0,Technical Issues,11673.016000000001
CUST-026215,0,Consumer,43.0,1.0,Low,0.0,3.0,0.0,40.0,31-60 days,36248.72,30483.06,802.19,38.0,Not Applicable,0.0
CUST-035349,0,Consumer,53.0,3.0,High,10.0,6.0,7.0,89.0,61-90 days,11898.85,10841.65,225.87,48.0,Not Applicable,0.0
CUST-038898,0,Premium,7.0,4.0,High,11.0,10.0,2.0,23.0,0-30 days,14398.21,16287.85,3257.57,5.0,Not Applicable,0.0
CUST-003151,0,Enterprise,46.0,5.0,Low,0.0,3.0,6.0,69.0,61-90 days,27167.79,26629.46,578.9,46.0,Not Applicable,0.0
CUST-046466,1,Consumer,45.0,1.0,Medium,12.0,9.0,2.0,19.0,0-30 days,29769.53,24463.87,1223.19,20.0,Too Expensive,9785.548
CUST-018617,0,Consumer,29.0,1.0,Low,1.0,2.0,8.0,19.0,0-30 days,5663.67,5887.24,588.72,10.0,Not Applicable,0.0
CUST-001804,1,Consumer,42.0,1.0,Low,14.0,4.0,3.0,12.0,0-30 days,42701.44,36640.6,939.5,39.0,Found Alternative,14656.24
CUST-005568,0,Premium,2.0,3.0,High,13.0,2.0,4.0,157.0,91-180 days,19832.82,18938.51,1721.68,11.0,Not Applicable,0.0
CUST-008675,1,Consumer,43.0,2.0,Low,11.0,6.0,0.0,6.0,0-30 days,39741.99,35261.87,734.62,48.0,Better Price Elsewhere,14104.748
CUST-041556,0,Premium,20.0,1.0,Medium,8.0,12.0,1.0,88.0,61-90 days,9188.15,9029.19,250.81,36.0,Not Applicable,0.0
CUST-046669,0,Consumer,27.0,5.0,Low,2.0,2.0,8.0,20.0,0-30 days,20690.52,16651.61,450.04,37.0,Not Applicable,0.0
CUST-010016,0,Consumer,58.0,5.0,Medium,4.0,6.0,2.0,65.0,61-90 days,23353.29,21260.55,685.82,31.0,Not Applicable,0.0
CUST-038713,0,Premium,31.0,4.0,High,11.0,4.0,9.0,25.0,0-30 days,49528.31,42714.26,928.57,46.0,Not Applicable,0.0
CUST-018461,0,Consumer,22.0,2.0,Medium,7.0,10.0,9.0,157.0,91-180 days,31233.14,36799.58,1672.71,22.0,Not Applicable,0.0
CUST-011522,0,Consumer,30.0,4.0,Low,0.0,1.0,0.0,342.0,271-365 days,39897.62,44715.06,931.56,48.0,Not Applicable,0.0
CUST-010842,1,Consumer,47.0,2.0,High,18.0,0.0,0.0,223.0,181-270 days,13246.86,15889.15,441.37,36.0,Poor Customer Service,6355.66
CUST-003157,0,Enterprise,26.0,3.0,High,9.0,11.0,8.0,36.0,31-60 days,7211.42,8333.86,333.35,25.0,Not Applicable,0.0
CUST-015114,1,Enterprise,10.0,1.0,Low,5.0,8.0,1.0,84.0,61-90 days,5404.3,5752.72,719.09,8.0,Low Product Variety,2301.088
CUST-039703,0,Premium,34.0,1.0,High,7.0,8.0,2.0,240.0,181-270 days,28837.59,33341.32,3704.59,9.0,Not Applicable,0.0
CUST-023347,0,Consumer,54.0,2.0,High,2.0,0.0,0.0,68.0,61-90 days,58883.58,46986.55,46986.55,1.0,Not Applicable,0.0
CUST-027644,0,Premium,48.0,5.0,Low,19.0,10.0,3.0,18.0,0-30 days,2097.59,1636.44,44.23,37.0,Not Applicable,0.0
CUST-013048,1,Premium,8.0,1.0,High,16.0,18.0,3.0,64.0,61-90 days,11669.04,10797.14,830.55,13.0,Found Alternative,4318.856
CUST-003942,0,Consumer,20.0,3.0,Medium,11.0,11.0,5.0,39.0,31-60 days,11916.11,13226.36,314.91,42.0,Not Applicable,0.0
CUST-026099,1,Consumer,6.0,5.0,Medium,7.0,1.0,7.0,278.0,271-365 days,3068.18,3326.27,92.4,36.0,Unhappy with Return Policy,1330.5079999999996
CUST-014731,0,Consumer,32.0,4.0,Medium,15.0,2.0,5.0,44.0,31-60 days,36041.56,32962.29,1734.86,19.0,Not Applicable,0.0
CUST-000064,0,Consumer,13.0,2.0,Low,2.0,2.0,1.0,34.0,31-60 days,32778.44,35609.25,5934.88,6.0,Not Applicable,0.0
CUST-019752,0,Consumer,5.0,5.0,High,16.0,18.0,1.0,5.0,0-30 days,42247.25,38057.87,1227.67,31.0,Not Applicable,0.0
CUST-044619,0,Consumer,31.0,4.0,Medium,16.0,8.0,1.0,17.0,0-30 days,3651.81,3829.51,81.48,47.0,Not Applicable,0.0
CUST-028189,1,Small Business,5.0,1.0,High,5.0,2.0,2.0,149.0,91-180 days,20108.2,16223.33,477.16,34.0,Better Price Elsewhere,6489.3319999999985
CUST-006679,0,Consumer,2.0,3.0,Low,13.0,7.0,5.0,52.0,31-60 days,19174.55,19134.02,869.73,22.0,Not Applicable,0.0
CUST-046135,0,Consumer,9.0,5.0,High,12.0,1.0,8.0,305.0,271-365 days,10120.62,11043.67,230.08,48.0,Not Applicable,0.0
CUST-008467,0,Premium,58.0,2.0,Medium,0.0,3.0,9.0,58.0,31-60 days,8290.97,8610.69,269.08,32.0,Not Applicable,0.0
CUST-029377,0,Consumer,38.0,2.0,High,3.0,0.0,2.0,33.0,31-60 days,9336.93,10411.59,247.9,42.0,Not Applicable,0.0
CUST-001209,0,Small Business,34.0,4.0,Medium,13.0,13.0,2.0,196.0,181-270 days,58514.84,49903.58,2376.36,21.0,Not Applicable,0.0
CUST-016165,1,Premium,49.0,2.0,Medium,5.0,0.0,1.0,323.0,271-365 days,31867.86,25942.16,665.18,39.0,No Longer Need Service,10376.864
CUST-043451,1,Consumer,18.0,2.0,Medium,13.0,1.0,4.0,78.0,61-90 days,28941.14,23097.67,2099.79,11.0,Payment Problems,9239.068
CUST-032244,0,Consumer,37.0,4.0,Medium,0.0,4.0,0.0,294.0,271-365 days,44652.16,41950.37,998.82,42.0,Not Applicable,0.0
CUST-021031,1,Small Business,19.0,3.0,Medium,7.0,7.0,4.0,235.0,181-270 days,22957.57,27805.69,3972.24,7.0,Account Issues,11122.276000000002
CUST-004267,0,Consumer,5.0,4.0,Medium,15.0,2.0,2.0,264.0,181-270 days,45751.15,36836.6,6139.43,6.0,Not Applicable,0.0
CUST-013030,0,Premium,19.0,2.0,Medium,7.0,6.0,0.0,129.0,91-180 days,23565.41,27775.03,841.67,33.0,Not Applicable,0.0
CUST-044559,1,Enterprise,35.0,1.0,High,16.0,5.0,0.0,20.0,0-30 days,45924.11,40756.46,0.0,0.0,Technical Issues,16302.584
CUST-022199,0,Enterprise,38.0,5.0,High,4.0,3.0,0.0,2.0,0-30 days,17832.13,16730.73,669.23,25.0,Not Applicable,0.0
CUST-005102,0,Small Business,18.0,4.0,High,15.0,5.0,4.0,54.0,31-60 days,36378.39,36279.66,3627.97,10.0,Not Applicable,0.0
CUST-047053,0,Enterprise,59.0,3.0,Medium,4.0,5.0,3.0,169.0,91-180 days,47508.24,45411.8,2162.47,21.0,Not Applicable,0.0
CUST-032488,1,Small Business,21.0,2.0,Low,4.0,0.0,7.0,78.0,61-90 days,30997.34,31579.58,1857.62,17.0,Poor Product Quality,12631.832000000002
CUST-006259,0,Small Business,53.0,2.0,Medium,15.0,3.0,2.0,50.0,31-60 days,8548.94,7321.6,0.0,0.0,Not Applicable,0.0
CUST-001920,1,Small Business,55.0,5.0,Low,0.0,0.0,4.0,326.0,271-365 days,11384.36,11081.89,357.48,31.0,Slow Delivery,4432.7559999999985
CUST-003532,0,Consumer,34.0,4.0,Medium,17.0,15.0,5.0,15.0,0-30 days,49956.96,43729.74,4372.97,10.0,Not Applicable,0.0
CUST-005473,1,Consumer,53.0,1.0,Medium,13.0,4.0,6.0,287.0,271-365 days,18627.22,16498.91,659.96,25.0,Too Expensive,6599.564
CUST-034965,0,Consumer,40.0,4.0,Medium,0.0,4.0,2.0,289.0,271-365 days,16100.22,13974.4,3493.6,4.0,Not Applicable,0.0
CUST-048478,0,Premium,47.0,5.0,Low,10.0,5.0,3.0,161.0,91-180 days,25037.28,20554.82,1209.11,17.0,Not Applicable,0.0
CUST-049653,0,Premium,8.0,5.0,Medium,14.0,0.0,4.0,83.0,61-90 days,4645.09,5099.58,283.31,18.0,Not Applicable,0.0
CUST-015473,1,Consumer,24.0,2.0,High,1.0,3.0,2.0,14.0,0-30 days,10094.12,8850.45,442.52,20.0,Poor Customer Service,3540.180000000001
CUST-023434,0,Enterprise,2.0,1.0,High,12.0,3.0,1.0,15.0,0-30 days,13987.97,15679.1,712.69,22.0,Not Applicable,0.0
CUST-005546,1,Premium,11.0,5.0,Low,13.0,17.0,6.0,305.0,271-365 days,10272.45,10857.5,3619.17,3.0,Account Issues,4343.0
CUST-046257,1,Consumer,3.0,3.0,Low,15.0,17.0,3.0,328.0,271-365 days,23733.45,22823.78,543.42,42.0,Technical Issues,9129.512
CUST-024555,0,Premium,42.0,3.0,Medium,2.0,2.0,5.0,19.0,0-30 days,30768.69,32806.44,1131.26,29.0,Not Applicable,0.0
CUST-013817,0,Consumer,35.0,4.0,Medium,13.0,5.0,5.0,299.0,271-365 days,2983.35,2646.55,126.03,21.0,Not Applicable,0.0
CUST-012695,1,Premium,11.0,3.0,Medium,7.0,1.0,7.0,52.0,31-60 days,29184.29,27135.8,553.79,49.0,Account Issues,10854.32
CUST-042643,1,Consumer,55.0,3.0,Low,19.0,6.0,7.0,14.0,0-30 days,42235.82,36133.63,9033.41,4.0,Found Alternative,14453.452
CUST-016782,0,Premium,7.0,4.0,Medium,16.0,15.0,1.0,42.0,31-60 days,10512.21,11672.61,364.77,32.0,Not Applicable,0.0
CUST-033873,0,Premium,20.0,5.0,Medium,17.0,4.0,6.0,56.0,31-60 days,44831.67,49123.17,2046.8,24.0,Not Applicable,0.0
CUST-003755,0,Premium,40.0,4.0,High,9.0,1.0,6.0,290.0,271-365 days,16917.32,15395.48,375.5,41.0,Not Applicable,0.0
CUST-049013,1,Enterprise,19.0,4.0,Low,18.0,8.0,8.0,88.0,61-90 days,20362.82,18183.1,371.08,49.0,Poor Customer Service,7273.24
CUST-021537,1,Premium,9.0,2.0,High,11.0,0.0,2.0,43.0,31-60 days,57375.27,45877.88,1699.18,27.0,Payment Problems,18351.152
CUST-040167,0,Small Business,34.0,3.0,Low,0.0,0.0,6.0,39.0,31-60 days,22379.94,25194.82,8398.27,3.0,Not Applicable,0.0
CUST-041082,0,Small Business,40.0,5.0,High,7.0,2.0,0.0,128.0,91-180 days,720.54,823.5,823.5,1.0,Not Applicable,0.0
CUST-021505,0,Small Business,16.0,5.0,Low,1.0,5.0,3.0,41.0,31-60 days,24025.12,21130.07,704.34,30.0,Not Applicable,0.0
CUST-022990,0,Premium,47.0,1.0,High,8.0,12.0,5.0,6.0,0-30 days,39683.52,35317.96,2522.71,14.0,Not Applicable,0.0
CUST-017263,0,Consumer,4.0,3.0,Medium,9.0,1.0,3.0,39.0,31-60 days,12008.93,13495.7,396.93,34.0,Not Applicable,0.0
CUST-028155,0,Consumer,1.0,5.0,High,8.0,2.0,7.0,50.0,31-60 days,28506.89,23188.19,579.7,40.0,Not Applicable,0.0
CUST-034659,1,Premium,58.0,1.0,High,19.0,8.0,9.0,57.0,31-60 days,36255.51,29119.65,693.33,42.0,Payment Problems,11647.86
CUST-007570,0,Consumer,49.0,3.0,Medium,14.0,12.0,5.0,269.0,181-270 days,15068.72,14260.31,356.51,40.0,Not Applicable,0.0
CUST-021530,1,Consumer,32.0,1.0,Medium,3.0,1.0,6.0,1.0,0-30 days,37367.11,41476.27,1120.98,37.0,No Longer Need Service,16590.507999999998
CUST-002922,1,Consumer,5.0,1.0,Medium,12.0,7.0,9.0,55.0,31-60 days,42265.47,42001.04,893.64,47.0,Too Expensive,16800.416
CUST-027881,0,Consumer,13.0,4.0,High,6.0,0.0,2.0,76.0,61-90 days,47342.61,39477.51,1361.29,29.0,Not Applicable,0.0
CUST-006000,1,Premium,41.0,1.0,High,18.0,12.0,5.0,15.0,0-30 days,43590.8,43442.12,7240.35,6.0,Better Price Elsewhere,17376.848
CUST-047643,0,Consumer,35.0,5.0,Medium,10.0,11.0,7.0,148.0,91-180 days,15379.13,14629.11,2925.82,5.0,Not Applicable,0.0
CUST-040049,0,Premium,37.0,3.0,Medium,7.0,0.0,3.0,39.0,31-60 days,42931.72,35588.63,1271.02,28.0,Not Applicable,0.0
CUST-028670,0,Consumer,52.0,3.0,Medium,9.0,0.0,1.0,3.0,0-30 days,37055.0,36540.35,1353.35,27.0,Not Applicable,0.0
CUST-015588,1,Consumer,4.0,2.0,Low,15.0,16.0,9.0,54.0,31-60 days,25957.78,24863.4,6215.85,4.0,Found Alternative,9945.36
CUST-015773,0,Consumer,37.0,1.0,Medium,5.0,5.0,6.0,32.0,31-60 days,29098.51,23543.45,480.48,49.0,Not Applicable,0.0
CUST-037369,1,Enterprise,16.0,1.0,Low,15.0,19.0,9.0,310.0,271-365 days,40032.38,44515.27,1085.74,41.0,Better Price Elsewhere,17806.108
CUST-010627,0,Consumer,17.0,4.0,High,8.0,4.0,4.0,96.0,91-180 days,9399.66,9162.89,654.49,14.0,Not Applicable,0.0
CUST-009260,0,Consumer,54.0,4.0,High,11.0,0.0,6.0,89.0,61-90 days,29870.41,24946.16,4157.69,6.0,Not Applicable,0.0
CUST-017848,1,Premium,56.0,2.0,Medium,10.0,11.0,1.0,22.0,0-30 days,20429.86,15854.29,360.32,44.0,Technical Issues,6341.7159999999985
CUST-036639,0,Consumer,51.0,5.0,Medium,10.0,5.0,6.0,238.0,181-270 days,29225.02,31481.55,1165.98,27.0,Not Applicable,0.0
CUST-026149,0,Premium,23.0,4.0,Low,5.0,3.0,0.0,6.0,0-30 days,32488.29,25607.98,1506.35,17.0,Not Applicable,0.0
CUST-004130,1,Premium,40.0,2.0,Medium,18.0,13.0,2.0,75.0,61-90 days,41313.32,37967.97,3451.63,11.0,Shipping Issues,15187.188000000002
CUST-025146,1,Premium,58.0,2.0,Low,16.0,1.0,9.0,51.0,31-60 days,50933.79,41289.29,860.19,48.0,Technical Issues,16515.716
CUST-020686,1,Small Business,15.0,2.0,High,14.0,1.0,5.0,4.0,0-30 days,30486.47,27598.14,13799.07,2.0,Too Expensive,11039.256000000001
CUST-032294,1,Consumer,7.0,1.0,Medium,13.0,14.0,3.0,171.0,91-180 days,8974.82,10253.93,854.49,12.0,Shipping Issues,4101.572
CUST-045996,1,Consumer,12.0,4.0,High,15.0,10.0,6.0,44.0,31-60 days,25914.74,31751.58,1058.39,30.0,Poor Product Quality,12700.632
CUST-037964,0,Small Business,17.0,4.0,Medium,18.0,0.0,2.0,260.0,181-270 days,39719.4,32385.32,925.29,35.0,Not Applicable,0.0
CUST-049765,0,Consumer,51.0,4.0,Medium,5.0,9.0,6.0,45.0,31-60 days,49559.68,41072.65,2161.72,19.0,Not Applicable,0.0
CUST-037673,0,Consumer,34.0,5.0,Medium,8.0,0.0,4.0,127.0,91-180 days,26092.31,24816.49,577.13,43.0,Not Applicable,0.0
CUST-030736,1,Consumer,29.0,2.0,Medium,18.0,14.0,0.0,4.0,0-30 days,43746.68,36647.82,1182.19,31.0,Too Expensive,14659.128
CUST-032476,1,Enterprise,5.0,5.0,High,13.0,9.0,9.0,57.0,31-60 days,60061.31,46970.68,1021.1,46.0,Found Alternative,18788.272
CUST-008412,0,Consumer,43.0,4.0,Medium,9.0,7.0,6.0,25.0,0-30 days,38103.35,37225.32,37225.32,1.0,Not Applicable,0.0
CUST-043780,1,Consumer,27.0,2.0,Low,11.0,0.0,1.0,9.0,0-30 days,20944.59,18743.49,1102.56,17.0,Poor Customer Service,7497.3960000000025
CUST-043733,0,Consumer,56.0,2.0,High,11.0,9.0,7.0,52.0,31-60 days,39751.03,47789.48,1838.06,26.0,Not Applicable,0.0
CUST-045709,0,Consumer,2.0,4.0,Low,16.0,4.0,4.0,3.0,0-30 days,955.36,1108.02,554.01,2.0,Not Applicable,0.0
CUST-026217,0,Consumer,14.0,2.0,Medium,6.0,4.0,0.0,11.0,0-30 days,42029.66,32362.66,735.51,44.0,Not Applicable,0.0
CUST-029941,0,Consumer,33.0,2.0,Medium,6.0,4.0,1.0,45.0,31-60 days,37344.63,31920.8,1387.86,23.0,Not Applicable,0.0
CUST-037180,0,Consumer,34.0,3.0,Medium,1.0,1.0,1.0,38.0,31-60 days,49044.98,38599.71,1838.08,21.0,Not Applicable,0.0
CUST-042425,0,Premium,20.0,3.0,High,4.0,6.0,5.0,24.0,0-30 days,44853.92,41312.46,0.0,0.0,Not Applicable,0.0
CUST-029402,0,Premium,5.0,4.0,Medium,8.0,1.0,2.0,34.0,31-60 days,34524.77,27876.56,899.24,31.0,Not Applicable,0.0
CUST-043527,1,Small Business,14.0,3.0,Medium,13.0,9.0,8.0,63.0,61-90 days,34161.96,40013.45,1052.99,38.0,Poor Product Quality,16005.38
CUST-005550,0,Consumer,28.0,3.0,Low,6.0,10.0,5.0,54.0,31-60 days,32809.22,36918.98,1153.72,32.0,Not Applicable,0.0
CUST-007573,1,Consumer,26.0,2.0,Low,19.0,3.0,2.0,25.0,0-30 days,25080.61,27596.18,641.77,43.0,Low Product Variety,11038.472000000002
CUST-002721,0,Consumer,17.0,5.0,Medium,9.0,10.0,6.0,72.0,61-90 days,36842.34,44671.57,1718.14,26.0,Not Applicable,0.0
CUST-049916,0,Enterprise,28.0,5.0,Low,19.0,14.0,6.0,125.0,91-180 days,43262.6,48184.29,1070.76,45.0,Not Applicable,0.0
CUST-004163,0,Small Business,58.0,2.0,High,10.0,4.0,8.0,116.0,91-180 days,9154.85,9327.06,211.98,44.0,Not Applicable,0.0
CUST-026905,1,Consumer,10.0,4.0,Low,10.0,5.0,7.0,82.0,61-90 days,45319.33,35061.52,3506.15,10.0,Shipping Issues,14024.608
CUST-049331,0,Consumer,7.0,1.0,High,8.0,10.0,5.0,78.0,61-90 days,35197.16,36065.16,2121.48,17.0,Not Applicable,0.0
CUST-005620,1,Enterprise,31.0,2.0,Low,12.0,7.0,6.0,198.0,181-270 days,38091.58,30434.77,691.7,44.0,Shipping Issues,12173.908000000001
CUST-030106,0,Consumer,20.0,1.0,Medium,12.0,14.0,4.0,359.0,271-365 days,40835.25,34635.71,1194.33,29.0,Not Applicable,0.0
CUST-038352,0,Consumer,53.0,2.0,High,5.0,7.0,2.0,20.0,0-30 days,41134.25,37042.64,1157.58,32.0,Not Applicable,0.0
CUST-042605,0,Premium,30.0,5.0,Medium,6.0,5.0,0.0,14.0,0-30 days,29055.3,35268.44,0.0,0.0,Not Applicable,0.0
CUST-014019,1,Small Business,55.0,3.0,Low,10.0,5.0,1.0,10.0,0-30 days,33105.76,31167.64,1154.36,27.0,Better Price Elsewhere,12467.056
CUST-009224,1,Premium,20.0,1.0,Low,3.0,7.0,6.0,62.0,61-90 days,50156.17,44906.5,1181.75,38.0,Shipping Issues,17962.600000000002
CUST-018919,1,Consumer,23.0,3.0,Low,17.0,11.0,6.0,20.0,0-30 days,42508.92,47982.77,1999.28,24.0,Poor Customer Service,19193.108
CUST-040664,1,Small Business,47.0,5.0,Low,12.0,11.0,5.0,57.0,31-60 days,7613.83,9238.45,577.4,16.0,No Longer Need Service,3695.380000000001
CUST-021913,0,Consumer,43.0,1.0,Medium,4.0,7.0,3.0,286.0,271-365 days,56491.58,48863.01,4071.92,12.0,Not Applicable,0.0
CUST-020909,1,Consumer,54.0,3.0,High,11.0,7.0,4.0,3.0,0-30 days,44749.43,44661.9,1313.59,34.0,Found Alternative,17864.760000000002
CUST-012150,0,Consumer,26.0,4.0,Medium,13.0,5.0,6.0,72.0,61-90 days,43466.27,34655.11,1650.24,21.0,Not Applicable,0.0
CUST-014498,0,Small Business,23.0,3.0,High,18.0,20.0,2.0,68.0,61-90 days,32545.28,32924.71,685.93,48.0,Not Applicable,0.0
CUST-014711,0,Consumer,40.0,3.0,Medium,12.0,3.0,1.0,39.0,31-60 days,33580.92,35197.72,1257.06,28.0,Not Applicable,0.0
CUST-026022,0,Premium,25.0,3.0,High,10.0,3.0,3.0,61.0,61-90 days,28131.16,29459.67,1015.85,29.0,Not Applicable,0.0
CUST-039743,0,Small Business,32.0,4.0,Medium,1.0,2.0,9.0,134.0,91-180 days,44920.15,47439.18,968.15,49.0,Not Applicable,0.0
CUST-048767,0,Consumer,6.0,4.0,Low,11.0,8.0,9.0,71.0,61-90 days,39973.48,35403.69,5900.62,6.0,Not Applicable,0.0
CUST-029219,1,Consumer,5.0,5.0,Low,13.0,13.0,6.0,66.0,61-90 days,19001.47,16638.24,5546.08,3.0,Poor Customer Service,6655.296000000001
CUST-042581,1,Consumer,32.0,2.0,High,13.0,13.0,3.0,250.0,181-270 days,45150.15,42550.42,1091.04,39.0,Poor Customer Service,17020.168
CUST-039464,0,Premium,37.0,4.0,High,7.0,8.0,4.0,68.0,61-90 days,28137.06,26069.4,1042.78,25.0,Not Applicable,0.0
CUST-031417,0,Consumer,38.0,5.0,Low,11.0,8.0,4.0,12.0,0-30 days,50615.54,41892.05,1132.22,37.0,Not Applicable,0.0
CUST-020836,0,Small Business,19.0,4.0,Medium,13.0,7.0,4.0,86.0,61-90 days,29724.17,27747.49,693.69,40.0,Not Applicable,0.0
CUST-015992,1,Consumer,47.0,1.0,Low,10.0,8.0,3.0,157.0,91-180 days,30225.74,29890.28,695.12,43.0,Poor Product Quality,11956.112
CUST-030743,1,Consumer,3.0,5.0,Medium,11.0,11.0,5.0,63.0,61-90 days,31595.51,31601.0,1663.21,19.0,Poor Customer Service,12640.4
CUST-032747,0,Consumer,31.0,1.0,Medium,19.0,14.0,5.0,22.0,0-30 days,5476.04,5934.05,191.42,31.0,Not Applicable,0.0
CUST-028743,0,Consumer,40.0,4.0,High,6.0,1.0,7.0,3.0,0-30 days,24288.14,24709.41,915.16,27.0,Not Applicable,0.0
CUST-049142,1,Consumer,10.0,1.0,High,4.0,3.0,5.0,87.0,61-90 days,18947.91,19461.63,19461.63,1.0,Too Expensive,7784.652000000001
CUST-038274,0,Consumer,56.0,5.0,Low,13.0,9.0,3.0,1.0,0-30 days,37216.55,33697.53,1347.9,25.0,Not Applicable,0.0
CUST-046881,1,Small Business,42.0,1.0,Medium,19.0,2.0,6.0,59.0,31-60 days,29523.37,29702.94,606.18,49.0,Found Alternative,11881.176
CUST-036204,1,Consumer,30.0,2.0,Medium,17.0,17.0,9.0,3.0,0-30 days,21794.82,26932.29,961.87,28.0,Poor Product Quality,10772.916000000001
CUST-027509,0,Premium,12.0,5.0,High,13.0,13.0,4.0,1.0,0-30 days,2578.88,2370.8,59.27,40.0,Not Applicable,0.0
CUST-013258,1,Consumer,37.0,5.0,High,4.0,1.0,7.0,50.0,31-60 days,41718.39,41187.88,41187.88,1.0,Shipping Issues,16475.152
CUST-025089,0,Premium,8.0,1.0,Medium,16.0,5.0,3.0,248.0,181-270 days,38703.13,37558.7,4694.84,8.0,Not Applicable,0.0
CUST-000017,0,Consumer,43.0,4.0,Low,10.0,4.0,5.0,40.0,31-60 days,36340.88,42399.32,2494.08,17.0,Not Applicable,0.0
CUST-018142,0,Small Business,32.0,4.0,Medium,6.0,5.0,5.0,73.0,61-90 days,18469.82,14778.16,1847.27,8.0,Not Applicable,0.0
CUST-032751,0,Premium,7.0,5.0,Low,19.0,8.0,2.0,110.0,91-180 days,22846.4,17912.61,497.57,36.0,Not Applicable,0.0
CUST-049832,1,Consumer,25.0,5.0,Low,3.0,3.0,1.0,67.0,61-90 days,16638.55,15883.82,418.0,38.0,Poor Customer Service,6353.528
CUST-008404,0,Consumer,58.0,2.0,High,2.0,5.0,6.0,16.0,0-30 days,53141.97,41341.61,1117.34,37.0,Not Applicable,0.0
CUST-040754,1,Consumer,53.0,1.0,Low,0.0,3.0,1.0,19.0,0-30 days,8714.13,8885.75,444.29,20.0,Technical Issues,3554.3
CUST-032126,1,Consumer,56.0,2.0,Medium,9.0,9.0,0.0,42.0,31-60 days,7373.97,9175.36,191.15,48.0,No Longer Need Service,3670.1440000000002
CUST-034491,0,Small Business,41.0,1.0,Medium,3.0,6.0,3.0,66.0,61-90 days,32827.94,25328.32,6332.08,4.0,Not Applicable,0.0
CUST-024115,0,Consumer,44.0,5.0,Low,9.0,8.0,4.0,203.0,181-270 days,35920.91,39209.67,3267.47,12.0,Not Applicable,0.0
CUST-044006,0,Consumer,49.0,5.0,High,11.0,1.0,4.0,52.0,31-60 days,18243.07,14037.24,825.72,17.0,Not Applicable,0.0
CUST-005618,0,Consumer,35.0,4.0,Low,18.0,0.0,2.0,40.0,31-60 days,15697.48,13680.06,1520.01,9.0,Not Applicable,0.0
CUST-042599,0,Consumer,18.0,4.0,High,7.0,10.0,7.0,41.0,31-60 days,1658.11,1496.08,71.24,21.0,Not Applicable,0.0
CUST-033775,0,Premium,19.0,4.0,Medium,9.0,3.0,4.0,40.0,31-60 days,8993.07,10580.28,423.21,25.0,Not Applicable,0.0
CUST-047565,0,Small Business,1.0,4.0,Medium,0.0,3.0,5.0,23.0,0-30 days,27655.79,24825.27,539.68,46.0,Not Applicable,0.0
CUST-002370,0,Enterprise,12.0,5.0,High,5.0,9.0,9.0,49.0,31-60 days,15859.43,13650.34,296.75,46.0,Not Applicable,0.0
CUST-026014,0,Premium,53.0,4.0,Low,18.0,20.0,7.0,245.0,181-270 days,23349.77,18335.18,1309.66,14.0,Not Applicable,0.0
CUST-042313,0,Consumer,41.0,5.0,Medium,19.0,9.0,0.0,65.0,61-90 days,50807.23,39734.93,2207.5,18.0,Not Applicable,0.0
CUST-028432,0,Small Business,55.0,3.0,Medium,13.0,5.0,9.0,43.0,31-60 days,61372.37,49014.86,1167.02,42.0,Not Applicable,0.0
CUST-036073,0,Enterprise,14.0,4.0,High,2.0,1.0,9.0,74.0,61-90 days,47728.83,41531.9,2076.6,20.0,Not Applicable,0.0
CUST-032760,0,Premium,27.0,5.0,Medium,1.0,3.0,3.0,251.0,181-270 days,54174.13,49209.7,8201.62,6.0,Not Applicable,0.0
CUST-029363,1,Consumer,43.0,3.0,Medium,17.0,7.0,6.0,51.0,31-60 days,34933.25,30891.13,10297.04,3.0,Poor Product Quality,12356.452
CUST-018284,1,Premium,42.0,1.0,High,15.0,9.0,2.0,9.0,0-30 days,14378.25,17487.63,1028.68,17.0,Found Alternative,6995.052000000002
CUST-020515,0,Consumer,57.0,5.0,High,0.0,3.0,2.0,31.0,31-60 days,46961.64,46484.01,1859.36,25.0,Not Applicable,0.0
CUST-000203,1,Small Business,2.0,2.0,Low,16.0,2.0,8.0,363.0,271-365 days,28328.91,26739.7,810.29,33.0,Too Expensive,10695.88
CUST-045765,0,Premium,22.0,3.0,High,15.0,6.0,2.0,255.0,181-270 days,17473.91,21733.28,493.94,44.0,Not Applicable,0.0
CUST-026211,1,Small Business,47.0,1.0,Medium,6.0,0.0,6.0,47.0,31-60 days,52309.19,44878.54,1495.95,30.0,Poor Customer Service,17951.416
CUST-025966,1,Consumer,57.0,4.0,Low,18.0,19.0,4.0,27.0,0-30 days,17562.92,15470.36,468.8,33.0,Technical Issues,6188.144
CUST-024506,1,Premium,40.0,4.0,Medium,0.0,1.0,9.0,68.0,61-90 days,44313.3,38988.97,4873.62,8.0,Too Expensive,15595.588000000002
CUST-020126,0,Consumer,30.0,1.0,Medium,11.0,2.0,7.0,26.0,0-30 days,17822.59,18699.8,3739.96,5.0,Not Applicable,0.0
CUST-034121,0,Consumer,36.0,5.0,Low,10.0,0.0,2.0,43.0,31-60 days,25802.4,21253.31,3542.22,6.0,Not Applicable,0.0
CUST-047478,0,Consumer,17.0,4.0,Medium,6.0,6.0,6.0,114.0,91-180 days,32512.69,30269.97,776.15,39.0,Not Applicable,0.0
CUST-043147,0,Enterprise,3.0,2.0,Medium,3.0,4.0,7.0,161.0,91-180 days,38493.44,44394.54,1008.97,44.0,Not Applicable,0.0
CUST-004717,1,Consumer,55.0,2.0,High,11.0,9.0,8.0,46.0,31-60 days,11233.63,11170.63,507.76,22.0,Better Price Elsewhere,4468.252
CUST-028829,1,Premium,51.0,3.0,Medium,16.0,16.0,2.0,80.0,61-90 days,10616.73,9890.44,3296.81,3.0,Poor Product Quality,3956.176
CUST-034609,0,Consumer,46.0,2.0,Medium,5.0,4.0,5.0,186.0,181-270 days,48071.86,46902.95,2039.26,23.0,Not Applicable,0.0
CUST-008688,0,Consumer,43.0,4.0,High,14.0,15.0,1.0,35.0,31-60 days,15467.63,13842.71,769.04,18.0,Not Applicable,0.0
CUST-046496,0,Enterprise,14.0,4.0,Low,7.0,11.0,5.0,62.0,61-90 days,40472.86,37627.63,5375.38,7.0,Not Applicable,0.0
CUST-026787,1,Consumer,59.0,3.0,Low,19.0,4.0,2.0,32.0,31-60 days,22928.12,20870.2,521.75,40.0,Found Alternative,8348.08
CUST-023674,0,Consumer,28.0,3.0,High,2.0,6.0,5.0,154.0,91-180 days,15973.57,17298.98,1441.58,12.0,Not Applicable,0.0
CUST-036881,0,Consumer,8.0,4.0,Medium,9.0,7.0,8.0,89.0,61-90 days,22727.44,20887.63,426.28,49.0,Not Applicable,0.0
CUST-041487,0,Premium,16.0,4.0,Medium,7.0,8.0,9.0,161.0,91-180 days,16674.63,16454.67,365.66,45.0,Not Applicable,0.0
CUST-000971,1,Consumer,52.0,1.0,Medium,4.0,0.0,7.0,1.0,0-30 days,32007.45,37552.16,18776.08,2.0,Technical Issues,15020.864
CUST-013869,0,Small Business,9.0,1.0,Medium,16.0,11.0,9.0,55.0,31-60 days,38461.97,45980.83,15326.94,3.0,Not Applicable,0.0
CUST-008299,0,Enterprise,49.0,1.0,Medium,0.0,0.0,7.0,270.0,181-270 days,21494.06,25057.6,963.75,26.0,Not Applicable,0.0
CUST-037911,1,Consumer,9.0,3.0,Low,19.0,8.0,6.0,122.0,91-180 days,12497.79,13528.95,751.61,18.0,Too Expensive,5411.580000000001
CUST-037156,0,Premium,8.0,4.0,Medium,18.0,4.0,6.0,239.0,181-270 days,42274.22,38048.36,951.21,40.0,Not Applicable,0.0
CUST-032167,0,Consumer,5.0,2.0,Medium,0.0,1.0,9.0,127.0,91-180 days,34833.8,43209.14,1440.3,30.0,Not Applicable,0.0
CUST-002572,0,Consumer,53.0,1.0,High,2.0,1.0,3.0,29.0,0-30 days,50164.61,47035.73,1022.52,46.0,Not Applicable,0.0
CUST-030893,0,Consumer,34.0,2.0,Medium,18.0,12.0,6.0,338.0,271-365 days,36787.68,28939.86,28939.86,1.0,Not Applicable,0.0
CUST-036436,0,Premium,18.0,5.0,High,3.0,2.0,0.0,2.0,0-30 days,37460.75,43016.38,1593.2,27.0,Not Applicable,0.0
CUST-013978,0,Small Business,44.0,5.0,Medium,10.0,12.0,3.0,30.0,0-30 days,6458.4,5495.92,161.64,34.0,Not Applicable,0.0
CUST-036628,1,Small Business,4.0,5.0,Low,4.0,7.0,3.0,109.0,91-180 days,22873.28,19035.07,500.92,38.0,Shipping Issues,7614.028
CUST-011348,0,Small Business,2.0,2.0,Low,4.0,6.0,5.0,65.0,61-90 days,13439.51,13901.63,604.42,23.0,Not Applicable,0.0
CUST-002354,0,Small Business,6.0,5.0,High,15.0,14.0,2.0,53.0,31-60 days,5640.19,6458.6,0.0,0.0,Not Applicable,0.0
CUST-033059,0,Small Business,25.0,3.0,Medium,19.0,5.0,6.0,20.0,0-30 days,6807.03,8309.71,377.71,22.0,Not Applicable,0.0
CUST-038861,1,Premium,30.0,3.0,Low,7.0,10.0,1.0,66.0,61-90 days,11048.18,12402.48,375.83,33.0,Better Price Elsewhere,4960.992
CUST-030899,0,Enterprise,25.0,5.0,Low,9.0,1.0,4.0,76.0,61-90 days,23258.66,26287.05,691.76,38.0,Not Applicable,0.0
CUST-021568,0,Premium,17.0,2.0,Medium,14.0,16.0,5.0,246.0,181-270 days,30431.09,29090.45,1939.36,15.0,Not Applicable,0.0
CUST-002758,1,Premium,23.0,3.0,Medium,19.0,7.0,4.0,83.0,61-90 days,30654.15,33848.02,1167.17,29.0,Poor Customer Service,13539.208
CUST-042844,1,Consumer,34.0,3.0,Medium,0.0,2.0,1.0,324.0,271-365 days,42279.06,33643.58,731.38,46.0,Poor Product Quality,13457.432
CUST-023851,1,Small Business,5.0,4.0,Low,13.0,10.0,1.0,28.0,0-30 days,27253.07,22599.03,22599.03,1.0,Payment Problems,9039.612
CUST-018766,0,Premium,14.0,5.0,Medium,8.0,12.0,3.0,43.0,31-60 days,40693.8,47671.38,972.89,49.0,Not Applicable,0.0
CUST-033930,0,Consumer,4.0,5.0,Medium,10.0,8.0,1.0,21.0,0-30 days,44780.07,45310.79,3485.45,13.0,Not Applicable,0.0
CUST-044223,1,Consumer,55.0,1.0,Low,4.0,2.0,8.0,328.0,271-365 days,41146.54,40463.14,919.62,44.0,Poor Product Quality,16185.256000000001
CUST-000356,0,Consumer,31.0,1.0,Medium,5.0,1.0,4.0,6.0,0-30 days,21114.3,17888.57,777.76,23.0,Not Applicable,0.0
CUST-021566,0,Consumer,21.0,3.0,Medium,13.0,13.0,7.0,263.0,181-270 days,6466.48,5416.98,285.1,19.0,Not Applicable,0.0
CUST-005253,0,Consumer,24.0,3.0,Medium,11.0,9.0,0.0,322.0,271-365 days,43300.66,37296.0,2664.0,14.0,Not Applicable,0.0
CUST-020021,1,Premium,53.0,2.0,Medium,8.0,12.0,8.0,98.0,91-180 days,48720.86,40744.04,1131.78,36.0,Found Alternative,16297.616000000002
CUST-035540,0,Premium,25.0,5.0,Low,4.0,3.0,5.0,277.0,271-365 days,15684.55,12459.14,444.97,28.0,Not Applicable,0.0
CUST-022852,1,Consumer,53.0,1.0,High,7.0,3.0,8.0,16.0,0-30 days,36705.47,34297.11,857.43,40.0,Found Alternative,13718.844
CUST-007905,1,Consumer,35.0,5.0,Low,16.0,4.0,8.0,41.0,31-60 days,19087.07,19006.96,475.17,40.0,Payment Problems,7602.7840000000015
CUST-047622,0,Enterprise,5.0,5.0,Medium,0.0,2.0,1.0,12.0,0-30 days,19828.19,17144.97,4286.24,4.0,Not Applicable,0.0
CUST-030237,0,Consumer,21.0,1.0,High,2.0,3.0,9.0,33.0,31-60 days,19406.57,18637.0,388.27,48.0,Not Applicable,0.0
CUST-045062,0,Premium,2.0,5.0,Low,17.0,18.0,3.0,48.0,31-60 days,11335.39,12717.27,397.41,32.0,Not Applicable,0.0
CUST-019518,1,Consumer,10.0,2.0,Medium,9.0,8.0,5.0,37.0,31-60 days,31473.12,36531.63,36531.63,1.0,No Longer Need Service,14612.652
CUST-029051,1,Consumer,12.0,4.0,Low,4.0,6.0,6.0,278.0,271-365 days,37571.91,33956.11,1886.45,18.0,Poor Customer Service,13582.444
CUST-009295,1,Consumer,3.0,1.0,Medium,15.0,19.0,7.0,72.0,61-90 days,9291.73,7938.61,0.0,0.0,Too Expensive,3175.4440000000004
CUST-039621,0,Small Business,3.0,2.0,Medium,11.0,1.0,3.0,2.0,0-30 days,52942.87,42618.58,1151.85,37.0,Not Applicable,0.0
CUST-036461,1,Small Business,58.0,1.0,Medium,2.0,0.0,8.0,305.0,271-365 days,41242.97,32378.12,6475.62,5.0,No Longer Need Service,12951.248
CUST-016119,1,Consumer,58.0,2.0,Low,12.0,6.0,8.0,60.0,31-60 days,23296.72,23965.29,544.67,44.0,Poor Product Quality,9586.116
CUST-028626,0,Consumer,23.0,3.0,High,9.0,0.0,7.0,40.0,31-60 days,25638.53,27608.03,1840.54,15.0,Not Applicable,0.0
CUST-002401,1,Premium,35.0,2.0,Low,19.0,17.0,1.0,35.0,31-60 days,42031.21,32465.85,2951.44,11.0,No Longer Need Service,12986.34
CUST-042126,0,Small Business,17.0,2.0,High,4.0,5.0,3.0,176.0,91-180 days,14039.27,14175.38,416.92,34.0,Not Applicable,0.0
CUST-019033,0,Consumer,47.0,3.0,Low,12.0,6.0,7.0,84.0,61-90 days,30289.42,26707.74,1780.52,15.0,Not Applicable,0.0
CUST-011084,0,Premium,29.0,3.0,Medium,10.0,10.0,6.0,244.0,181-270 days,35660.42,39111.29,798.19,49.0,Not Applicable,0.0
CUST-025191,1,Small Business,19.0,1.0,Low,14.0,5.0,9.0,83.0,61-90 days,33261.68,26006.89,1300.34,20.0,Better Price Elsewhere,10402.756
CUST-038328,0,Small Business,52.0,4.0,Medium,12.0,8.0,7.0,59.0,31-60 days,27286.81,25600.74,948.18,27.0,Not Applicable,0.0
CUST-048014,0,Premium,23.0,3.0,Low,0.0,0.0,0.0,239.0,181-270 days,22565.07,21294.16,462.92,46.0,Not Applicable,0.0
CUST-036907,0,Consumer,3.0,4.0,Medium,3.0,7.0,8.0,5.0,0-30 days,24273.23,28624.75,622.28,46.0,Not Applicable,0.0
CUST-013378,0,Premium,50.0,5.0,Medium,5.0,0.0,2.0,29.0,0-30 days,12723.87,9948.2,452.19,22.0,Not Applicable,0.0
CUST-045394,0,Small Business,43.0,5.0,High,8.0,1.0,2.0,279.0,271-365 days,106.56,82.49,2.5,33.0,Not Applicable,0.0
CUST-042113,0,Small Business,51.0,3.0,Medium,8.0,3.0,8.0,68.0,61-90 days,40821.51,35987.53,1124.61,32.0,Not Applicable,0.0
CUST-030867,1,Premium,26.0,1.0,High,19.0,7.0,1.0,263.0,181-270 days,46327.07,47978.93,6854.13,7.0,Too Expensive,19191.572
CUST-040132,0,Consumer,59.0,4.0,High,2.0,0.0,1.0,41.0,31-60 days,27228.93,21515.63,551.68,39.0,Not Applicable,0.0
CUST-042535,1,Enterprise,16.0,1.0,Medium,10.0,2.0,9.0,45.0,31-60 days,6620.74,5362.97,297.94,18.0,Low Product Variety,2145.188
CUST-015625,0,Consumer,49.0,1.0,Medium,2.0,4.0,6.0,31.0,31-60 days,41990.94,33777.88,1535.36,22.0,Not Applicable,0.0
CUST-034912,0,Enterprise,11.0,2.0,Medium,4.0,5.0,3.0,364.0,271-365 days,36821.3,42658.32,1333.07,32.0,Not Applicable,0.0
CUST-009297,0,Small Business,52.0,3.0,High,7.0,9.0,5.0,65.0,61-90 days,52920.49,49306.22,1146.66,43.0,Not Applicable,0.0
CUST-015765,0,Small Business,25.0,5.0,Low,18.0,17.0,7.0,132.0,91-180 days,810.42,646.27,19.01,34.0,Not Applicable,0.0
CUST-037566,0,Small Business,43.0,1.0,Medium,4.0,1.0,7.0,89.0,61-90 days,44824.57,46646.75,1014.06,46.0,Not Applicable,0.0
CUST-004882,1,Premium,58.0,2.0,Medium,15.0,1.0,0.0,314.0,271-365 days,24509.41,20542.81,10271.41,2.0,No Longer Need Service,8217.124000000002
CUST-050000,1,Small Business,14.0,1.0,Low,8.0,3.0,6.0,219.0,181-270 days,45814.67,37801.09,1575.05,24.0,Poor Product Quality,15120.436000000003
CUST-038404,1,Enterprise,31.0,1.0,Low,11.0,8.0,8.0,65.0,61-90 days,25393.34,25816.8,573.71,45.0,Poor Customer Service,10326.72
CUST-035697,1,Consumer,4.0,3.0,Medium,14.0,16.0,8.0,56.0,31-60 days,4136.35,4788.86,122.79,39.0,Poor Customer Service,1915.5439999999999
CUST-040020,0,Consumer,45.0,5.0,High,4.0,8.0,4.0,32.0,31-60 days,3826.66,3606.02,171.72,21.0,Not Applicable,0.0
CUST-035208,0,Premium,56.0,5.0,Medium,5.0,2.0,9.0,35.0,31-60 days,11745.29,9516.1,317.2,30.0,Not Applicable,0.0
CUST-039194,1,Consumer,1.0,2.0,Low,3.0,2.0,0.0,174.0,91-180 days,37357.28,40129.84,912.04,44.0,Account Issues,16051.936000000003
CUST-006924,0,Consumer,23.0,1.0,High,18.0,3.0,0.0,5.0,0-30 days,39169.83,39658.47,1321.95,30.0,Not Applicable,0.0
CUST-042969,1,Consumer,26.0,2.0,High,14.0,18.0,9.0,75.0,61-90 days,21154.22,18890.2,1453.09,13.0,Too Expensive,7556.080000000001
CUST-006358,0,Consumer,40.0,3.0,High,4.0,6.0,6.0,9.0,0-30 days,31054.15,33103.45,4729.06,7.0,Not Applicable,0.0
CUST-039525,0,Consumer,20.0,4.0,Medium,13.0,10.0,0.0,313.0,271-365 days,47039.26,43570.75,1502.44,29.0,Not Applicable,0.0
CUST-044352,1,Premium,34.0,2.0,Low,17.0,8.0,2.0,228.0,181-270 days,36958.14,46054.25,1395.58,33.0,No Longer Need Service,18421.7
CUST-001611,1,Premium,32.0,1.0,Medium,11.0,12.0,7.0,77.0,61-90 days,6046.64,5547.52,369.83,15.0,Too Expensive,2219.0080000000007
CUST-032077,0,Premium,16.0,4.0,Low,0.0,3.0,9.0,91.0,91-180 days,22432.83,19287.06,9643.53,2.0,Not Applicable,0.0
CUST-046266,1,Small Business,41.0,3.0,Medium,4.0,6.0,4.0,157.0,91-180 days,35680.88,43206.57,919.29,47.0,No Longer Need Service,17282.628
CUST-039750,1,Consumer,27.0,1.0,Low,4.0,4.0,6.0,68.0,61-90 days,5772.72,5030.94,167.7,30.0,Too Expensive,2012.376
CUST-016456,1,Premium,45.0,5.0,Low,11.0,1.0,8.0,26.0,0-30 days,15637.88,15812.74,3162.55,5.0,Poor Customer Service,6325.096000000001
CUST-017885,1,Consumer,14.0,2.0,Medium,7.0,3.0,3.0,259.0,181-270 days,8156.18,9919.16,1983.83,5.0,Payment Problems,3967.664
CUST-023170,0,Consumer,10.0,3.0,High,1.0,3.0,0.0,25.0,0-30 days,1807.92,1840.7,613.57,3.0,Not Applicable,0.0
CUST-036442,0,Consumer,14.0,2.0,High,14.0,14.0,2.0,215.0,181-270 days,10836.07,10538.75,421.55,25.0,Not Applicable,0.0
CUST-007125,1,Consumer,36.0,2.0,Low,5.0,4.0,6.0,81.0,61-90 days,56466.54,46485.13,46485.13,1.0,Shipping Issues,18594.052
CUST-013540,0,Consumer,34.0,3.0,Medium,4.0,5.0,1.0,4.0,0-30 days,33895.24,41269.68,1528.51,27.0,Not Applicable,0.0
CUST-034467,0,Consumer,43.0,2.0,Medium,7.0,0.0,0.0,255.0,181-270 days,30150.09,30224.45,1208.98,25.0,Not Applicable,0.0
CUST-029814,1,Premium,57.0,5.0,Low,0.0,2.0,3.0,43.0,31-60 days,15508.23,17853.34,2975.56,6.0,Too Expensive,7141.335999999998
CUST-019748,0,Premium,39.0,4.0,High,2.0,0.0,5.0,71.0,61-90 days,52313.52,44692.04,3724.34,12.0,Not Applicable,0.0
CUST-002313,0,Premium,34.0,1.0,High,2.0,4.0,4.0,19.0,0-30 days,22911.44,23673.9,657.61,36.0,Not Applicable,0.0
CUST-022763,0,Small Business,38.0,5.0,Medium,10.0,11.0,4.0,2.0,0-30 days,18707.45,18310.58,481.86,38.0,Not Applicable,0.0
CUST-034320,0,Enterprise,56.0,1.0,High,2.0,6.0,1.0,23.0,0-30 days,12212.39,10370.82,265.92,39.0,Not Applicable,0.0
CUST-029306,0,Small Business,31.0,2.0,Low,9.0,5.0,5.0,16.0,0-30 days,11244.67,12563.76,12563.76,1.0,Not Applicable,0.0
CUST-018763,1,Consumer,42.0,5.0,Low,17.0,8.0,2.0,293.0,271-365 days,25605.82,27888.34,2535.3,11.0,Shipping Issues,11155.336000000001
CUST-018368,0,Premium,20.0,5.0,Low,8.0,1.0,4.0,24.0,0-30 days,45245.99,40132.85,912.11,44.0,Not Applicable,0.0
CUST-020112,0,Premium,13.0,4.0,Medium,16.0,18.0,1.0,90.0,61-90 days,25191.51,31070.62,634.09,49.0,Not Applicable,0.0
CUST-035965,0,Consumer,40.0,5.0,Medium,3.0,5.0,1.0,186.0,181-270 days,10367.52,12818.79,754.05,17.0,Not Applicable,0.0
CUST-009157,0,Consumer,55.0,5.0,High,19.0,17.0,3.0,89.0,61-90 days,12656.63,14306.18,1300.56,11.0,Not Applicable,0.0
CUST-032849,1,Enterprise,46.0,5.0,Low,11.0,10.0,7.0,40.0,31-60 days,6875.82,5703.17,121.34,47.0,Too Expensive,2281.268
CUST-008376,1,Consumer,29.0,5.0,Low,18.0,3.0,7.0,30.0,0-30 days,34360.76,31158.53,677.36,46.0,Poor Customer Service,12463.412
CUST-004204,0,Premium,45.0,5.0,Medium,4.0,1.0,3.0,79.0,61-90 days,19547.39,20115.71,804.63,25.0,Not Applicable,0.0
CUST-019478,1,Small Business,44.0,2.0,Low,9.0,2.0,3.0,73.0,61-90 days,27115.43,20864.25,3477.38,6.0,Better Price Elsewhere,8345.7
CUST-001358,0,Consumer,49.0,1.0,High,1.0,0.0,0.0,82.0,61-90 days,4656.42,4236.75,136.67,31.0,Not Applicable,0.0
CUST-023642,0,Consumer,42.0,5.0,Medium,9.0,3.0,9.0,19.0,0-30 days,42103.31,42207.78,1110.73,38.0,Not Applicable,0.0
CUST-013378,0,Premium,50.0,5.0,Medium,5.0,6.0,2.0,29.0,0-30 days,12723.87,9948.2,452.19,22.0,Not Applicable,0.0
CUST-011555,0,Premium,24.0,5.0,High,3.0,3.0,0.0,12.0,0-30 days,29112.96,24008.28,3001.03,8.0,Not Applicable,0.0
CUST-044527,0,Consumer,25.0,4.0,Low,5.0,5.0,2.0,174.0,91-180 days,6957.41,7136.69,151.84,47.0,Not Applicable,0.0
CUST-033905,0,Consumer,56.0,1.0,Medium,1.0,5.0,3.0,270.0,181-270 days,43578.98,39738.83,1281.9,31.0,Not Applicable,0.0
CUST-043093,0,Enterprise,27.0,5.0,Medium,13.0,16.0,8.0,64.0,61-90 days,39169.81,40468.99,1124.14,36.0,Not Applicable,0.0
CUST-002847,1,Premium,36.0,5.0,Medium,17.0,10.0,5.0,342.0,271-365 days,19468.71,16588.24,1843.14,9.0,Unhappy with Return Policy,6635.296000000001
CUST-017290,0,Small Business,58.0,2.0,High,1.0,3.0,2.0,46.0,31-60 days,6973.95,5580.1,1395.03,4.0,Not Applicable,0.0
CUST-037306,1,Small Business,4.0,3.0,Medium,17.0,19.0,6.0,192.0,181-270 days,50002.93,46884.69,1803.26,26.0,Too Expensive,18753.876
CUST-000980,0,Premium,57.0,1.0,Low,6.0,10.0,3.0,160.0,91-180 days,21291.54,22653.37,4530.67,5.0,Not Applicable,0.0
CUST-037296,0,Small Business,6.0,4.0,High,3.0,7.0,4.0,44.0,31-60 days,2118.7,2488.87,62.22,40.0,Not Applicable,0.0
CUST-006454,0,Consumer,15.0,4.0,Medium,2.0,6.0,8.0,7.0,0-30 days,59101.24,47099.04,9419.81,5.0,Not Applicable,0.0
CUST-002238,0,Consumer,32.0,4.0,High,14.0,14.0,2.0,33.0,31-60 days,26032.21,21946.12,1567.58,14.0,Not Applicable,0.0
CUST-045204,0,Consumer,56.0,1.0,Medium,12.0,3.0,1.0,26.0,0-30 days,12555.75,14482.9,629.69,23.0,Not Applicable,0.0
CUST-021686,1,Consumer,47.0,2.0,High,7.0,7.0,2.0,82.0,61-90 days,54851.32,42645.22,1093.47,39.0,Poor Customer Service,17058.088
CUST-009230,0,Enterprise,3.0,1.0,Medium,16.0,9.0,5.0,67.0,61-90 days,37653.44,45958.39,1044.51,44.0,Not Applicable,0.0
CUST-021883,0,Consumer,25.0,1.0,Medium,4.0,0.0,7.0,10.0,0-30 days,39002.69,47823.88,1649.1,29.0,Not Applicable,0.0
CUST-034062,1,Small Business,30.0,1.0,Medium,4.0,6.0,9.0,79.0,61-90 days,22671.94,18388.09,3677.62,5.0,Poor Customer Service,7355.236000000001
CUST-001164,1,Small Business,40.0,3.0,High,8.0,10.0,4.0,57.0,31-60 days,22317.98,20264.38,450.32,45.0,No Longer Need Service,8105.751999999998
CUST-036852,1,Consumer,2.0,2.0,Low,6.0,6.0,6.0,187.0,181-270 days,35636.25,41157.06,1112.35,37.0,Poor Customer Service,16462.824
CUST-049829,1,Premium,5.0,1.0,Low,12.0,7.0,2.0,76.0,61-90 days,30344.02,30749.58,5124.93,6.0,Found Alternative,12299.832000000002
CUST-029185,0,Small Business,29.0,5.0,Medium,14.0,3.0,6.0,130.0,91-180 days,30192.26,26417.69,550.37,48.0,Not Applicable,0.0
CUST-007434,0,Consumer,15.0,4.0,Low,13.0,0.0,2.0,4.0,0-30 days,1134.07,1213.69,134.85,9.0,Not Applicable,0.0
CUST-029227,1,Small Business,10.0,5.0,High,18.0,7.0,0.0,3.0,0-30 days,45172.73,43763.97,3366.46,13.0,Poor Customer Service,17505.588
CUST-000584,0,Consumer,3.0,3.0,High,11.0,1.0,4.0,24.0,0-30 days,22172.89,23512.68,653.13,36.0,Not Applicable,0.0
CUST-010134,1,Consumer,46.0,3.0,Low,7.0,4.0,6.0,79.0,61-90 days,16520.49,13022.96,520.92,25.0,Shipping Issues,5209.184
CUST-041258,0,Premium,12.0,5.0,Medium,17.0,0.0,0.0,31.0,31-60 days,37532.15,40975.11,1280.47,32.0,Not Applicable,0.0
CUST-003755,0,Premium,40.0,4.0,High,9.0,8.0,6.0,290.0,271-365 days,16917.32,15395.48,375.5,41.0,Not Applicable,0.0
CUST-043567,1,Consumer,58.0,1.0,Low,16.0,9.0,3.0,202.0,181-270 days,32559.87,31156.57,1112.73,28.0,Too Expensive,12462.628
CUST-032697,1,Consumer,44.0,3.0,Low,11.0,13.0,4.0,267.0,181-270 days,12236.74,11825.48,739.09,16.0,Found Alternative,4730.192
CUST-000485,0,Enterprise,50.0,4.0,Medium,10.0,7.0,1.0,107.0,91-180 days,35854.1,29974.94,1427.38,21.0,Not Applicable,0.0
CUST-008955,0,Premium,12.0,3.0,High,0.0,1.0,6.0,85.0,61-90 days,21858.01,20544.18,684.81,30.0,Not Applicable,0.0
CUST-033375,1,Consumer,55.0,4.0,Medium,4.0,4.0,8.0,31.0,31-60 days,47753.32,42595.97,1151.24,37.0,Low Product Variety,17038.388000000006
CUST-039145,0,Consumer,41.0,3.0,Medium,12.0,9.0,7.0,7.0,0-30 days,20127.6,24652.98,1450.18,17.0,Not Applicable,0.0
CUST-037339,1,Consumer,56.0,3.0,Low,8.0,5.0,6.0,6.0,0-30 days,34437.33,27402.27,652.44,42.0,Payment Problems,10960.908000000001
CUST-009591,1,Consumer,1.0,4.0,Low,19.0,4.0,7.0,66.0,61-90 days,46384.24,47281.35,1751.16,27.0,Found Alternative,18912.54
CUST-003977,0,Premium,9.0,4.0,Medium,15.0,7.0,8.0,52.0,31-60 days,9600.37,11231.63,510.53,22.0,Not Applicable,0.0
CUST-039718,1,Enterprise,24.0,2.0,Low,9.0,2.0,4.0,9.0,0-30 days,23014.87,18355.63,592.12,31.0,Found Alternative,7342.251999999998
CUST-021400,1,Consumer,34.0,4.0,Low,17.0,20.0,7.0,61.0,61-90 days,20278.07,22350.41,588.17,38.0,Low Product Variety,8940.164
CUST-032470,1,Consumer,33.0,2.0,Medium,2.0,2.0,8.0,89.0,61-90 days,50693.93,40732.52,1234.32,33.0,Too Expensive,16293.008
CUST-006530,0,Small Business,48.0,3.0,High,11.0,6.0,1.0,72.0,61-90 days,45182.61,38834.87,1078.75,36.0,Not Applicable,0.0
CUST-035973,0,Premium,6.0,4.0,High,1.0,4.0,7.0,62.0,61-90 days,50141.97,44018.31,1257.67,35.0,Not Applicable,0.0
CUST-003958,0,Consumer,27.0,4.0,High,7.0,11.0,0.0,307.0,271-365 days,47304.6,49361.68,1175.28,42.0,Not Applicable,0.0
CUST-048201,1,Consumer,18.0,2.0,Medium,18.0,9.0,1.0,82.0,61-90 days,19769.9,17473.63,0.0,0.0,Payment Problems,6989.452000000001
CUST-012149,0,Consumer,55.0,5.0,High,3.0,7.0,8.0,187.0,181-270 days,236.22,240.35,5.46,44.0,Not Applicable,0.0
CUST-020942,0,Premium,31.0,2.0,High,6.0,8.0,9.0,8.0,0-30 days,38982.14,34732.92,2170.81,16.0,Not Applicable,0.0
CUST-039433,0,Enterprise,13.0,3.0,High,3.0,6.0,3.0,23.0,0-30 days,10828.95,9419.26,4709.63,2.0,Not Applicable,0.0
CUST-026197,0,Premium,9.0,3.0,High,9.0,2.0,6.0,25.0,0-30 days,20204.4,22493.33,4498.67,5.0,Not Applicable,0.0
CUST-002743,0,Premium,58.0,4.0,Medium,2.0,0.0,3.0,16.0,0-30 days,31177.13,33705.56,4815.08,7.0,Not Applicable,0.0
CUST-011416,1,Premium,47.0,3.0,High,14.0,4.0,1.0,77.0,61-90 days,21558.76,25240.06,600.95,42.0,Payment Problems,10096.024
CUST-030815,1,Consumer,2.0,2.0,Low,6.0,10.0,8.0,12.0,0-30 days,17526.94,15980.77,389.77,41.0,Shipping Issues,6392.308000000001
CUST-042792,0,Consumer,8.0,2.0,High,8.0,9.0,8.0,48.0,31-60 days,42310.4,45909.48,1067.66,43.0,Not Applicable,0.0
CUST-042461,0,Premium,19.0,5.0,High,15.0,13.0,9.0,202.0,181-270 days,13704.88,14833.43,618.06,24.0,Not Applicable,0.0
CUST-010283,0,Premium,51.0,5.0,Medium,12.0,8.0,5.0,79.0,61-90 days,32426.17,26105.72,580.13,45.0,Not Applicable,0.0
CUST-048477,1,Small Business,8.0,2.0,High,10.0,1.0,7.0,52.0,31-60 days,3071.96,3276.54,79.92,41.0,Too Expensive,1310.616
CUST-021357,0,Consumer,44.0,5.0,High,14.0,13.0,0.0,198.0,181-270 days,55693.01,47649.83,1489.06,32.0,Not Applicable,0.0
CUST-033117,1,Small Business,42.0,2.0,Medium,12.0,1.0,9.0,1.0,0-30 days,14661.71,13075.48,318.91,41.0,Shipping Issues,5230.192
CUST-047420,1,Consumer,14.0,1.0,Medium,15.0,10.0,7.0,240.0,181-270 days,17360.11,18437.03,9218.51,2.0,Poor Customer Service,7374.812
CUST-031534,0,Small Business,20.0,5.0,High,5.0,7.0,3.0,313.0,271-365 days,27280.81,24053.63,511.78,47.0,Not Applicable,0.0
CUST-027989,0,Premium,16.0,3.0,Medium,8.0,3.0,9.0,14.0,0-30 days,23779.42,18456.79,18456.79,1.0,Not Applicable,0.0
CUST-026977,0,Consumer,11.0,1.0,Medium,17.0,8.0,0.0,63.0,61-90 days,15502.48,14192.77,887.05,16.0,Not Applicable,0.0
CUST-024111,0,Consumer,18.0,3.0,Medium,17.0,18.0,4.0,33.0,31-60 days,44221.26,45530.88,1626.1,28.0,Not Applicable,0.0
CUST-046204,1,Small Business,26.0,5.0,Low,5.0,6.0,6.0,61.0,61-90 days,8839.11,11002.67,366.76,30.0,Too Expensive,4401.068
CUST-044362,1,Consumer,42.0,4.0,Medium,16.0,8.0,4.0,31.0,31-60 days,18500.67,18436.44,1843.64,10.0,Found Alternative,7374.576
CUST-006215,1,Consumer,48.0,1.0,High,17.0,6.0,3.0,40.0,31-60 days,9976.72,10664.18,969.47,11.0,Low Product Variety,4265.672000000001
CUST-020528,0,Premium,57.0,3.0,Medium,1.0,0.0,2.0,19.0,0-30 days,23013.75,25117.54,1569.85,16.0,Not Applicable,0.0
CUST-013496,0,Consumer,35.0,4.0,High,6.0,10.0,4.0,23.0,0-30 days,40566.18,37320.17,1066.29,35.0,Not Applicable,0.0
CUST-041577,1,Consumer,52.0,2.0,Medium,19.0,22.0,4.0,354.0,271-365 days,41412.65,42671.61,1939.62,22.0,Technical Issues,17068.644
CUST-022996,0,Consumer,10.0,4.0,Medium,14.0,10.0,7.0,76.0,61-90 days,17608.88,16631.26,755.97,22.0,Not Applicable,0.0
CUST-000880,0,Small Business,50.0,3.0,Medium,11.0,6.0,4.0,29.0,0-30 days,17684.05,19025.1,442.44,43.0,Not Applicable,0.0
CUST-004428,1,Premium,51.0,5.0,High,15.0,0.0,1.0,33.0,31-60 days,29504.06,35105.95,1063.82,33.0,Technical Issues,14042.38
CUST-022920,0,Premium,31.0,4.0,Medium,18.0,22.0,6.0,328.0,271-365 days,7951.69,9912.37,1982.47,5.0,Not Applicable,0.0
CUST-009652,0,Premium,58.0,3.0,Low,7.0,3.0,7.0,204.0,181-270 days,47962.48,44353.98,1267.26,35.0,Not Applicable,0.0
CUST-048738,0,Small Business,7.0,2.0,Medium,2.0,3.0,4.0,3.0,0-30 days,17369.48,20641.35,4128.27,5.0,Not Applicable,0.0
CUST-027645,1,Small Business,31.0,2.0,High,10.0,11.0,9.0,67.0,61-90 days,20709.6,20479.14,553.49,37.0,Too Expensive,8191.656
CUST-038796,0,Premium,2.0,5.0,Medium,17.0,10.0,5.0,59.0,31-60 days,41849.15,47462.95,3390.21,14.0,Not Applicable,0.0
CUST-041158,0,Premium,2.0,3.0,Low,1.0,3.0,6.0,39.0,31-60 days,39527.31,36259.93,1169.68,31.0,Not Applicable,0.0
CUST-047639,1,Consumer,38.0,5.0,Low,11.0,9.0,8.0,5.0,0-30 days,52929.67,42921.07,1532.9,28.0,Found Alternative,17168.428
CUST-012662,1,Consumer,5.0,1.0,Medium,15.0,8.0,0.0,64.0,61-90 days,10298.29,8050.68,187.23,43.0,Poor Customer Service,3220.2720000000004
CUST-011702,1,Consumer,27.0,1.0,Low,16.0,15.0,2.0,37.0,31-60 days,2517.88,1948.32,45.31,43.0,Poor Customer Service,779.328
CUST-024355,1,Consumer,3.0,1.0,High,0.0,4.0,4.0,15.0,0-30 days,45732.67,47335.73,1479.24,32.0,Shipping Issues,18934.292
CUST-009948,1,Consumer,22.0,1.0,High,18.0,12.0,5.0,321.0,271-365 days,7800.35,6743.91,6743.91,1.0,Better Price Elsewhere,2697.5640000000008
CUST-030089,0,Small Business,16.0,2.0,High,8.0,8.0,1.0,43.0,31-60 days,31067.52,29165.38,940.82,31.0,Not Applicable,0.0
CUST-034413,0,Consumer,29.0,3.0,Medium,6.0,4.0,4.0,22.0,0-30 days,12611.75,15470.97,573.0,27.0,Not Applicable,0.0
CUST-016140,0,Premium,49.0,5.0,Medium,14.0,6.0,0.0,74.0,61-90 days,647.98,512.19,13.84,37.0,Not Applicable,0.0
CUST-012296,1,Small Business,11.0,4.0,Low,17.0,15.0,2.0,69.0,61-90 days,41778.43,42682.78,1940.13,22.0,Found Alternative,17073.112
CUST-040958,0,Consumer,36.0,3.0,High,2.0,0.0,9.0,53.0,31-60 days,27915.73,32406.71,2700.56,12.0,Not Applicable,0.0
CUST-045890,0,Premium,8.0,3.0,High,18.0,5.0,5.0,48.0,31-60 days,45234.66,48911.55,4446.5,11.0,Not Applicable,0.0
CUST-049562,1,Small Business,7.0,1.0,Medium,18.0,19.0,7.0,71.0,61-90 days,35970.21,40819.39,1632.78,25.0,Poor Customer Service,16327.756000000001
CUST-032833,1,Consumer,48.0,4.0,Low,19.0,20.0,8.0,84.0,61-90 days,36062.7,28321.74,832.99,34.0,Found Alternative,11328.696000000002
CUST-026199,0,Consumer,31.0,5.0,Medium,7.0,7.0,5.0,47.0,31-60 days,1471.74,1679.65,559.88,3.0,Not Applicable,0.0
CUST-048218,0,Small Business,18.0,5.0,High,4.0,3.0,0.0,85.0,61-90 days,34709.18,38695.43,789.7,49.0,Not Applicable,0.0
CUST-018412,1,Consumer,59.0,1.0,Medium,19.0,3.0,6.0,285.0,271-365 days,33652.2,32168.78,670.18,48.0,Payment Problems,12867.512
CUST-007177,1,Enterprise,37.0,4.0,Low,8.0,3.0,3.0,362.0,271-365 days,38816.77,31819.7,1383.47,23.0,Shipping Issues,12727.88
CUST-034560,0,Enterprise,27.0,3.0,Low,17.0,14.0,6.0,21.0,0-30 days,6923.33,6469.6,184.85,35.0,Not Applicable,0.0
CUST-006933,1,Consumer,42.0,2.0,Medium,10.0,0.0,9.0,211.0,181-270 days,15539.9,13891.22,375.44,37.0,Poor Customer Service,5556.488
CUST-033552,1,Premium,54.0,4.0,Medium,9.0,9.0,6.0,72.0,61-90 days,34535.26,37758.53,968.17,39.0,Shipping Issues,15103.412
CUST-034393,1,Small Business,45.0,2.0,Low,14.0,3.0,3.0,359.0,271-365 days,31458.63,38474.49,836.4,46.0,Better Price Elsewhere,15389.796
CUST-012547,0,Enterprise,47.0,3.0,Low,18.0,15.0,1.0,41.0,31-60 days,24823.01,25110.84,1569.43,16.0,Not Applicable,0.0
CUST-025590,1,Consumer,11.0,3.0,Medium,19.0,19.0,4.0,331.0,271-365 days,33064.55,29989.28,1153.43,26.0,No Longer Need Service,11995.712
CUST-041350,0,Consumer,52.0,4.0,High,4.0,8.0,3.0,171.0,91-180 days,4500.92,3819.95,97.95,39.0,Not Applicable,0.0
CUST-022356,0,Premium,21.0,5.0,High,4.0,6.0,9.0,19.0,0-30 days,52657.77,44281.37,1302.39,34.0,Not Applicable,0.0
CUST-030114,0,Enterprise,37.0,5.0,Medium,1.0,0.0,2.0,82.0,61-90 days,32117.24,25193.3,1399.63,18.0,Not Applicable,0.0
CUST-048980,0,Consumer,49.0,5.0,Medium,18.0,12.0,5.0,60.0,31-60 days,12729.61,10916.86,474.65,23.0,Not Applicable,0.0
CUST-033411,0,Premium,43.0,3.0,Medium,2.0,3.0,2.0,106.0,91-180 days,25993.61,31015.34,2067.69,15.0,Not Applicable,0.0
CUST-032537,1,Consumer,58.0,1.0,Medium,7.0,0.0,1.0,59.0,31-60 days,23599.84,28327.71,9442.57,3.0,Shipping Issues,11331.084
CUST-020818,0,Consumer,21.0,1.0,Medium,5.0,3.0,5.0,282.0,271-365 days,27796.26,21862.19,3123.17,7.0,Not Applicable,0.0
CUST-021931,0,Small Business,12.0,3.0,Medium,17.0,17.0,4.0,170.0,91-180 days,35392.92,28163.31,2816.33,10.0,Not Applicable,0.0
CUST-031346,1,Consumer,35.0,3.0,Medium,17.0,3.0,7.0,72.0,61-90 days,26474.72,27113.21,1178.84,23.0,Payment Problems,10845.284
CUST-017163,0,Consumer,28.0,4.0,Medium,3.0,3.0,9.0,293.0,271-365 days,15286.26,13788.36,1060.64,13.0,Not Applicable,0.0
CUST-018115,0,Small Business,53.0,3.0,Medium,10.0,12.0,2.0,22.0,0-30 days,2655.7,2818.99,313.22,9.0,Not Applicable,0.0
CUST-011486,0,Small Business,58.0,2.0,High,8.0,8.0,8.0,52.0,31-60 days,2087.61,2038.91,226.55,9.0,Not Applicable,0.0
CUST-028677,0,Consumer,17.0,3.0,High,3.0,4.0,0.0,85.0,61-90 days,36281.52,43896.99,1291.09,34.0,Not Applicable,0.0
CUST-043206,1,Premium,17.0,5.0,High,12.0,4.0,0.0,257.0,181-270 days,41136.12,39926.55,2661.77,15.0,Technical Issues,15970.620000000004
CUST-015670,1,Consumer,11.0,1.0,Medium,6.0,7.0,1.0,339.0,271-365 days,15773.78,16364.33,1636.43,10.0,Poor Product Quality,6545.732
CUST-032996,1,Premium,52.0,5.0,Low,14.0,14.0,6.0,191.0,181-270 days,42356.88,33619.82,2586.14,13.0,Too Expensive,13447.928
CUST-008645,0,Consumer,49.0,1.0,Medium,1.0,5.0,2.0,53.0,31-60 days,43473.29,45863.43,1273.98,36.0,Not Applicable,0.0
CUST-049936,0,Consumer,55.0,5.0,Medium,7.0,4.0,3.0,51.0,31-60 days,47077.1,46479.04,6639.86,7.0,Not Applicable,0.0
CUST-034880,0,Premium,50.0,5.0,High,16.0,19.0,2.0,71.0,61-90 days,35377.92,29352.28,1223.01,24.0,Not Applicable,0.0
CUST-008946,0,Small Business,52.0,5.0,Medium,10.0,7.0,5.0,210.0,181-270 days,20525.33,17466.93,406.21,43.0,Not Applicable,0.0
CUST-003383,0,Consumer,30.0,3.0,Medium,3.0,5.0,2.0,39.0,31-60 days,47690.4,38066.3,3172.19,12.0,Not Applicable,0.0
CUST-028297,1,Enterprise,4.0,3.0,Low,19.0,5.0,3.0,86.0,61-90 days,21799.27,18338.92,4584.73,4.0,Payment Problems,7335.5679999999975
CUST-006596,0,Small Business,31.0,5.0,Medium,16.0,17.0,6.0,296.0,271-365 days,46455.2,40417.37,1224.77,33.0,Not Applicable,0.0
CUST-023833,0,Premium,31.0,3.0,High,8.0,3.0,8.0,1.0,0-30 days,24332.4,19093.85,454.62,42.0,Not Applicable,0.0
CUST-047185,0,Small Business,22.0,3.0,High,8.0,10.0,1.0,163.0,91-180 days,38659.47,36216.66,883.33,41.0,Not Applicable,0.0
CUST-045864,0,Consumer,56.0,3.0,High,16.0,9.0,4.0,45.0,31-60 days,23968.74,18443.99,526.97,35.0,Not Applicable,0.0
CUST-041944,0,Consumer,28.0,3.0,High,3.0,7.0,8.0,5.0,0-30 days,35291.52,41394.16,1009.61,41.0,Not Applicable,0.0
CUST-037905,0,Premium,2.0,5.0,Low,10.0,6.0,5.0,202.0,181-270 days,23325.5,23229.51,7743.17,3.0,Not Applicable,0.0
CUST-046962,1,Consumer,27.0,1.0,Medium,9.0,7.0,2.0,192.0,181-270 days,157.61,138.51,0.0,0.0,Better Price Elsewhere,55.403999999999996
CUST-042827,1,Consumer,50.0,3.0,High,15.0,6.0,2.0,162.0,91-180 days,9699.2,9808.59,208.69,47.0,Poor Customer Service,3923.436
CUST-027481,0,Consumer,11.0,1.0,High,12.0,3.0,1.0,44.0,31-60 days,27250.37,24291.76,714.46,34.0,Not Applicable,0.0
CUST-033383,0,Premium,23.0,3.0,Medium,3.0,2.0,2.0,1.0,0-30 days,23934.36,21281.96,760.07,28.0,Not Applicable,0.0
CUST-002108,0,Enterprise,33.0,1.0,Medium,6.0,6.0,7.0,37.0,31-60 days,31889.91,33243.55,2374.54,14.0,Not Applicable,0.0
CUST-006402,0,Consumer,2.0,4.0,High,8.0,1.0,4.0,18.0,0-30 days,50875.37,45904.96,1995.87,23.0,Not Applicable,0.0
CUST-030241,0,Premium,32.0,2.0,High,7.0,10.0,5.0,40.0,31-60 days,6556.07,6182.39,412.16,15.0,Not Applicable,0.0
CUST-028691,0,Consumer,28.0,4.0,Low,2.0,4.0,7.0,67.0,61-90 days,733.62,692.11,49.44,14.0,Not Applicable,0.0
CUST-027846,0,Consumer,47.0,4.0,Medium,16.0,7.0,9.0,33.0,31-60 days,46607.25,39874.74,13291.58,3.0,Not Applicable,0.0
CUST-011440,1,Consumer,6.0,1.0,Medium,10.0,9.0,8.0,48.0,31-60 days,47347.73,41197.29,3745.21,11.0,Poor Customer Service,16478.916
CUST-017040,1,Consumer,10.0,2.0,Medium,13.0,3.0,6.0,107.0,91-180 days,24203.25,23339.38,707.25,33.0,Better Price Elsewhere,9335.752
CUST-018138,1,Consumer,30.0,5.0,High,16.0,8.0,8.0,295.0,271-365 days,53006.71,43495.48,14498.49,3.0,Payment Problems,17398.192000000006
CUST-001637,0,Consumer,36.0,3.0,Medium,14.0,10.0,9.0,262.0,181-270 days,57368.95,45505.19,1300.15,35.0,Not Applicable,0.0
CUST-019481,1,Consumer,46.0,3.0,Low,19.0,9.0,6.0,76.0,61-90 days,13892.72,16718.62,1393.22,12.0,Found Alternative,6687.448
CUST-024400,0,Small Business,14.0,5.0,High,6.0,2.0,5.0,210.0,181-270 days,45949.83,47998.58,3692.2,13.0,Not Applicable,0.0
CUST-007720,1,Consumer,5.0,2.0,Medium,10.0,5.0,2.0,74.0,61-90 days,5129.29,6251.45,208.38,30.0,Account Issues,2500.58
CUST-026118,0,Consumer,28.0,5.0,Medium,5.0,0.0,3.0,85.0,61-90 days,29965.06,33580.34,799.53,42.0,Not Applicable,0.0
CUST-016329,0,Consumer,47.0,3.0,High,12.0,7.0,9.0,89.0,61-90 days,17695.25,20512.6,488.4,42.0,Not Applicable,0.0
CUST-043470,1,Premium,43.0,1.0,Low,18.0,3.0,1.0,79.0,61-90 days,6078.27,5799.32,207.12,28.0,Poor Customer Service,2319.728
CUST-046365,0,Consumer,5.0,3.0,High,9.0,2.0,2.0,183.0,181-270 days,5418.6,4180.31,2090.16,2.0,Not Applicable,0.0
CUST-009539,1,Consumer,47.0,4.0,Low,4.0,5.0,9.0,32.0,31-60 days,22623.87,27664.28,658.67,42.0,Poor Product Quality,11065.712
CUST-035221,0,Consumer,11.0,3.0,High,14.0,14.0,1.0,27.0,0-30 days,23613.22,29429.0,668.84,44.0,Not Applicable,0.0
CUST-038082,0,Consumer,4.0,3.0,High,5.0,3.0,8.0,11.0,0-30 days,45790.35,42672.55,1778.02,24.0,Not Applicable,0.0
CUST-041718,0,Consumer,19.0,3.0,Low,12.0,8.0,5.0,48.0,31-60 days,45040.19,44832.04,974.61,46.0,Not Applicable,0.0
CUST-005227,1,Small Business,16.0,3.0,Low,17.0,5.0,9.0,59.0,31-60 days,7368.35,8319.64,218.94,38.0,Unhappy with Return Policy,3327.8559999999998
CUST-001993,0,Consumer,11.0,1.0,Low,15.0,6.0,3.0,19.0,0-30 days,49125.75,43962.47,5495.31,8.0,Not Applicable,0.0
CUST-042611,1,Premium,44.0,4.0,High,19.0,16.0,6.0,21.0,0-30 days,25740.8,29047.58,829.93,35.0,Better Price Elsewhere,11619.032
CUST-014339,0,Consumer,6.0,2.0,Medium,1.0,4.0,6.0,73.0,61-90 days,13937.05,17211.47,2458.78,7.0,Not Applicable,0.0
CUST-048652,0,Small Business,5.0,3.0,Medium,0.0,4.0,9.0,13.0,0-30 days,37135.07,31636.16,1171.71,27.0,Not Applicable,0.0
CUST-041329,1,Enterprise,52.0,1.0,Low,16.0,9.0,3.0,138.0,91-180 days,6464.15,7145.15,714.51,10.0,Too Expensive,2858.06
CUST-043888,1,Enterprise,38.0,2.0,Medium,14.0,6.0,7.0,133.0,91-180 days,33830.31,41937.72,1352.83,31.0,Shipping Issues,16775.088
CUST-029009,0,Consumer,35.0,2.0,Low,11.0,7.0,2.0,52.0,31-60 days,41773.97,36136.11,4517.01,8.0,Not Applicable,0.0
CUST-018585,1,Small Business,27.0,2.0,Low,13.0,11.0,6.0,83.0,61-90 days,7138.49,5814.5,447.27,13.0,Shipping Issues,2325.8
CUST-034512,1,Consumer,29.0,4.0,Medium,16.0,10.0,6.0,296.0,271-365 days,1356.31,1227.02,94.39,13.0,Poor Customer Service,490.80800000000005
CUST-044332,0,Premium,27.0,1.0,Low,3.0,0.0,9.0,49.0,31-60 days,42599.92,45777.47,973.99,47.0,Not Applicable,0.0
CUST-005073,1,Small Business,36.0,3.0,Low,14.0,11.0,0.0,304.0,271-365 days,13451.29,16204.37,1012.77,16.0,Found Alternative,6481.748000000001
CUST-044131,0,Premium,4.0,4.0,Low,3.0,0.0,0.0,268.0,181-270 days,6972.27,8020.26,258.72,31.0,Not Applicable,0.0
CUST-001960,1,Small Business,19.0,2.0,Low,13.0,5.0,8.0,167.0,91-180 days,23338.69,21656.02,2707.0,8.0,Shipping Issues,8662.408000000001
CUST-001105,1,Consumer,38.0,4.0,Medium,11.0,8.0,5.0,65.0,61-90 days,33338.99,41580.45,13860.15,3.0,Payment Problems,16632.18
CUST-031003,1,Consumer,10.0,3.0,High,16.0,13.0,4.0,82.0,61-90 days,23200.15,21232.73,471.84,45.0,Poor Product Quality,8493.091999999999
CUST-049821,0,Small Business,22.0,3.0,High,0.0,3.0,1.0,42.0,31-60 days,1932.29,1787.88,357.58,5.0,Not Applicable,0.0
CUST-009023,1,Small Business,52.0,4.0,Low,3.0,6.0,1.0,147.0,91-180 days,22078.19,17259.39,690.38,25.0,Account Issues,6903.7559999999985
CUST-038112,1,Enterprise,20.0,1.0,High,14.0,18.0,7.0,4.0,0-30 days,17108.62,14531.98,309.19,47.0,Technical Issues,5812.792
CUST-030412,1,Enterprise,28.0,1.0,Low,16.0,12.0,7.0,299.0,271-365 days,18141.25,18632.27,716.63,26.0,Poor Customer Service,7452.908
CUST-006807,0,Premium,40.0,5.0,Medium,2.0,2.0,1.0,70.0,61-90 days,36760.81,39719.21,2336.42,17.0,Not Applicable,0.0
CUST-003941,0,Enterprise,11.0,5.0,Medium,0.0,4.0,1.0,305.0,271-365 days,19409.32,19054.36,1190.9,16.0,Not Applicable,0.0
CUST-008642,0,Enterprise,33.0,3.0,Medium,16.0,7.0,3.0,63.0,61-90 days,21046.2,19907.44,865.54,23.0,Not Applicable,0.0
CUST-006735,0,Consumer,47.0,1.0,High,11.0,6.0,5.0,124.0,91-180 days,38228.49,44549.56,947.86,47.0,Not Applicable,0.0
CUST-038389,0,Consumer,21.0,3.0,High,2.0,4.0,1.0,84.0,61-90 days,57206.53,48035.42,980.31,49.0,Not Applicable,0.0
CUST-033887,0,Consumer,4.0,5.0,Medium,14.0,14.0,0.0,80.0,61-90 days,33200.15,34768.5,2897.38,12.0,Not Applicable,0.0
CUST-025705,0,Small Business,26.0,1.0,High,8.0,8.0,1.0,242.0,181-270 days,55432.62,46138.65,2563.26,18.0,Not Applicable,0.0
CUST-005684,0,Enterprise,18.0,1.0,High,13.0,11.0,7.0,60.0,31-60 days,32271.51,38216.34,9554.08,4.0,Not Applicable,0.0
CUST-015326,1,Enterprise,24.0,4.0,High,12.0,2.0,9.0,179.0,91-180 days,20026.27,24735.39,515.32,48.0,Poor Customer Service,9894.156
CUST-020669,0,Premium,23.0,4.0,Medium,12.0,7.0,1.0,19.0,0-30 days,27527.07,30289.61,1893.1,16.0,Not Applicable,0.0
CUST-045955,0,Consumer,40.0,5.0,Medium,5.0,3.0,1.0,21.0,0-30 days,35708.27,38468.81,1012.34,38.0,Not Applicable,0.0
CUST-036882,0,Premium,44.0,5.0,Medium,2.0,6.0,0.0,53.0,31-60 days,46160.09,40544.02,10136.0,4.0,Not Applicable,0.0
CUST-016558,0,Consumer,31.0,3.0,High,6.0,4.0,3.0,25.0,0-30 days,42470.61,37222.24,7444.45,5.0,Not Applicable,0.0
CUST-023240,0,Enterprise,29.0,3.0,Medium,19.0,6.0,1.0,47.0,31-60 days,57195.12,47438.9,5929.86,8.0,Not Applicable,0.0
CUST-016645,1,Premium,27.0,2.0,Medium,14.0,8.0,1.0,235.0,181-270 days,8744.22,6916.37,182.01,38.0,Poor Customer Service,2766.548
CUST-002324,1,Premium,21.0,3.0,Low,18.0,15.0,9.0,348.0,271-365 days,10835.4,11250.65,511.39,22.0,No Longer Need Service,4500.26
CUST-008561,0,Enterprise,57.0,2.0,High,5.0,0.0,2.0,81.0,61-90 days,1094.51,1136.21,39.18,29.0,Not Applicable,0.0
CUST-049652,1,Enterprise,27.0,2.0,Medium,15.0,13.0,7.0,18.0,0-30 days,20756.91,16629.04,415.73,40.0,Technical Issues,6651.616000000001
CUST-013383,0,Enterprise,3.0,4.0,Medium,5.0,6.0,1.0,129.0,91-180 days,58530.22,49833.13,2491.66,20.0,Not Applicable,0.0
CUST-003706,1,Consumer,27.0,2.0,High,11.0,0.0,9.0,56.0,31-60 days,32620.7,25323.58,816.89,31.0,Poor Product Quality,10129.432
CUST-047160,0,Consumer,32.0,5.0,Medium,1.0,0.0,2.0,37.0,31-60 days,29428.12,33527.65,2579.05,13.0,Not Applicable,0.0
CUST-043267,1,Premium,52.0,1.0,Low,5.0,2.0,8.0,90.0,61-90 days,33532.17,29513.79,2683.07,11.0,Poor Customer Service,11805.516000000001
CUST-018943,0,Consumer,34.0,2.0,Medium,15.0,10.0,5.0,251.0,181-270 days,15971.56,18110.96,823.23,22.0,Not Applicable,0.0
CUST-029940,0,Consumer,27.0,5.0,Medium,18.0,20.0,9.0,71.0,61-90 days,36323.48,39647.05,2202.61,18.0,Not Applicable,0.0
CUST-049684,0,Enterprise,44.0,4.0,Low,8.0,6.0,7.0,153.0,91-180 days,21720.89,20759.38,648.73,32.0,Not Applicable,0.0
CUST-025314,1,Premium,4.0,1.0,Medium,17.0,16.0,6.0,34.0,31-60 days,8370.27,8323.51,640.27,13.0,Payment Problems,3329.4040000000005
CUST-028994,1,Consumer,52.0,2.0,High,7.0,7.0,7.0,3.0,0-30 days,44800.88,47168.62,1310.24,36.0,Technical Issues,18867.448
CUST-009377,1,Premium,4.0,2.0,Low,17.0,21.0,3.0,324.0,271-365 days,13580.55,13996.93,1272.45,11.0,Better Price Elsewhere,5598.772000000001
CUST-010314,1,Consumer,38.0,2.0,High,18.0,12.0,9.0,15.0,0-30 days,13276.94,11362.23,299.01,38.0,Better Price Elsewhere,4544.892
CUST-009058,0,Small Business,27.0,3.0,High,1.0,0.0,4.0,260.0,181-270 days,26532.42,26811.58,2437.42,11.0,Not Applicable,0.0
CUST-022805,1,Premium,17.0,4.0,High,17.0,15.0,6.0,39.0,31-60 days,14899.53,16152.35,2307.48,7.0,Found Alternative,6460.940000000001
CUST-033861,0,Enterprise,30.0,3.0,Medium,7.0,3.0,9.0,80.0,61-90 days,14663.8,16871.35,2811.89,6.0,Not Applicable,0.0
CUST-024185,0,Premium,12.0,3.0,Medium,17.0,7.0,2.0,334.0,271-365 days,23194.41,26020.12,2891.12,9.0,Not Applicable,0.0
CUST-038937,1,Consumer,57.0,5.0,Medium,13.0,5.0,6.0,41.0,31-60 days,36656.87,37675.6,6279.27,6.0,Poor Product Quality,15070.24
CUST-022375,0,Small Business,2.0,5.0,Medium,12.0,8.0,8.0,269.0,181-270 days,2073.05,2302.42,383.74,6.0,Not Applicable,0.0
CUST-026749,1,Enterprise,4.0,4.0,Medium,11.0,13.0,3.0,36.0,31-60 days,20770.45,21697.56,657.5,33.0,Too Expensive,8679.024000000001
CUST-001400,0,Premium,36.0,2.0,Medium,14.0,4.0,7.0,23.0,0-30 days,17304.66,14421.02,343.36,42.0,Not Applicable,0.0
CUST-008366,1,Premium,3.0,2.0,Low,19.0,15.0,5.0,238.0,181-270 days,20001.93,18879.57,2697.08,7.0,Poor Customer Service,7551.828
CUST-002487,0,Premium,20.0,5.0,Medium,16.0,14.0,9.0,19.0,0-30 days,21008.4,17831.02,685.81,26.0,Not Applicable,0.0
CUST-033657,0,Premium,18.0,5.0,Medium,7.0,10.0,0.0,49.0,31-60 days,8698.46,6887.49,160.17,43.0,Not Applicable,0.0
CUST-037124,0,Premium,36.0,1.0,Medium,10.0,7.0,4.0,133.0,91-180 days,26098.72,30272.07,1164.31,26.0,Not Applicable,0.0
CUST-000454,1,Consumer,38.0,3.0,Low,10.0,13.0,9.0,60.0,31-60 days,11052.82,10425.7,1737.62,6.0,Account Issues,4170.280000000002
CUST-036260,0,Small Business,39.0,3.0,Medium,9.0,10.0,4.0,35.0,31-60 days,19869.14,16263.59,508.24,32.0,Not Applicable,0.0
CUST-038628,0,Small Business,50.0,3.0,Medium,11.0,5.0,8.0,36.0,31-60 days,20348.8,24169.67,1150.94,21.0,Not Applicable,0.0
CUST-001734,0,Small Business,51.0,5.0,Medium,1.0,2.0,6.0,58.0,31-60 days,32433.23,40130.33,1294.53,31.0,Not Applicable,0.0
CUST-041033,1,Premium,47.0,3.0,Medium,13.0,3.0,9.0,47.0,31-60 days,38459.87,30688.96,1227.56,25.0,Too Expensive,12275.584
CUST-017788,1,Consumer,37.0,5.0,Low,13.0,0.0,9.0,73.0,61-90 days,16625.3,18516.07,974.53,19.0,Account Issues,7406.428000000001
CUST-020198,1,Consumer,27.0,2.0,Low,17.0,9.0,6.0,3.0,0-30 days,57714.37,49247.46,2462.37,20.0,Poor Customer Service,19698.984
CUST-001836,0,Consumer,3.0,5.0,High,9.0,4.0,7.0,35.0,31-60 days,15673.99,12276.27,472.16,26.0,Not Applicable,0.0
CUST-030960,0,Premium,48.0,1.0,High,16.0,5.0,4.0,255.0,181-270 days,5786.29,4702.74,95.97,49.0,Not Applicable,0.0
CUST-023218,0,Consumer,2.0,4.0,Medium,3.0,5.0,6.0,168.0,91-180 days,27268.21,31864.07,1593.2,20.0,Not Applicable,0.0
CUST-005712,0,Small Business,55.0,4.0,Medium,5.0,3.0,4.0,4.0,0-30 days,31496.72,28283.13,3142.57,9.0,Not Applicable,0.0
CUST-020004,0,Small Business,56.0,4.0,High,2.0,6.0,6.0,43.0,31-60 days,30501.86,29466.6,640.58,46.0,Not Applicable,0.0
CUST-049175,1,Enterprise,30.0,1.0,Medium,10.0,9.0,8.0,87.0,61-90 days,8219.4,9444.08,242.16,39.0,Low Product Variety,3777.632
CUST-007069,0,Consumer,7.0,5.0,High,14.0,11.0,1.0,100.0,91-180 days,11160.61,10874.26,5437.13,2.0,Not Applicable,0.0
CUST-024377,0,Premium,35.0,3.0,Medium,4.0,1.0,1.0,1.0,0-30 days,45343.44,45139.55,940.41,48.0,Not Applicable,0.0
CUST-012122,1,Consumer,32.0,4.0,Low,14.0,11.0,7.0,167.0,91-180 days,55450.26,45983.71,999.65,46.0,Poor Customer Service,18393.484
CUST-009867,1,Consumer,22.0,2.0,Medium,2.0,6.0,3.0,69.0,61-90 days,18303.46,20934.72,2326.08,9.0,Too Expensive,8373.888
CUST-003706,1,Consumer,27.0,2.0,High,11.0,3.0,9.0,56.0,31-60 days,32620.7,25323.58,816.89,31.0,Poor Customer Service,10129.432
CUST-003208,1,Consumer,6.0,5.0,High,18.0,21.0,5.0,12.0,0-30 days,50876.71,46061.38,1919.22,24.0,Found Alternative,18424.552
CUST-026012,0,Small Business,38.0,5.0,High,8.0,2.0,6.0,59.0,31-60 days,30572.02,32691.55,710.69,46.0,Not Applicable,0.0
CUST-043347,1,Consumer,15.0,5.0,Low,4.0,4.0,0.0,9.0,0-30 days,7204.74,7583.12,2527.71,3.0,Poor Customer Service,3033.248
CUST-044255,0,Consumer,44.0,4.0,Medium,14.0,1.0,3.0,83.0,61-90 days,1066.35,1121.19,101.93,11.0,Not Applicable,0.0
CUST-037998,0,Consumer,34.0,4.0,Medium,17.0,10.0,4.0,49.0,31-60 days,56591.72,48266.78,2098.56,23.0,Not Applicable,0.0
CUST-025064,0,Consumer,7.0,3.0,High,10.0,8.0,6.0,22.0,0-30 days,7008.8,6160.62,246.42,25.0,Not Applicable,0.0
CUST-011477,0,Consumer,31.0,2.0,High,18.0,8.0,2.0,16.0,0-30 days,48039.68,43270.13,940.65,46.0,Not Applicable,0.0
CUST-005813,0,Small Business,21.0,4.0,Medium,13.0,11.0,5.0,95.0,91-180 days,3423.78,3549.89,110.93,32.0,Not Applicable,0.0
CUST-009664,1,Enterprise,11.0,3.0,Low,8.0,11.0,8.0,88.0,61-90 days,29962.6,23854.87,23854.87,1.0,Poor Product Quality,9541.948
CUST-049104,0,Small Business,57.0,4.0,High,6.0,3.0,4.0,8.0,0-30 days,18875.95,15717.12,1309.76,12.0,Not Applicable,0.0
CUST-015988,1,Consumer,15.0,1.0,Medium,4.0,0.0,4.0,4.0,0-30 days,42841.08,47833.91,976.2,49.0,Poor Product Quality,19133.564
CUST-049531,1,Premium,38.0,3.0,Low,16.0,3.0,9.0,70.0,61-90 days,16645.19,13018.83,295.88,44.0,Too Expensive,5207.532
CUST-028049,1,Consumer,17.0,3.0,Medium,11.0,15.0,1.0,77.0,61-90 days,28725.59,33721.96,887.42,38.0,Account Issues,13488.784
CUST-034487,0,Premium,24.0,1.0,Medium,17.0,7.0,2.0,176.0,91-180 days,10635.55,10776.36,316.95,34.0,Not Applicable,0.0
CUST-023207,0,Consumer,52.0,1.0,Medium,8.0,10.0,4.0,31.0,31-60 days,19686.19,20537.55,641.8,32.0,Not Applicable,0.0
CUST-037382,1,Consumer,53.0,4.0,Low,5.0,8.0,2.0,73.0,61-90 days,35770.17,40345.38,1391.22,29.0,Other,16138.152
CUST-038447,1,Consumer,46.0,2.0,High,2.0,0.0,7.0,356.0,271-365 days,48170.42,43020.23,14340.08,3.0,Poor Product Quality,17208.092
CUST-003368,1,Consumer,43.0,1.0,Low,9.0,8.0,6.0,211.0,181-270 days,30868.6,25498.44,1416.58,18.0,Shipping Issues,10199.376
CUST-046686,0,Small Business,20.0,5.0,Low,11.0,13.0,3.0,72.0,61-90 days,43970.67,45969.48,1998.67,23.0,Not Applicable,0.0
CUST-008492,0,Consumer,2.0,5.0,Medium,0.0,1.0,0.0,79.0,61-90 days,29984.97,26957.23,816.89,33.0,Not Applicable,0.0
CUST-036323,1,Consumer,34.0,2.0,Medium,13.0,0.0,9.0,3.0,0-30 days,37817.16,39622.92,3962.29,10.0,Better Price Elsewhere,15849.168
CUST-006816,1,Premium,55.0,2.0,Low,12.0,1.0,9.0,28.0,0-30 days,8695.64,10205.97,2041.19,5.0,Technical Issues,4082.388
CUST-037103,0,Premium,34.0,5.0,High,17.0,7.0,1.0,6.0,0-30 days,13315.6,15638.47,332.73,47.0,Not Applicable,0.0
CUST-000401,1,Consumer,36.0,2.0,Low,17.0,7.0,7.0,25.0,0-30 days,4677.02,3667.88,78.04,47.0,Too Expensive,1467.152
CUST-042998,1,Small Business,24.0,5.0,Medium,13.0,7.0,7.0,297.0,271-365 days,13338.75,14044.45,369.59,38.0,Found Alternative,5617.7800000000025
CUST-037224,0,Enterprise,35.0,1.0,Medium,4.0,6.0,6.0,29.0,0-30 days,35735.72,43976.72,6282.39,7.0,Not Applicable,0.0
CUST-004831,1,Premium,34.0,5.0,Medium,16.0,12.0,8.0,23.0,0-30 days,48676.96,42102.35,1315.7,32.0,No Longer Need Service,16840.94
CUST-034014,1,Premium,5.0,1.0,Medium,9.0,7.0,2.0,23.0,0-30 days,13307.38,16126.72,1240.52,13.0,Account Issues,6450.688
CUST-036191,0,Enterprise,1.0,4.0,High,15.0,15.0,1.0,69.0,61-90 days,17791.15,15048.74,627.03,24.0,Not Applicable,0.0
CUST-001723,1,Consumer,2.0,1.0,Medium,3.0,3.0,2.0,162.0,91-180 days,27697.26,28715.74,700.38,41.0,Better Price Elsewhere,11486.296000000002
CUST-020635,0,Consumer,4.0,3.0,Medium,0.0,3.0,7.0,79.0,61-90 days,57614.7,48824.89,4882.49,10.0,Not Applicable,0.0
CUST-030845,1,Small Business,53.0,1.0,Low,18.0,0.0,9.0,239.0,181-270 days,36007.27,37409.51,1336.05,28.0,Account Issues,14963.804000000002
CUST-000482,0,Premium,40.0,5.0,Medium,14.0,18.0,0.0,158.0,91-180 days,39152.98,43289.72,1273.23,34.0,Not Applicable,0.0
CUST-007322,1,Premium,36.0,2.0,Low,10.0,5.0,1.0,347.0,271-365 days,18464.03,14516.41,302.43,48.0,Found Alternative,5806.564
CUST-016388,0,Small Business,11.0,1.0,Medium,19.0,7.0,3.0,48.0,31-60 days,27002.14,25174.43,629.36,40.0,Not Applicable,0.0
CUST-007257,0,Premium,10.0,2.0,Medium,10.0,5.0,8.0,232.0,181-270 days,13036.73,16080.38,446.68,36.0,Not Applicable,0.0
CUST-048630,1,Consumer,44.0,4.0,Low,12.0,1.0,1.0,303.0,271-365 days,50696.4,39587.62,2328.68,17.0,Low Product Variety,15835.048000000004
CUST-037800,1,Consumer,56.0,2.0,High,2.0,6.0,6.0,33.0,31-60 days,6066.52,6614.52,134.99,49.0,Too Expensive,2645.8080000000004
CUST-038427,0,Consumer,30.0,1.0,Low,2.0,4.0,4.0,57.0,31-60 days,59716.29,47060.85,1094.44,43.0,Not Applicable,0.0
CUST-019962,0,Premium,17.0,1.0,Low,4.0,1.0,6.0,18.0,0-30 days,21093.92,17341.69,361.29,48.0,Not Applicable,0.0
CUST-029860,1,Consumer,25.0,3.0,High,13.0,4.0,1.0,45.0,31-60 days,21210.46,21073.18,21073.18,1.0,Unhappy with Return Policy,8429.271999999999
CUST-022262,0,Premium,30.0,5.0,High,4.0,8.0,7.0,62.0,61-90 days,20533.96,20911.8,10455.9,2.0,Not Applicable,0.0
CUST-002722,0,Enterprise,55.0,4.0,Low,9.0,4.0,9.0,189.0,181-270 days,12651.42,12973.61,864.91,15.0,Not Applicable,0.0
CUST-026260,0,Small Business,36.0,1.0,Medium,8.0,2.0,1.0,46.0,31-60 days,55522.94,49189.41,2588.92,19.0,Not Applicable,0.0
CUST-016969,0,Enterprise,4.0,4.0,High,11.0,4.0,7.0,84.0,61-90 days,34399.09,26656.46,619.92,43.0,Not Applicable,0.0
CUST-008238,1,Small Business,58.0,5.0,Low,2.0,4.0,6.0,63.0,61-90 days,5327.18,6499.36,185.7,35.0,Low Product Variety,2599.744
CUST-049830,0,Consumer,10.0,2.0,High,1.0,1.0,9.0,327.0,271-365 days,1594.53,1676.52,558.84,3.0,Not Applicable,0.0
CUST-014197,1,Consumer,49.0,3.0,High,15.0,18.0,0.0,48.0,31-60 days,9625.4,8519.53,243.42,35.0,No Longer Need Service,3407.8120000000013
CUST-019886,1,Consumer,3.0,2.0,Medium,18.0,3.0,9.0,43.0,31-60 days,12593.86,15678.42,871.02,18.0,Better Price Elsewhere,6271.368
CUST-008214,1,Small Business,56.0,1.0,Medium,15.0,14.0,5.0,325.0,271-365 days,21828.89,17020.44,17020.44,1.0,Payment Problems,6808.1759999999995
CUST-015834,0,Premium,16.0,2.0,High,4.0,5.0,9.0,63.0,61-90 days,21308.69,20984.22,20984.22,1.0,Not Applicable,0.0
CUST-031787,1,Small Business,38.0,1.0,Medium,4.0,0.0,2.0,65.0,61-90 days,10012.78,10366.45,215.97,48.0,Better Price Elsewhere,4146.580000000001
CUST-002905,1,Small Business,47.0,5.0,Medium,17.0,9.0,3.0,6.0,0-30 days,27255.86,21436.48,1429.1,15.0,Poor Customer Service,8574.591999999999
CUST-010170,0,Small Business,28.0,2.0,Medium,4.0,1.0,6.0,125.0,91-180 days,44508.35,42727.96,8545.59,5.0,Not Applicable,0.0
CUST-011974,1,Premium,33.0,1.0,Low,12.0,15.0,9.0,79.0,61-90 days,6581.77,7041.22,782.36,9.0,Better Price Elsewhere,2816.488000000001
CUST-041919,0,Consumer,54.0,1.0,Low,3.0,0.0,6.0,70.0,61-90 days,39734.01,33522.39,684.13,49.0,Not Applicable,0.0
CUST-041604,1,Small Business,7.0,2.0,High,16.0,3.0,9.0,54.0,31-60 days,48405.06,45072.86,1802.91,25.0,Unhappy with Return Policy,18029.144
CUST-000040,0,Premium,47.0,5.0,Medium,5.0,5.0,0.0,43.0,31-60 days,32811.22,31410.7,1163.36,27.0,Not Applicable,0.0
CUST-049253,0,Small Business,20.0,4.0,Medium,14.0,17.0,5.0,25.0,0-30 days,10140.02,10510.47,5255.23,2.0,Not Applicable,0.0
CUST-006037,0,Consumer,18.0,4.0,Medium,9.0,0.0,8.0,7.0,0-30 days,11522.69,9358.36,0.0,0.0,Not Applicable,0.0
CUST-006748,0,Consumer,18.0,5.0,High,11.0,5.0,8.0,14.0,0-30 days,47444.62,39885.12,4431.68,9.0,Not Applicable,0.0
CUST-031501,0,Consumer,12.0,5.0,Medium,13.0,6.0,4.0,38.0,31-60 days,26423.67,32295.63,1404.16,23.0,Not Applicable,0.0
CUST-038845,0,Enterprise,40.0,3.0,Medium,12.0,11.0,2.0,173.0,91-180 days,8843.16,7459.7,1065.67,7.0,Not Applicable,0.0
CUST-016244,0,Enterprise,7.0,2.0,Medium,5.0,2.0,8.0,11.0,0-30 days,24332.67,28378.62,675.68,42.0,Not Applicable,0.0
CUST-033171,0,Consumer,47.0,2.0,Low,9.0,10.0,4.0,52.0,31-60 days,28434.99,28478.25,837.6,34.0,Not Applicable,0.0
CUST-033477,0,Premium,33.0,4.0,Medium,8.0,2.0,5.0,71.0,61-90 days,39751.59,39718.36,882.63,45.0,Not Applicable,0.0
CUST-029347,0,Premium,53.0,5.0,Medium,12.0,10.0,8.0,15.0,0-30 days,2191.53,2529.03,93.67,27.0,Not Applicable,0.0
CUST-011392,1,Premium,46.0,2.0,Low,8.0,8.0,8.0,40.0,31-60 days,20150.29,20345.48,565.15,36.0,Account Issues,8138.191999999999
CUST-013835,1,Premium,32.0,2.0,High,3.0,4.0,5.0,253.0,181-270 days,37682.06,31776.16,3972.02,8.0,Shipping Issues,12710.464
CUST-026227,0,Premium,9.0,4.0,High,6.0,0.0,6.0,329.0,271-365 days,10675.34,13037.87,343.1,38.0,Not Applicable,0.0
CUST-017096,0,Premium,10.0,3.0,High,8.0,0.0,1.0,245.0,181-270 days,3410.83,3395.15,188.62,18.0,Not Applicable,0.0
CUST-047773,1,Consumer,49.0,2.0,Low,17.0,14.0,3.0,184.0,181-270 days,2247.38,1736.14,96.45,18.0,Account Issues,694.4560000000001
CUST-040675,0,Consumer,42.0,3.0,Medium,12.0,3.0,4.0,3.0,0-30 days,30193.83,27347.7,701.22,39.0,Not Applicable,0.0
CUST-030116,0,Small Business,10.0,1.0,Medium,5.0,4.0,8.0,3.0,0-30 days,29279.27,35930.02,1381.92,26.0,Not Applicable,0.0
CUST-032286,1,Consumer,18.0,5.0,High,17.0,7.0,2.0,213.0,181-270 days,17273.55,21530.14,742.42,29.0,Technical Issues,8612.056
CUST-045322,0,Small Business,24.0,4.0,High,4.0,2.0,0.0,10.0,0-30 days,19303.73,18147.14,432.07,42.0,Not Applicable,0.0
CUST-032562,0,Consumer,58.0,5.0,Medium,4.0,7.0,9.0,267.0,181-270 days,2178.68,1739.64,36.24,48.0,Not Applicable,0.0
CUST-012256,1,Premium,21.0,3.0,High,17.0,20.0,6.0,44.0,31-60 days,16088.6,19040.67,405.12,47.0,Payment Problems,7616.268
CUST-022558,0,Consumer,24.0,5.0,Medium,2.0,6.0,1.0,72.0,61-90 days,6679.2,5671.57,630.17,9.0,Not Applicable,0.0
CUST-027453,1,Enterprise,49.0,5.0,Medium,11.0,0.0,5.0,85.0,61-90 days,5306.32,5476.29,144.11,38.0,Poor Customer Service,2190.516
CUST-004916,0,Small Business,32.0,5.0,High,10.0,13.0,2.0,118.0,91-180 days,17438.73,16749.33,4187.33,4.0,Not Applicable,0.0
CUST-000326,1,Consumer,39.0,5.0,Low,16.0,12.0,9.0,13.0,0-30 days,23055.97,23807.88,3967.98,6.0,Found Alternative,9523.152
CUST-016789,1,Consumer,40.0,1.0,High,19.0,23.0,0.0,73.0,61-90 days,29801.95,24292.54,694.07,35.0,Found Alternative,9717.016
CUST-040095,1,Premium,16.0,5.0,Medium,10.0,9.0,7.0,26.0,0-30 days,17141.22,16613.07,488.62,34.0,Poor Product Quality,6645.228
CUST-040626,1,Consumer,48.0,2.0,Low,6.0,6.0,4.0,5.0,0-30 days,22562.55,27863.09,1857.54,15.0,Unhappy with Return Policy,11145.236
CUST-038383,0,Small Business,12.0,1.0,High,16.0,12.0,6.0,287.0,271-365 days,53260.53,42720.81,1424.03,30.0,Not Applicable,0.0
CUST-043414,0,Consumer,33.0,4.0,Medium,7.0,7.0,8.0,79.0,61-90 days,2782.31,3083.93,70.09,44.0,Not Applicable,0.0
CUST-026813,0,Premium,59.0,3.0,Low,8.0,3.0,5.0,32.0,31-60 days,9765.82,8185.14,8185.14,1.0,Not Applicable,0.0
CUST-031665,0,Small Business,57.0,2.0,Medium,7.0,5.0,1.0,305.0,271-365 days,50384.69,49301.48,7043.07,7.0,Not Applicable,0.0
CUST-039434,0,Premium,54.0,4.0,Medium,17.0,20.0,8.0,68.0,61-90 days,39222.54,32339.58,2487.66,13.0,Not Applicable,0.0
CUST-038386,1,Small Business,48.0,5.0,Medium,15.0,15.0,0.0,230.0,181-270 days,26301.78,25673.31,885.29,29.0,Too Expensive,10269.324
CUST-022247,1,Consumer,59.0,2.0,Medium,2.0,3.0,3.0,177.0,91-180 days,1603.81,1713.92,107.12,16.0,Too Expensive,685.5680000000001
CUST-020034,0,Small Business,59.0,3.0,High,0.0,1.0,7.0,14.0,0-30 days,2811.17,2800.78,103.73,27.0,Not Applicable,0.0
CUST-000009,0,Small Business,55.0,5.0,Medium,4.0,0.0,3.0,313.0,271-365 days,9147.92,11047.75,1004.34,11.0,Not Applicable,0.0
CUST-001911,1,Premium,33.0,5.0,High,19.0,9.0,2.0,4.0,0-30 days,54698.91,45038.56,2814.91,16.0,Poor Product Quality,18015.424
CUST-045385,1,Consumer,31.0,2.0,High,17.0,11.0,7.0,67.0,61-90 days,42168.74,42410.41,3855.49,11.0,Poor Product Quality,16964.164
CUST-035555,0,Consumer,4.0,5.0,Medium,7.0,10.0,3.0,23.0,0-30 days,8852.81,9240.1,1848.02,5.0,Not Applicable,0.0
CUST-002256,0,Premium,3.0,1.0,High,3.0,3.0,4.0,39.0,31-60 days,28780.1,34468.15,2154.26,16.0,Not Applicable,0.0
CUST-026699,1,Premium,59.0,3.0,High,10.0,6.0,6.0,24.0,0-30 days,28836.02,28287.16,1285.78,22.0,Shipping Issues,11314.864
CUST-006101,0,Consumer,42.0,5.0,Low,8.0,10.0,7.0,73.0,61-90 days,47743.32,36911.71,0.0,0.0,Not Applicable,0.0
CUST-019522,0,Consumer,29.0,5.0,Medium,7.0,5.0,4.0,54.0,31-60 days,28928.14,31640.17,645.72,49.0,Not Applicable,0.0
CUST-016352,0,Consumer,9.0,4.0,Medium,10.0,5.0,3.0,23.0,0-30 days,27872.47,29144.15,9714.72,3.0,Not Applicable,0.0
CUST-046713,1,Consumer,36.0,2.0,High,12.0,10.0,9.0,5.0,0-30 days,7734.77,6635.79,414.74,16.0,Poor Customer Service,2654.3160000000007
CUST-015965,0,Premium,39.0,3.0,Low,6.0,7.0,2.0,8.0,0-30 days,2861.63,3163.72,175.76,18.0,Not Applicable,0.0
CUST-018554,0,Small Business,38.0,1.0,Medium,9.0,6.0,3.0,1.0,0-30 days,13880.37,15413.86,963.37,16.0,Not Applicable,0.0
CUST-025961,0,Premium,39.0,3.0,Medium,15.0,18.0,9.0,322.0,271-365 days,35058.69,38321.32,9580.33,4.0,Not Applicable,0.0
CUST-040344,1,Premium,19.0,2.0,Low,7.0,3.0,2.0,53.0,31-60 days,27869.53,33533.08,2235.54,15.0,Better Price Elsewhere,13413.232000000002
CUST-004179,1,Consumer,18.0,2.0,Low,2.0,1.0,0.0,227.0,181-270 days,43602.01,34935.69,1204.68,29.0,Too Expensive,13974.276000000002
CUST-011827,0,Enterprise,22.0,5.0,Medium,17.0,7.0,2.0,60.0,31-60 days,21731.09,26165.99,2378.73,11.0,Not Applicable,0.0
CUST-012102,1,Small Business,24.0,1.0,Low,19.0,20.0,8.0,74.0,61-90 days,47429.44,37309.71,2869.98,13.0,Poor Customer Service,14923.883999999998
CUST-004997,1,Consumer,24.0,3.0,Medium,18.0,21.0,2.0,69.0,61-90 days,7772.4,6400.5,533.38,12.0,Shipping Issues,2560.2000000000007
CUST-031440,0,Enterprise,42.0,4.0,High,9.0,10.0,3.0,76.0,61-90 days,18152.43,15884.97,337.98,47.0,Not Applicable,0.0
CUST-007452,0,Small Business,39.0,3.0,Medium,18.0,6.0,7.0,68.0,61-90 days,16570.51,13447.43,286.12,47.0,Not Applicable,0.0
CUST-010495,0,Premium,41.0,2.0,High,19.0,14.0,6.0,49.0,31-60 days,11714.41,12207.54,277.44,44.0,Not Applicable,0.0
CUST-039277,1,Enterprise,28.0,1.0,High,5.0,1.0,8.0,65.0,61-90 days,36220.29,28799.33,719.98,40.0,Poor Customer Service,11519.732000000002
CUST-041180,1,Premium,41.0,4.0,Low,17.0,6.0,6.0,86.0,61-90 days,2626.98,2976.78,175.1,17.0,Poor Product Quality,1190.7120000000002
CUST-031482,0,Consumer,14.0,5.0,High,16.0,17.0,5.0,34.0,31-60 days,43471.68,45583.05,969.85,47.0,Not Applicable,0.0
CUST-026343,0,Consumer,4.0,2.0,Medium,4.0,8.0,9.0,78.0,61-90 days,13413.72,15885.75,441.27,36.0,Not Applicable,0.0
CUST-003452,1,Consumer,36.0,5.0,Medium,4.0,7.0,0.0,226.0,181-270 days,44181.04,36062.36,1442.49,25.0,Poor Customer Service,14424.944
CUST-043891,0,Consumer,2.0,4.0,Low,6.0,2.0,8.0,22.0,0-30 days,42835.78,33935.55,2120.97,16.0,Not Applicable,0.0
CUST-002775,1,Consumer,7.0,1.0,High,17.0,3.0,2.0,28.0,0-30 days,21664.46,19854.85,551.52,36.0,Poor Customer Service,7941.94
CUST-021892,0,Consumer,46.0,3.0,High,14.0,16.0,5.0,2.0,0-30 days,5575.83,6542.05,204.44,32.0,Not Applicable,0.0
CUST-040427,0,Enterprise,57.0,3.0,Medium,5.0,6.0,1.0,66.0,61-90 days,14694.46,12995.32,282.51,46.0,Not Applicable,0.0
CUST-012990,0,Consumer,6.0,3.0,Low,3.0,7.0,0.0,190.0,181-270 days,39850.23,33803.96,704.25,48.0,Not Applicable,0.0
CUST-024262,1,Premium,32.0,5.0,Low,12.0,10.0,5.0,13.0,0-30 days,34410.07,33773.07,750.51,45.0,Payment Problems,13509.228000000001
CUST-007053,0,Premium,55.0,5.0,High,11.0,10.0,8.0,73.0,61-90 days,10924.41,10711.56,281.88,38.0,Not Applicable,0.0
CUST-002952,0,Consumer,34.0,1.0,High,1.0,0.0,4.0,229.0,181-270 days,51972.25,45501.5,1109.79,41.0,Not Applicable,0.0
CUST-021476,0,Small Business,37.0,5.0,Low,12.0,4.0,7.0,118.0,91-180 days,48654.76,39653.08,1321.77,30.0,Not Applicable,0.0
CUST-031806,0,Small Business,31.0,4.0,Medium,0.0,0.0,1.0,87.0,61-90 days,48452.43,47732.33,1645.94,29.0,Not Applicable,0.0
CUST-009286,0,Consumer,2.0,5.0,Low,1.0,3.0,0.0,53.0,31-60 days,14066.65,16067.6,518.31,31.0,Not Applicable,0.0
CUST-009667,1,Premium,52.0,2.0,High,2.0,3.0,3.0,352.0,271-365 days,17059.8,16393.9,390.33,42.0,Technical Issues,6557.560000000001
CUST-028636,0,Consumer,11.0,5.0,Medium,3.0,3.0,1.0,40.0,31-60 days,31555.42,29052.13,907.88,32.0,Not Applicable,0.0
CUST-001482,1,Consumer,7.0,1.0,Medium,16.0,19.0,7.0,30.0,0-30 days,46518.54,48472.37,989.23,49.0,Too Expensive,19388.948
CUST-005179,0,Consumer,33.0,5.0,Medium,13.0,3.0,4.0,281.0,271-365 days,42639.63,48538.02,1311.84,37.0,Not Applicable,0.0
CUST-010440,0,Consumer,43.0,3.0,High,1.0,5.0,4.0,317.0,271-365 days,2278.63,2560.37,182.88,14.0,Not Applicable,0.0
CUST-029955,0,Consumer,5.0,5.0,High,18.0,0.0,0.0,55.0,31-60 days,42898.45,39068.76,813.93,48.0,Not Applicable,0.0
CUST-040909,1,Premium,38.0,1.0,Low,17.0,19.0,1.0,223.0,181-270 days,16363.31,17535.43,1461.29,12.0,Low Product Variety,7014.172000000001
CUST-019400,1,Premium,37.0,3.0,Low,12.0,14.0,9.0,79.0,61-90 days,17095.11,16050.08,433.79,37.0,Poor Customer Service,6420.031999999998
CUST-031018,1,Consumer,54.0,2.0,High,3.0,2.0,6.0,5.0,0-30 days,23597.76,20097.93,543.19,37.0,Poor Product Quality,8039.172
CUST-029957,1,Consumer,32.0,1.0,Low,8.0,0.0,9.0,281.0,271-365 days,61292.18,49815.13,1310.92,38.0,Poor Customer Service,19926.052
CUST-026989,0,Consumer,59.0,4.0,High,18.0,15.0,0.0,38.0,31-60 days,48803.84,46959.78,1020.86,46.0,Not Applicable,0.0
CUST-036887,1,Premium,57.0,1.0,Medium,18.0,19.0,0.0,255.0,181-270 days,37317.44,29351.36,3261.26,9.0,Low Product Variety,11740.544000000002
CUST-045520,1,Consumer,18.0,5.0,Low,1.0,3.0,6.0,39.0,31-60 days,5366.44,6613.87,244.96,27.0,Shipping Issues,2645.548
CUST-007711,0,Small Business,58.0,3.0,Medium,12.0,12.0,1.0,73.0,61-90 days,35001.19,33146.69,753.33,44.0,Not Applicable,0.0
CUST-015793,0,Consumer,14.0,5.0,Low,9.0,1.0,8.0,80.0,61-90 days,15740.82,13981.57,499.34,28.0,Not Applicable,0.0
CUST-040103,1,Consumer,50.0,2.0,High,6.0,10.0,8.0,83.0,61-90 days,23893.27,26249.64,13124.82,2.0,Poor Product Quality,10499.856000000002
CUST-013971,1,Consumer,21.0,3.0,High,12.0,1.0,7.0,85.0,61-90 days,17751.9,17380.32,620.73,28.0,Found Alternative,6952.128000000002
CUST-011589,0,Consumer,38.0,1.0,High,14.0,15.0,3.0,3.0,0-30 days,19268.69,19030.99,9515.5,2.0,Not Applicable,0.0
CUST-019907,0,Small Business,3.0,3.0,Medium,1.0,2.0,9.0,2.0,0-30 days,50960.91,48068.43,1657.53,29.0,Not Applicable,0.0
CUST-002040,1,Premium,9.0,2.0,Medium,15.0,15.0,5.0,22.0,0-30 days,12980.92,13946.25,557.85,25.0,Shipping Issues,5578.5
CUST-035203,0,Consumer,26.0,5.0,High,15.0,11.0,4.0,75.0,61-90 days,35571.93,31930.15,818.72,39.0,Not Applicable,0.0
CUST-027715,1,Consumer,7.0,1.0,High,14.0,1.0,1.0,163.0,91-180 days,28156.49,26630.55,2219.21,12.0,Poor Customer Service,10652.22
CUST-044617,1,Consumer,44.0,1.0,Medium,7.0,3.0,6.0,10.0,0-30 days,27313.46,25092.51,1254.63,20.0,Poor Product Quality,10037.004
CUST-010614,0,Consumer,36.0,1.0,Medium,14.0,11.0,3.0,13.0,0-30 days,48362.98,38837.04,4315.23,9.0,Not Applicable,0.0
CUST-025305,0,Consumer,49.0,4.0,High,13.0,8.0,9.0,2.0,0-30 days,12535.72,10501.91,283.84,37.0,Not Applicable,0.0
CUST-015315,0,Small Business,20.0,5.0,Medium,14.0,8.0,3.0,19.0,0-30 days,46787.49,49959.67,4995.97,10.0,Not Applicable,0.0
CUST-015636,0,Consumer,42.0,4.0,Medium,9.0,9.0,4.0,24.0,0-30 days,43663.65,46846.53,1089.45,43.0,Not Applicable,0.0
CUST-005422,0,Premium,42.0,3.0,High,5.0,8.0,9.0,49.0,31-60 days,19505.29,16963.99,3392.8,5.0,Not Applicable,0.0
CUST-022874,0,Consumer,42.0,1.0,Medium,9.0,2.0,3.0,33.0,31-60 days,13658.14,13562.82,330.8,41.0,Not Applicable,0.0
CUST-029663,0,Premium,22.0,3.0,High,14.0,13.0,6.0,351.0,271-365 days,18134.03,13952.66,1268.42,11.0,Not Applicable,0.0
CUST-017135,1,Premium,55.0,4.0,Low,12.0,13.0,3.0,84.0,61-90 days,54852.51,47315.52,1526.31,31.0,Poor Product Quality,18926.208
CUST-035101,1,Consumer,26.0,3.0,High,12.0,9.0,9.0,33.0,31-60 days,53488.4,48759.32,1250.24,39.0,Unhappy with Return Policy,19503.728
CUST-010059,0,Consumer,44.0,3.0,Medium,3.0,6.0,8.0,338.0,271-365 days,33547.58,38552.9,2570.19,15.0,Not Applicable,0.0
CUST-006243,0,Premium,41.0,4.0,Medium,11.0,11.0,9.0,347.0,271-365 days,28652.8,22742.43,631.73,36.0,Not Applicable,0.0
CUST-042288,0,Consumer,28.0,3.0,High,17.0,4.0,6.0,65.0,61-90 days,8173.61,9303.11,664.51,14.0,Not Applicable,0.0
CUST-034701,1,Consumer,12.0,1.0,Low,3.0,4.0,9.0,25.0,0-30 days,9099.96,10894.86,10894.86,1.0,Low Product Variety,4357.944
CUST-048821,1,Enterprise,35.0,3.0,Low,3.0,3.0,4.0,41.0,31-60 days,15173.66,14118.22,381.57,37.0,Account Issues,5647.288000000001
CUST-016032,1,Enterprise,25.0,1.0,High,5.0,9.0,9.0,64.0,61-90 days,49407.78,40075.26,3339.61,12.0,Better Price Elsewhere,16030.104
CUST-031822,0,Small Business,45.0,4.0,High,5.0,4.0,2.0,313.0,271-365 days,48476.05,48034.06,1847.46,26.0,Not Applicable,0.0
CUST-041909,1,Consumer,29.0,2.0,Low,1.0,0.0,1.0,39.0,31-60 days,20510.79,24388.4,1876.03,13.0,Poor Customer Service,9755.36
CUST-040393,0,Consumer,39.0,3.0,High,10.0,14.0,6.0,4.0,0-30 days,15865.93,12409.11,827.27,15.0,Not Applicable,0.0
CUST-005645,1,Small Business,38.0,2.0,Low,0.0,1.0,9.0,64.0,61-90 days,38396.28,44363.92,14787.97,3.0,Too Expensive,17745.568
CUST-035397,1,Consumer,23.0,2.0,Medium,18.0,15.0,7.0,131.0,91-180 days,9773.9,8523.21,243.52,35.0,Poor Customer Service,3409.284
CUST-008195,1,Consumer,26.0,5.0,Medium,16.0,11.0,4.0,322.0,271-365 days,27835.21,27260.85,3028.98,9.0,Found Alternative,10904.34
CUST-024371,0,Consumer,10.0,5.0,Medium,18.0,5.0,9.0,196.0,181-270 days,3237.63,3404.24,72.43,47.0,Not Applicable,0.0
CUST-007134,0,Premium,3.0,4.0,Low,10.0,11.0,4.0,63.0,61-90 days,11042.46,11528.23,320.23,36.0,Not Applicable,0.0
CUST-015740,1,Consumer,45.0,2.0,Medium,2.0,5.0,9.0,51.0,31-60 days,41350.48,37132.35,1060.92,35.0,Poor Customer Service,14852.94
CUST-016961,1,Small Business,57.0,1.0,High,7.0,9.0,6.0,40.0,31-60 days,4973.7,6073.3,303.67,20.0,Poor Customer Service,2429.32
CUST-017986,1,Premium,7.0,1.0,High,16.0,13.0,9.0,23.0,0-30 days,421.57,515.73,11.21,46.0,Poor Product Quality,206.29200000000003
CUST-035221,1,Consumer,11.0,3.0,High,14.0,13.0,1.0,27.0,0-30 days,23613.22,29429.0,668.84,44.0,Shipping Issues,11771.6
CUST-022084,1,Premium,40.0,4.0,Low,12.0,7.0,6.0,57.0,31-60 days,8324.81,8214.79,200.36,41.0,Shipping Issues,3285.916000000001
CUST-041042,0,Enterprise,34.0,3.0,Medium,12.0,15.0,7.0,11.0,0-30 days,1963.84,2038.96,41.61,49.0,Not Applicable,0.0
CUST-041082,0,Small Business,40.0,5.0,High,7.0,3.0,0.0,128.0,91-180 days,720.54,823.5,823.5,1.0,Not Applicable,0.0
CUST-016722,1,Premium,50.0,4.0,Low,2.0,1.0,6.0,22.0,0-30 days,45964.6,36714.72,3059.56,12.0,Unhappy with Return Policy,14685.888
CUST-013877,1,Premium,38.0,2.0,Low,19.0,1.0,4.0,193.0,181-270 days,19932.91,16456.19,391.81,42.0,Found Alternative,6582.476
CUST-005175,1,Consumer,57.0,4.0,High,11.0,5.0,3.0,125.0,91-180 days,2893.23,3289.2,109.64,30.0,Found Alternative,1315.68
CUST-034106,0,Premium,48.0,5.0,Medium,2.0,3.0,1.0,59.0,31-60 days,3727.13,2988.21,498.04,6.0,Not Applicable,0.0
CUST-036756,1,Enterprise,44.0,4.0,Low,5.0,5.0,2.0,68.0,61-90 days,7514.12,6703.35,394.31,17.0,Shipping Issues,2681.34
CUST-031358,0,Consumer,2.0,4.0,High,18.0,7.0,2.0,117.0,91-180 days,2575.31,3097.13,0.0,0.0,Not Applicable,0.0
CUST-030227,1,Small Business,27.0,2.0,Medium,2.0,2.0,2.0,80.0,61-90 days,4771.14,4222.62,527.83,8.0,No Longer Need Service,1689.0479999999998
CUST-025764,0,Premium,13.0,5.0,High,8.0,4.0,5.0,206.0,181-270 days,14352.17,17137.45,952.08,18.0,Not Applicable,0.0
CUST-045850,0,Enterprise,27.0,5.0,Medium,10.0,9.0,4.0,81.0,61-90 days,39760.48,49357.51,1298.88,38.0,Not Applicable,0.0
CUST-043112,1,Premium,30.0,2.0,High,4.0,0.0,6.0,72.0,61-90 days,51020.47,45289.02,1415.28,32.0,Better Price Elsewhere,18115.608
CUST-031035,0,Premium,4.0,4.0,Medium,17.0,0.0,5.0,84.0,61-90 days,4836.46,5733.08,716.63,8.0,Not Applicable,0.0
CUST-008029,1,Consumer,58.0,1.0,Medium,8.0,4.0,4.0,209.0,181-270 days,25851.62,21408.69,764.6,28.0,Account Issues,8563.476
CUST-005476,1,Premium,41.0,1.0,High,14.0,12.0,8.0,78.0,61-90 days,22281.72,21279.29,3546.55,6.0,Shipping Issues,8511.716
CUST-045725,0,Consumer,17.0,5.0,Low,14.0,3.0,5.0,8.0,0-30 days,37513.5,41923.39,13974.46,3.0,Not Applicable,0.0
CUST-015560,0,Consumer,36.0,1.0,Medium,0.0,1.0,0.0,314.0,271-365 days,8640.93,8281.02,376.41,22.0,Not Applicable,0.0
CUST-030745,0,Consumer,55.0,1.0,High,0.0,3.0,4.0,6.0,0-30 days,2404.19,2299.12,56.08,41.0,Not Applicable,0.0
CUST-024382,1,Enterprise,51.0,1.0,Low,3.0,5.0,6.0,75.0,61-90 days,11259.22,9818.73,258.39,38.0,Poor Customer Service,3927.492
CUST-024916,1,Small Business,10.0,2.0,High,11.0,6.0,9.0,43.0,31-60 days,32532.78,35973.52,765.39,47.0,Poor Product Quality,14389.408
CUST-037295,1,Small Business,56.0,5.0,Low,4.0,5.0,1.0,275.0,271-365 days,19081.88,18729.69,468.24,40.0,No Longer Need Service,7491.876
CUST-023877,0,Enterprise,42.0,5.0,Medium,5.0,7.0,7.0,20.0,0-30 days,34071.47,41513.19,1257.98,33.0,Not Applicable,0.0
CUST-001011,0,Consumer,21.0,2.0,High,12.0,12.0,1.0,50.0,31-60 days,56287.16,45080.21,1669.64,27.0,Not Applicable,0.0
CUST-038638,1,Consumer,8.0,1.0,Medium,10.0,11.0,6.0,159.0,91-180 days,33570.79,39781.37,3060.11,13.0,Better Price Elsewhere,15912.548000000004
CUST-030435,0,Premium,44.0,4.0,Medium,0.0,2.0,3.0,26.0,0-30 days,27426.37,23220.77,5805.19,4.0,Not Applicable,0.0
CUST-045479,0,Consumer,50.0,1.0,Medium,11.0,5.0,6.0,151.0,91-180 days,8580.85,7668.76,333.42,23.0,Not Applicable,0.0
CUST-023231,0,Small Business,5.0,5.0,High,10.0,14.0,1.0,353.0,271-365 days,58551.03,47753.39,11938.35,4.0,Not Applicable,0.0
CUST-000657,0,Small Business,28.0,4.0,Medium,13.0,0.0,8.0,57.0,31-60 days,50805.25,43453.66,1143.52,38.0,Not Applicable,0.0
CUST-006326,1,Enterprise,18.0,1.0,Low,1.0,2.0,1.0,4.0,0-30 days,32195.24,34062.39,811.01,42.0,Poor Customer Service,13624.956
CUST-022037,1,Premium,15.0,1.0,High,19.0,7.0,4.0,75.0,61-90 days,11712.49,10074.32,559.68,18.0,Too Expensive,4029.728
CUST-023873,0,Premium,33.0,3.0,Medium,0.0,4.0,0.0,20.0,0-30 days,10438.17,11603.25,0.0,0.0,Not Applicable,0.0
CUST-015660,1,Premium,9.0,1.0,Medium,6.0,1.0,0.0,325.0,271-365 days,31647.1,39066.05,4883.26,8.0,Poor Customer Service,15626.420000000002
CUST-037459,0,Small Business,56.0,4.0,High,3.0,2.0,4.0,315.0,271-365 days,32072.96,33214.15,5535.69,6.0,Not Applicable,0.0
CUST-040224,1,Consumer,27.0,1.0,Low,15.0,5.0,7.0,62.0,61-90 days,3659.83,3062.13,90.06,34.0,Poor Customer Service,1224.852
CUST-012774,1,Small Business,55.0,1.0,High,5.0,2.0,5.0,164.0,91-180 days,38550.85,34722.78,2670.98,13.0,Poor Customer Service,13889.112
CUST-013479,1,Consumer,26.0,1.0,Medium,12.0,14.0,4.0,21.0,0-30 days,36086.74,43310.81,14436.94,3.0,Found Alternative,17324.324
CUST-001139,1,Small Business,31.0,5.0,Low,2.0,1.0,1.0,69.0,61-90 days,54393.5,49511.38,3536.53,14.0,Technical Issues,19804.552
CUST-041972,1,Small Business,11.0,5.0,Medium,2.0,0.0,0.0,89.0,61-90 days,10940.81,10610.03,241.14,44.0,Poor Customer Service,4244.0120000000015
CUST-042269,0,Consumer,11.0,2.0,High,7.0,1.0,5.0,44.0,31-60 days,8863.45,6845.78,244.49,28.0,Not Applicable,0.0
CUST-016298,1,Consumer,59.0,3.0,High,18.0,13.0,6.0,262.0,181-270 days,52087.87,40822.71,1570.1,26.0,Better Price Elsewhere,16329.084
CUST-038156,1,Small Business,11.0,2.0,High,10.0,7.0,7.0,61.0,61-90 days,5474.4,4274.23,112.48,38.0,Shipping Issues,1709.692
CUST-040501,1,Premium,50.0,2.0,Low,16.0,8.0,4.0,17.0,0-30 days,14038.48,15145.94,1893.24,8.0,Poor Customer Service,6058.376
CUST-004190,1,Small Business,28.0,2.0,Medium,5.0,4.0,4.0,46.0,31-60 days,28840.24,29084.85,2423.74,12.0,Poor Product Quality,11633.94
CUST-039189,0,Consumer,48.0,3.0,Low,10.0,4.0,3.0,185.0,181-270 days,47706.54,39283.59,835.82,47.0,Not Applicable,0.0
CUST-006763,0,Premium,28.0,2.0,Medium,12.0,4.0,1.0,18.0,0-30 days,40767.36,43612.17,7268.69,6.0,Not Applicable,0.0
CUST-002156,0,Consumer,55.0,3.0,Medium,5.0,6.0,5.0,77.0,61-90 days,19765.69,23794.88,1133.09,21.0,Not Applicable,0.0
CUST-015701,0,Consumer,24.0,1.0,Medium,6.0,10.0,6.0,215.0,181-270 days,33723.08,36433.84,867.47,42.0,Not Applicable,0.0
CUST-027878,0,Premium,42.0,3.0,Medium,16.0,15.0,9.0,246.0,181-270 days,48538.51,42254.61,10563.65,4.0,Not Applicable,0.0
CUST-003761,0,Consumer,11.0,1.0,High,1.0,1.0,4.0,67.0,61-90 days,19842.33,16905.58,4226.4,4.0,Not Applicable,0.0
CUST-015923,1,Premium,28.0,3.0,Low,14.0,15.0,8.0,69.0,61-90 days,41788.44,49763.69,2488.18,20.0,Better Price Elsewhere,19905.476000000002
CUST-027966,0,Consumer,49.0,2.0,High,10.0,12.0,2.0,63.0,61-90 days,24155.19,21613.84,771.92,28.0,Not Applicable,0.0
CUST-022436,0,Premium,28.0,3.0,Low,0.0,0.0,3.0,109.0,91-180 days,22327.07,22580.12,501.78,45.0,Not Applicable,0.0
CUST-014267,1,Small Business,28.0,1.0,Medium,13.0,5.0,7.0,306.0,271-365 days,16608.72,13544.64,322.49,42.0,Better Price Elsewhere,5417.856
CUST-044391,0,Consumer,47.0,5.0,Low,12.0,0.0,6.0,79.0,61-90 days,3198.43,2738.32,171.15,16.0,Not Applicable,0.0
CUST-011823,1,Consumer,15.0,5.0,Low,6.0,2.0,0.0,361.0,271-365 days,29987.74,29057.71,2075.55,14.0,Technical Issues,11623.084
CUST-026081,0,Small Business,5.0,2.0,Low,7.0,9.0,6.0,44.0,31-60 days,9030.04,8103.67,172.42,47.0,Not Applicable,0.0
CUST-031098,1,Premium,31.0,1.0,Low,10.0,6.0,1.0,1.0,0-30 days,48456.29,38010.86,826.32,46.0,Shipping Issues,15204.344
CUST-011541,0,Consumer,35.0,1.0,Medium,10.0,13.0,2.0,67.0,61-90 days,4212.87,4201.97,150.07,28.0,Not Applicable,0.0
CUST-019679,0,Consumer,50.0,1.0,Medium,12.0,11.0,9.0,15.0,0-30 days,49636.7,47932.24,1295.47,37.0,Not Applicable,0.0
CUST-027556,0,Consumer,23.0,4.0,High,18.0,19.0,8.0,82.0,61-90 days,52793.6,44903.17,3454.09,13.0,Not Applicable,0.0
CUST-044727,1,Consumer,37.0,1.0,Low,13.0,10.0,6.0,296.0,271-365 days,19723.34,21729.19,452.69,48.0,Better Price Elsewhere,8691.676
CUST-038775,0,Consumer,37.0,5.0,Medium,9.0,5.0,0.0,309.0,271-365 days,8613.54,9079.07,567.44,16.0,Not Applicable,0.0
CUST-021846,1,Premium,31.0,2.0,Medium,5.0,2.0,8.0,81.0,61-90 days,6129.53,5616.37,136.98,41.0,Found Alternative,2246.548
CUST-045055,1,Premium,22.0,1.0,Low,8.0,0.0,5.0,266.0,181-270 days,5275.59,5187.16,110.37,47.0,Poor Product Quality,2074.864
CUST-033321,1,Enterprise,54.0,1.0,Low,12.0,7.0,2.0,57.0,31-60 days,6162.8,6912.16,177.23,39.0,Better Price Elsewhere,2764.864
CUST-014680,0,Consumer,34.0,3.0,High,16.0,5.0,5.0,19.0,0-30 days,42818.79,49678.57,2159.94,23.0,Not Applicable,0.0
CUST-019294,0,Consumer,4.0,4.0,Medium,11.0,8.0,2.0,63.0,61-90 days,32319.94,28058.91,4008.42,7.0,Not Applicable,0.0
CUST-047687,0,Premium,18.0,3.0,Low,3.0,6.0,7.0,56.0,31-60 days,39586.3,31917.6,1029.6,31.0,Not Applicable,0.0
CUST-008798,1,Small Business,48.0,2.0,Low,16.0,14.0,8.0,123.0,91-180 days,16639.63,18047.16,1503.93,12.0,Low Product Variety,7218.8640000000005
CUST-013708,0,Enterprise,9.0,3.0,Medium,1.0,4.0,0.0,178.0,91-180 days,19544.74,15782.27,830.65,19.0,Not Applicable,0.0
CUST-003100,0,Premium,49.0,3.0,Low,1.0,5.0,1.0,51.0,31-60 days,46034.34,40764.49,1941.17,21.0,Not Applicable,0.0
CUST-033075,1,Consumer,53.0,4.0,Low,16.0,8.0,9.0,43.0,31-60 days,31255.55,24856.47,857.12,29.0,Shipping Issues,9942.588000000002
CUST-003591,0,Consumer,50.0,5.0,Medium,1.0,1.0,6.0,11.0,0-30 days,37958.54,36452.32,1301.87,28.0,Not Applicable,0.0
CUST-024101,1,Consumer,21.0,2.0,Low,3.0,1.0,6.0,34.0,31-60 days,43277.46,34535.34,1817.65,19.0,Low Product Variety,13814.136
CUST-009085,0,Consumer,40.0,3.0,Medium,11.0,4.0,4.0,8.0,0-30 days,44362.99,35935.24,998.2,36.0,Not Applicable,0.0
CUST-021523,0,Small Business,42.0,3.0,Low,3.0,2.0,2.0,210.0,181-270 days,17528.15,14699.75,2099.96,7.0,Not Applicable,0.0
CUST-039703,0,Premium,34.0,1.0,High,7.0,2.0,2.0,240.0,181-270 days,28837.59,33341.32,3704.59,9.0,Not Applicable,0.0
CUST-023993,0,Consumer,37.0,4.0,Low,4.0,3.0,9.0,30.0,0-30 days,4229.01,4083.02,97.21,42.0,Not Applicable,0.0
CUST-045535,0,Premium,29.0,2.0,Medium,1.0,0.0,9.0,50.0,31-60 days,51986.93,46499.14,1409.06,33.0,Not Applicable,0.0
CUST-046043,0,Small Business,47.0,3.0,Low,19.0,16.0,8.0,73.0,61-90 days,1127.25,972.36,22.61,43.0,Not Applicable,0.0
CUST-011808,1,Consumer,56.0,1.0,Low,11.0,4.0,8.0,220.0,181-270 days,10917.2,10677.74,444.91,24.0,Poor Customer Service,4271.096000000001
CUST-037144,1,Small Business,32.0,1.0,Medium,10.0,1.0,6.0,28.0,0-30 days,35608.32,27593.4,3941.91,7.0,Too Expensive,11037.36
CUST-012374,0,Enterprise,6.0,2.0,Low,4.0,5.0,4.0,211.0,181-270 days,23511.77,29246.78,4874.46,6.0,Not Applicable,0.0
CUST-002161,0,Consumer,33.0,5.0,Medium,5.0,9.0,8.0,285.0,271-365 days,15742.48,18010.1,409.32,44.0,Not Applicable,0.0
CUST-045570,0,Premium,40.0,5.0,Medium,3.0,2.0,6.0,79.0,61-90 days,31135.99,31449.29,827.61,38.0,Not Applicable,0.0
CUST-016723,0,Consumer,39.0,3.0,Medium,15.0,13.0,7.0,39.0,31-60 days,17911.15,19836.08,3306.01,6.0,Not Applicable,0.0
CUST-034124,0,Consumer,24.0,1.0,Medium,2.0,1.0,3.0,75.0,61-90 days,1698.37,1588.21,144.38,11.0,Not Applicable,0.0
CUST-000541,1,Consumer,12.0,5.0,Low,0.0,0.0,0.0,194.0,181-270 days,5088.22,4778.81,238.94,20.0,Account Issues,1911.5240000000006
CUST-043663,1,Enterprise,29.0,3.0,Low,17.0,7.0,4.0,59.0,31-60 days,45910.67,40546.86,1398.17,29.0,Poor Customer Service,16218.744
CUST-012354,0,Consumer,47.0,1.0,High,7.0,2.0,2.0,209.0,181-270 days,2801.5,2380.37,85.01,28.0,Not Applicable,0.0
CUST-014756,0,Consumer,24.0,3.0,Medium,8.0,12.0,2.0,44.0,31-60 days,33930.8,28246.83,1883.12,15.0,Not Applicable,0.0
CUST-031030,1,Consumer,58.0,4.0,Medium,4.0,4.0,7.0,352.0,271-365 days,37422.47,36517.56,1043.36,35.0,Better Price Elsewhere,14607.024
CUST-005233,1,Enterprise,20.0,2.0,Medium,18.0,4.0,9.0,6.0,0-30 days,3047.65,2463.23,273.69,9.0,Shipping Issues,985.292
CUST-013710,0,Consumer,49.0,1.0,Medium,4.0,1.0,9.0,157.0,91-180 days,16721.99,20424.11,486.29,42.0,Not Applicable,0.0
CUST-007025,0,Small Business,10.0,3.0,High,0.0,2.0,9.0,336.0,271-365 days,32849.12,33529.16,1241.82,27.0,Not Applicable,0.0
CUST-010318,0,Small Business,40.0,3.0,Low,13.0,7.0,3.0,65.0,61-90 days,30310.61,35359.51,822.31,43.0,Not Applicable,0.0
CUST-026780,0,Premium,58.0,5.0,Medium,16.0,12.0,5.0,26.0,0-30 days,18321.92,15411.01,1027.4,15.0,Not Applicable,0.0
CUST-021567,0,Small Business,26.0,3.0,Medium,8.0,5.0,8.0,59.0,31-60 days,20122.15,19299.18,1754.47,11.0,Not Applicable,0.0
CUST-012867,1,Consumer,46.0,1.0,Medium,18.0,7.0,5.0,38.0,31-60 days,28781.95,30531.13,2775.56,11.0,Poor Customer Service,12212.452
CUST-046800,0,Consumer,33.0,3.0,High,16.0,19.0,2.0,58.0,31-60 days,29081.3,26445.01,2644.5,10.0,Not Applicable,0.0
CUST-019718,0,Enterprise,8.0,3.0,High,11.0,5.0,9.0,142.0,91-180 days,14825.88,14888.73,1654.3,9.0,Not Applicable,0.0
CUST-002348,0,Small Business,17.0,4.0,High,15.0,7.0,2.0,20.0,0-30 days,13297.16,12248.78,291.64,42.0,Not Applicable,0.0
CUST-001073,1,Consumer,17.0,4.0,Low,12.0,10.0,2.0,357.0,271-365 days,9747.25,9071.69,362.87,25.0,Unhappy with Return Policy,3628.676
CUST-023661,0,Consumer,7.0,5.0,High,5.0,5.0,6.0,142.0,91-180 days,32416.16,32650.07,2511.54,13.0,Not Applicable,0.0
CUST-027534,0,Consumer,39.0,1.0,Medium,6.0,5.0,7.0,40.0,31-60 days,13593.78,13687.94,4562.65,3.0,Not Applicable,0.0
CUST-030798,0,Premium,22.0,4.0,High,12.0,8.0,5.0,11.0,0-30 days,24465.14,19977.48,768.36,26.0,Not Applicable,0.0
CUST-018754,1,Enterprise,53.0,1.0,Medium,2.0,6.0,4.0,98.0,91-180 days,32495.21,25760.96,2146.75,12.0,Poor Product Quality,10304.384
CUST-036160,0,Consumer,51.0,3.0,Medium,18.0,22.0,5.0,40.0,31-60 days,43971.63,47554.79,5283.87,9.0,Not Applicable,0.0
CUST-049132,1,Consumer,8.0,2.0,Low,14.0,1.0,4.0,59.0,31-60 days,33087.25,40247.92,20123.96,2.0,Poor Product Quality,16099.168
CUST-030221,0,Consumer,55.0,4.0,Medium,18.0,10.0,3.0,71.0,61-90 days,3828.12,4099.36,372.67,11.0,Not Applicable,0.0
CUST-044539,1,Premium,7.0,3.0,Low,10.0,4.0,5.0,329.0,271-365 days,23433.26,21236.11,2654.51,8.0,Shipping Issues,8494.444000000001
CUST-010699,1,Small Business,1.0,2.0,Medium,6.0,9.0,3.0,170.0,91-180 days,2955.65,2830.95,74.5,38.0,Account Issues,1132.38
CUST-009730,0,Premium,11.0,5.0,Medium,0.0,4.0,7.0,60.0,31-60 days,42904.63,39203.56,6533.93,6.0,Not Applicable,0.0
CUST-006796,0,Premium,9.0,1.0,Medium,12.0,10.0,0.0,36.0,31-60 days,32927.69,33705.82,1248.36,27.0,Not Applicable,0.0
CUST-033758,0,Consumer,22.0,2.0,High,18.0,0.0,1.0,52.0,31-60 days,6867.3,8416.62,1202.37,7.0,Not Applicable,0.0
CUST-001627,0,Consumer,11.0,1.0,Low,4.0,5.0,0.0,228.0,181-270 days,2829.94,2938.61,89.05,33.0,Not Applicable,0.0
CUST-038985,1,Small Business,2.0,3.0,Low,5.0,5.0,8.0,301.0,271-365 days,39692.66,43416.7,943.84,46.0,Slow Delivery,17366.68
CUST-035386,1,Premium,16.0,4.0,Medium,11.0,8.0,4.0,73.0,61-90 days,61891.95,48103.9,1233.43,39.0,Poor Product Quality,19241.56
CUST-039385,0,Enterprise,25.0,5.0,High,5.0,3.0,7.0,70.0,61-90 days,16071.07,19411.41,1021.65,19.0,Not Applicable,0.0
CUST-049489,0,Premium,55.0,4.0,Medium,12.0,1.0,3.0,23.0,0-30 days,40829.77,35589.5,1016.84,35.0,Not Applicable,0.0
CUST-019081,1,Consumer,42.0,3.0,Medium,18.0,13.0,0.0,66.0,61-90 days,27578.36,28667.93,4095.42,7.0,Shipping Issues,11467.172
CUST-035750,0,Small Business,35.0,1.0,Low,6.0,10.0,0.0,193.0,181-270 days,25773.27,23632.03,0.0,0.0,Not Applicable,0.0
CUST-026845,1,Premium,1.0,1.0,Medium,19.0,23.0,4.0,207.0,181-270 days,25783.03,26365.71,2028.13,13.0,Found Alternative,10546.284
CUST-020694,0,Consumer,21.0,4.0,Medium,7.0,0.0,3.0,26.0,0-30 days,26781.25,23374.98,5843.74,4.0,Not Applicable,0.0
CUST-026327,0,Consumer,42.0,4.0,Low,16.0,2.0,0.0,52.0,31-60 days,11552.79,14025.28,389.59,36.0,Not Applicable,0.0
CUST-031661,1,Consumer,47.0,5.0,High,4.0,6.0,0.0,59.0,31-60 days,51293.92,41452.0,863.58,48.0,Too Expensive,16580.8
CUST-018812,0,Small Business,41.0,3.0,Medium,0.0,1.0,9.0,40.0,31-60 days,36719.76,43733.42,0.0,0.0,Not Applicable,0.0
CUST-023174,0,Small Business,1.0,5.0,High,4.0,4.0,3.0,60.0,31-60 days,43027.34,35721.6,1050.64,34.0,Not Applicable,0.0
CUST-023873,0,Premium,33.0,3.0,Medium,0.0,3.0,0.0,20.0,0-30 days,10438.17,11603.25,0.0,0.0,Not Applicable,0.0
CUST-040455,1,Consumer,31.0,1.0,Medium,13.0,12.0,2.0,63.0,61-90 days,1114.69,921.65,131.66,7.0,Too Expensive,368.66
CUST-042610,0,Premium,43.0,4.0,High,6.0,1.0,9.0,41.0,31-60 days,26104.2,21367.2,577.49,37.0,Not Applicable,0.0
CUST-010201,1,Consumer,47.0,3.0,Low,17.0,15.0,8.0,325.0,271-365 days,16939.22,17976.78,473.07,38.0,Poor Product Quality,7190.7119999999995
CUST-008891,1,Small Business,23.0,1.0,Medium,4.0,3.0,9.0,26.0,0-30 days,12973.89,15755.2,450.15,35.0,Poor Customer Service,6302.080000000001
CUST-019704,1,Small Business,15.0,1.0,Low,1.0,5.0,0.0,83.0,61-90 days,2987.25,2796.76,186.45,15.0,Poor Customer Service,1118.7040000000004
CUST-011653,0,Premium,41.0,4.0,Low,1.0,4.0,4.0,26.0,0-30 days,39314.85,33785.11,785.7,43.0,Not Applicable,0.0
CUST-024776,0,Small Business,27.0,5.0,Medium,17.0,8.0,2.0,221.0,181-270 days,22231.67,17542.58,373.25,47.0,Not Applicable,0.0
CUST-025592,1,Consumer,59.0,3.0,Low,3.0,5.0,2.0,165.0,91-180 days,42302.71,36180.64,753.76,48.0,Technical Issues,14472.256000000001
CUST-010291,0,Premium,54.0,4.0,Medium,10.0,11.0,2.0,230.0,181-270 days,35583.39,32820.63,781.44,42.0,Not Applicable,0.0
CUST-005080,0,Consumer,21.0,3.0,Medium,5.0,2.0,8.0,6.0,0-30 days,43509.08,47499.99,2638.89,18.0,Not Applicable,0.0
CUST-011812,0,Consumer,33.0,4.0,Medium,7.0,7.0,9.0,236.0,181-270 days,2076.2,1772.85,44.32,40.0,Not Applicable,0.0
CUST-036477,0,Consumer,19.0,5.0,High,6.0,1.0,7.0,57.0,31-60 days,14677.04,14517.63,329.95,44.0,Not Applicable,0.0
CUST-044736,0,Consumer,28.0,4.0,Medium,7.0,11.0,3.0,35.0,31-60 days,3037.98,3681.27,102.26,36.0,Not Applicable,0.0
CUST-006145,0,Consumer,41.0,4.0,Medium,6.0,3.0,8.0,47.0,31-60 days,37285.15,40541.11,8108.22,5.0,Not Applicable,0.0
CUST-040930,1,Premium,41.0,1.0,Medium,13.0,14.0,3.0,213.0,181-270 days,15448.64,14863.27,2477.21,6.0,Poor Customer Service,5945.308000000001
CUST-048740,0,Premium,16.0,5.0,High,18.0,10.0,4.0,37.0,31-60 days,5791.47,4475.35,95.22,47.0,Not Applicable,0.0
CUST-032665,0,Consumer,24.0,3.0,Medium,16.0,20.0,2.0,289.0,271-365 days,56421.55,49348.09,8224.68,6.0,Not Applicable,0.0
CUST-002653,1,Premium,10.0,1.0,High,7.0,7.0,9.0,139.0,91-180 days,24283.7,22641.14,11320.57,2.0,Too Expensive,9056.456
CUST-035541,1,Consumer,47.0,3.0,Low,17.0,12.0,1.0,59.0,31-60 days,46811.49,43683.67,910.08,48.0,Better Price Elsewhere,17473.468
CUST-011392,1,Premium,46.0,2.0,Low,8.0,9.0,8.0,40.0,31-60 days,20150.29,20345.48,565.15,36.0,Payment Problems,8138.191999999999
CUST-034265,0,Consumer,44.0,3.0,High,18.0,2.0,2.0,5.0,0-30 days,19349.41,21036.2,876.51,24.0,Not Applicable,0.0
CUST-005392,1,Enterprise,6.0,5.0,Low,11.0,9.0,5.0,36.0,31-60 days,56797.85,47626.77,1400.79,34.0,Account Issues,19050.708
CUST-012123,0,Consumer,7.0,5.0,High,13.0,10.0,8.0,25.0,0-30 days,51180.2,39839.01,829.98,48.0,Not Applicable,0.0
CUST-019626,1,Consumer,1.0,1.0,Medium,12.0,1.0,3.0,24.0,0-30 days,23278.13,24854.09,564.87,44.0,Shipping Issues,9941.636
CUST-025610,1,Consumer,8.0,3.0,Low,5.0,6.0,9.0,43.0,31-60 days,28738.11,33047.7,1032.74,32.0,Technical Issues,13219.08
CUST-020843,1,Premium,9.0,2.0,Low,13.0,17.0,5.0,69.0,61-90 days,31219.87,25962.7,6490.68,4.0,Poor Customer Service,10385.080000000002
CUST-002790,0,Enterprise,45.0,4.0,High,15.0,8.0,7.0,6.0,0-30 days,2604.62,3198.33,72.69,44.0,Not Applicable,0.0
CUST-016791,0,Premium,48.0,4.0,Low,6.0,5.0,0.0,47.0,31-60 days,22208.17,23395.36,1299.74,18.0,Not Applicable,0.0
CUST-022032,1,Premium,5.0,4.0,High,14.0,13.0,9.0,337.0,271-365 days,31375.01,38444.29,1325.67,29.0,Payment Problems,15377.716
CUST-040098,0,Small Business,46.0,4.0,Low,2.0,3.0,2.0,87.0,61-90 days,22961.87,27143.44,4523.91,6.0,Not Applicable,0.0
CUST-003880,1,Consumer,30.0,4.0,Medium,2.0,0.0,2.0,83.0,61-90 days,22185.08,25591.5,2326.5,11.0,Better Price Elsewhere,10236.6
CUST-037573,0,Consumer,33.0,1.0,High,10.0,6.0,1.0,18.0,0-30 days,42363.73,45086.69,3220.48,14.0,Not Applicable,0.0
CUST-041888,1,Consumer,55.0,4.0,High,12.0,9.0,6.0,88.0,61-90 days,45371.29,38035.92,2113.11,18.0,Poor Product Quality,15214.368
CUST-038622,1,Small Business,37.0,4.0,Medium,4.0,5.0,5.0,191.0,181-270 days,4492.91,4130.67,2065.34,2.0,Other,1652.2679999999998
CUST-042665,0,Small Business,18.0,5.0,Low,11.0,9.0,9.0,198.0,181-270 days,28642.87,28603.03,1430.15,20.0,Not Applicable,0.0
CUST-010563,0,Consumer,13.0,1.0,Medium,13.0,6.0,0.0,57.0,31-60 days,10081.77,10017.52,556.53,18.0,Not Applicable,0.0
CUST-009376,1,Consumer,49.0,2.0,High,11.0,11.0,7.0,153.0,91-180 days,29851.96,35932.46,35932.46,1.0,Low Product Variety,14372.984
CUST-008130,1,Enterprise,39.0,3.0,Medium,10.0,7.0,8.0,315.0,271-365 days,43059.4,44840.73,1358.81,33.0,Account Issues,17936.292
CUST-000851,0,Enterprise,46.0,5.0,Low,10.0,3.0,7.0,18.0,0-30 days,16781.4,18174.52,378.64,48.0,Not Applicable,0.0
CUST-028508,0,Consumer,21.0,5.0,Medium,10.0,10.0,5.0,31.0,31-60 days,8886.86,8779.12,548.7,16.0,Not Applicable,0.0
CUST-006840,0,Consumer,37.0,1.0,Medium,8.0,4.0,7.0,328.0,271-365 days,26861.47,24063.77,751.99,32.0,Not Applicable,0.0
CUST-036894,1,Enterprise,30.0,5.0,High,16.0,0.0,5.0,34.0,31-60 days,36346.32,40386.48,3106.65,13.0,Payment Problems,16154.592000000002
CUST-047249,0,Enterprise,12.0,5.0,High,1.0,5.0,2.0,82.0,61-90 days,40348.81,39921.12,3629.19,11.0,Not Applicable,0.0
CUST-009881,1,Small Business,57.0,2.0,Low,19.0,6.0,1.0,66.0,61-90 days,30860.24,34145.48,3414.55,10.0,Better Price Elsewhere,13658.192000000005
CUST-011153,1,Premium,30.0,1.0,Low,5.0,4.0,9.0,12.0,0-30 days,874.9,1051.46,50.07,21.0,Shipping Issues,420.58400000000006
CUST-016299,1,Consumer,40.0,3.0,Low,17.0,20.0,7.0,69.0,61-90 days,23578.11,22903.01,508.96,45.0,Poor Product Quality,9161.204
CUST-009487,1,Consumer,46.0,2.0,High,9.0,10.0,7.0,321.0,271-365 days,37881.07,40011.54,889.15,45.0,Better Price Elsewhere,16004.616000000002
CUST-038322,0,Premium,6.0,3.0,Medium,6.0,10.0,4.0,17.0,0-30 days,1029.88,827.29,0.0,0.0,Not Applicable,0.0
CUST-033785,1,Consumer,38.0,1.0,Low,10.0,6.0,5.0,355.0,271-365 days,45603.26,46285.74,2103.9,22.0,Found Alternative,18514.296
CUST-020209,1,Consumer,59.0,1.0,High,6.0,1.0,4.0,65.0,61-90 days,52200.11,45846.33,3274.74,14.0,Poor Product Quality,18338.532000000007
CUST-010795,0,Premium,49.0,3.0,Medium,15.0,9.0,6.0,85.0,61-90 days,35215.85,33401.52,0.0,0.0,Not Applicable,0.0
CUST-043949,1,Premium,18.0,3.0,High,14.0,8.0,8.0,50.0,31-60 days,36517.15,41534.35,865.3,48.0,Account Issues,16613.74
CUST-019196,0,Premium,49.0,3.0,Medium,19.0,3.0,5.0,220.0,181-270 days,7520.46,6530.4,1088.4,6.0,Not Applicable,0.0
CUST-030979,1,Premium,24.0,3.0,High,2.0,0.0,4.0,64.0,61-90 days,9016.06,7197.81,0.0,0.0,Payment Problems,2879.124000000001
CUST-022317,0,Small Business,6.0,4.0,Medium,8.0,11.0,1.0,85.0,61-90 days,45116.89,44815.42,2636.2,17.0,Not Applicable,0.0
CUST-027883,0,Consumer,33.0,5.0,Medium,1.0,1.0,0.0,47.0,31-60 days,20997.95,22217.48,528.99,42.0,Not Applicable,0.0
CUST-042683,0,Consumer,47.0,4.0,Medium,2.0,5.0,0.0,9.0,0-30 days,44713.3,41544.52,2077.23,20.0,Not Applicable,0.0
CUST-011321,1,Small Business,1.0,2.0,High,3.0,1.0,9.0,78.0,61-90 days,8194.94,9118.34,276.31,33.0,Found Alternative,3647.336
CUST-045001,0,Consumer,50.0,4.0,Medium,19.0,17.0,1.0,24.0,0-30 days,21118.23,24717.41,514.95,48.0,Not Applicable,0.0
CUST-020876,1,Consumer,47.0,2.0,Low,12.0,16.0,4.0,114.0,91-180 days,48590.71,44881.35,5610.17,8.0,Found Alternative,17952.54
CUST-038750,0,Premium,43.0,2.0,Medium,7.0,1.0,5.0,24.0,0-30 days,39142.74,39848.69,3065.28,13.0,Not Applicable,0.0
CUST-019746,1,Small Business,59.0,1.0,Low,16.0,11.0,5.0,25.0,0-30 days,13121.37,10866.85,1207.43,9.0,Poor Customer Service,4346.740000000002
CUST-037092,1,Small Business,28.0,2.0,Low,17.0,5.0,0.0,23.0,0-30 days,40995.79,35389.3,823.01,43.0,Unhappy with Return Policy,14155.72
CUST-023721,0,Consumer,40.0,1.0,Medium,0.0,3.0,0.0,21.0,0-30 days,17981.98,15676.77,522.56,30.0,Not Applicable,0.0
CUST-042498,1,Consumer,26.0,2.0,Medium,6.0,7.0,8.0,338.0,271-365 days,18909.75,20528.33,436.77,47.0,Shipping Issues,8211.332
CUST-022492,1,Consumer,55.0,3.0,Medium,7.0,2.0,2.0,85.0,61-90 days,27225.16,25991.15,838.42,31.0,No Longer Need Service,10396.46
CUST-024837,1,Consumer,43.0,4.0,Medium,8.0,6.0,7.0,256.0,181-270 days,46074.03,39491.45,3949.14,10.0,Too Expensive,15796.58
CUST-045970,1,Consumer,11.0,3.0,High,7.0,8.0,4.0,56.0,31-60 days,12523.28,15135.64,840.87,18.0,Account Issues,6054.2559999999985
CUST-035599,0,Consumer,23.0,3.0,High,8.0,7.0,5.0,327.0,271-365 days,31146.97,29522.23,5904.45,5.0,Not Applicable,0.0
CUST-005862,0,Consumer,34.0,2.0,Low,7.0,2.0,5.0,52.0,31-60 days,29952.6,25417.64,2310.69,11.0,Not Applicable,0.0
CUST-022044,0,Small Business,23.0,3.0,High,0.0,2.0,0.0,23.0,0-30 days,23006.56,27990.43,1473.18,19.0,Not Applicable,0.0
CUST-024848,1,Enterprise,40.0,1.0,Low,13.0,9.0,2.0,44.0,31-60 days,53470.28,47696.19,2649.79,18.0,Shipping Issues,19078.476000000002
CUST-007148,0,Small Business,12.0,4.0,Low,18.0,19.0,5.0,7.0,0-30 days,29857.51,27912.41,3489.05,8.0,Not Applicable,0.0
CUST-047534,1,Consumer,30.0,2.0,Low,16.0,9.0,7.0,184.0,181-270 days,29250.63,32709.43,8177.36,4.0,Better Price Elsewhere,13083.772
CUST-042697,1,Premium,30.0,3.0,Low,3.0,7.0,8.0,70.0,61-90 days,31688.25,27471.07,2747.11,10.0,Poor Customer Service,10988.428
CUST-036256,0,Small Business,6.0,4.0,High,9.0,7.0,9.0,66.0,61-90 days,49807.82,40951.1,930.71,44.0,Not Applicable,0.0
CUST-018693,1,Consumer,58.0,1.0,Low,7.0,8.0,8.0,71.0,61-90 days,27382.43,22005.57,489.01,45.0,Technical Issues,8802.228000000001
CUST-046557,0,Small Business,19.0,1.0,Medium,7.0,6.0,1.0,28.0,0-30 days,13322.63,13812.41,300.27,46.0,Not Applicable,0.0
CUST-008770,0,Consumer,34.0,1.0,Medium,3.0,2.0,0.0,83.0,61-90 days,23231.17,22226.02,2020.55,11.0,Not Applicable,0.0
CUST-000225,0,Premium,16.0,4.0,High,2.0,4.0,6.0,36.0,31-60 days,17218.46,17313.02,721.38,24.0,Not Applicable,0.0
CUST-026051,0,Consumer,47.0,5.0,Medium,5.0,6.0,7.0,65.0,61-90 days,21747.26,19849.2,735.16,27.0,Not Applicable,0.0
CUST-019572,1,Consumer,45.0,2.0,High,10.0,3.0,0.0,43.0,31-60 days,39744.12,42397.89,2119.89,20.0,Shipping Issues,16959.156000000006
CUST-036129,0,Small Business,39.0,5.0,High,7.0,8.0,0.0,19.0,0-30 days,5027.48,5619.74,702.47,8.0,Not Applicable,0.0
CUST-026891,0,Consumer,18.0,1.0,Medium,4.0,4.0,2.0,77.0,61-90 days,51596.98,41680.96,13893.65,3.0,Not Applicable,0.0
CUST-000531,1,Consumer,32.0,3.0,High,16.0,9.0,5.0,79.0,61-90 days,24724.29,27069.41,1289.02,21.0,Account Issues,10827.764
CUST-010977,0,Consumer,17.0,4.0,High,1.0,2.0,7.0,303.0,271-365 days,10138.58,12091.51,251.91,48.0,Not Applicable,0.0
CUST-005465,0,Premium,53.0,1.0,High,5.0,3.0,4.0,20.0,0-30 days,47242.42,46972.21,999.41,47.0,Not Applicable,0.0
CUST-020701,1,Consumer,43.0,2.0,Low,0.0,3.0,6.0,11.0,0-30 days,39042.97,34513.06,1380.52,25.0,Account Issues,13805.223999999998
CUST-042421,0,Premium,35.0,1.0,Medium,4.0,7.0,3.0,46.0,31-60 days,18772.98,19295.25,1929.53,10.0,Not Applicable,0.0
CUST-033918,1,Premium,32.0,3.0,Low,8.0,4.0,6.0,26.0,0-30 days,49976.38,39701.53,2335.38,17.0,Too Expensive,15880.612
CUST-032909,0,Enterprise,25.0,3.0,Low,0.0,3.0,9.0,175.0,91-180 days,4305.13,3329.34,67.95,49.0,Not Applicable,0.0
CUST-026380,0,Premium,4.0,5.0,High,6.0,5.0,4.0,68.0,61-90 days,8008.78,8692.79,310.46,28.0,Not Applicable,0.0
CUST-033539,0,Enterprise,32.0,3.0,Medium,16.0,3.0,8.0,326.0,271-365 days,16367.0,14014.34,359.34,39.0,Not Applicable,0.0
CUST-042582,0,Consumer,5.0,5.0,High,17.0,15.0,5.0,50.0,31-60 days,14059.42,15602.39,400.06,39.0,Not Applicable,0.0
CUST-049143,0,Consumer,12.0,4.0,High,9.0,12.0,2.0,4.0,0-30 days,53221.77,46272.97,1028.29,45.0,Not Applicable,0.0
CUST-018505,1,Consumer,27.0,4.0,Medium,12.0,8.0,5.0,48.0,31-60 days,46284.6,43334.66,1805.61,24.0,Low Product Variety,17333.863999999998
CUST-032673,1,Consumer,6.0,3.0,High,5.0,6.0,1.0,240.0,181-270 days,39082.93,42428.21,1247.89,34.0,Technical Issues,16971.284
CUST-042267,0,Enterprise,24.0,2.0,Low,1.0,4.0,8.0,125.0,91-180 days,42912.81,33289.03,1849.39,18.0,Not Applicable,0.0
CUST-048932,0,Premium,41.0,1.0,Medium,10.0,14.0,2.0,89.0,61-90 days,1200.08,1299.5,28.88,45.0,Not Applicable,0.0
CUST-038201,0,Consumer,7.0,1.0,High,13.0,14.0,2.0,19.0,0-30 days,16600.25,13736.67,286.18,48.0,Not Applicable,0.0
CUST-014900,0,Small Business,8.0,1.0,Medium,16.0,19.0,2.0,10.0,0-30 days,8588.72,10209.52,0.0,0.0,Not Applicable,0.0
CUST-006885,0,Consumer,5.0,5.0,High,9.0,9.0,6.0,83.0,61-90 days,37525.34,35942.5,1382.4,26.0,Not Applicable,0.0
CUST-013745,1,Consumer,32.0,2.0,Medium,19.0,23.0,6.0,265.0,181-270 days,13184.63,14786.63,410.74,36.0,Found Alternative,5914.651999999999
CUST-029971,1,Premium,9.0,1.0,Low,14.0,6.0,1.0,65.0,61-90 days,33612.94,39817.73,1731.21,23.0,Payment Problems,15927.092000000002
CUST-006894,0,Premium,33.0,3.0,High,4.0,3.0,2.0,51.0,31-60 days,20324.9,19697.43,19697.43,1.0,Not Applicable,0.0
CUST-041765,1,Small Business,11.0,5.0,Low,11.0,10.0,9.0,83.0,61-90 days,29703.9,24217.95,1345.44,18.0,Technical Issues,9687.18
CUST-007223,1,Consumer,58.0,4.0,Low,16.0,0.0,3.0,27.0,0-30 days,23099.28,18138.05,725.52,25.0,Technical Issues,7255.22
CUST-031803,1,Premium,51.0,2.0,Low,19.0,20.0,5.0,48.0,31-60 days,10527.45,11615.83,297.84,39.0,Account Issues,4646.332
CUST-016555,0,Consumer,7.0,4.0,Medium,14.0,5.0,1.0,83.0,61-90 days,29977.51,29282.35,1952.16,15.0,Not Applicable,0.0
CUST-038201,0,Consumer,7.0,1.0,High,13.0,12.0,2.0,19.0,0-30 days,16600.25,13736.67,286.18,48.0,Not Applicable,0.0
CUST-018834,0,Small Business,39.0,4.0,Medium,4.0,2.0,6.0,64.0,61-90 days,3617.19,3778.64,236.16,16.0,Not Applicable,0.0
CUST-041364,0,Small Business,14.0,2.0,High,16.0,17.0,4.0,155.0,91-180 days,33582.29,36133.82,1290.49,28.0,Not Applicable,0.0
CUST-018730,0,Small Business,28.0,4.0,High,11.0,4.0,2.0,255.0,181-270 days,61314.13,49305.87,2143.73,23.0,Not Applicable,0.0
CUST-034093,0,Small Business,6.0,1.0,High,17.0,2.0,5.0,4.0,0-30 days,3839.41,4266.76,92.76,46.0,Not Applicable,0.0
CUST-009842,0,Small Business,31.0,1.0,High,1.0,3.0,3.0,32.0,31-60 days,43834.79,39543.7,39543.7,1.0,Not Applicable,0.0
CUST-012517,1,Consumer,55.0,1.0,Low,10.0,2.0,8.0,222.0,181-270 days,23791.76,20006.25,625.2,32.0,Unhappy with Return Policy,8002.5
CUST-013720,0,Consumer,50.0,3.0,High,10.0,9.0,6.0,74.0,61-90 days,26570.31,21882.66,591.42,37.0,Not Applicable,0.0
CUST-015792,0,Premium,50.0,2.0,Medium,6.0,7.0,9.0,57.0,31-60 days,22620.55,17679.83,442.0,40.0,Not Applicable,0.0
CUST-009940,0,Consumer,4.0,4.0,Medium,19.0,4.0,0.0,8.0,0-30 days,31563.49,25360.22,818.07,31.0,Not Applicable,0.0
CUST-025026,0,Small Business,6.0,5.0,High,6.0,6.0,6.0,18.0,0-30 days,20060.82,20087.31,1339.15,15.0,Not Applicable,0.0
CUST-038306,0,Enterprise,26.0,3.0,Medium,9.0,13.0,1.0,353.0,271-365 days,7071.42,7761.3,228.27,34.0,Not Applicable,0.0
CUST-035579,1,Small Business,22.0,2.0,Low,13.0,11.0,7.0,41.0,31-60 days,47297.01,47139.36,11784.84,4.0,Poor Product Quality,18855.744
CUST-007978,1,Small Business,49.0,3.0,Low,16.0,12.0,0.0,69.0,61-90 days,17455.12,21364.2,1424.28,15.0,Payment Problems,8545.68
CUST-030544,0,Premium,39.0,5.0,Medium,17.0,16.0,7.0,275.0,271-365 days,28053.71,24010.49,1143.36,21.0,Not Applicable,0.0
CUST-022252,1,Premium,9.0,1.0,Low,5.0,5.0,4.0,174.0,91-180 days,33361.16,27821.6,0.0,0.0,Poor Product Quality,11128.64
CUST-003727,0,Consumer,25.0,2.0,High,2.0,3.0,1.0,25.0,0-30 days,28873.78,23132.19,2891.52,8.0,Not Applicable,0.0
CUST-004983,1,Consumer,4.0,2.0,Medium,18.0,10.0,3.0,4.0,0-30 days,21569.22,20273.63,5068.41,4.0,Found Alternative,8109.452000000001
CUST-018000,1,Consumer,55.0,3.0,Low,11.0,14.0,2.0,1.0,0-30 days,34300.05,34735.63,1389.43,25.0,Unhappy with Return Policy,13894.252
CUST-027035,1,Premium,3.0,3.0,Low,19.0,12.0,8.0,79.0,61-90 days,9916.56,8239.14,274.64,30.0,Poor Customer Service,3295.656
CUST-006823,0,Premium,13.0,3.0,Low,6.0,3.0,5.0,132.0,91-180 days,19965.86,22583.15,2053.01,11.0,Not Applicable,0.0
CUST-006822,0,Consumer,44.0,2.0,High,0.0,1.0,9.0,7.0,0-30 days,18082.78,20842.76,771.95,27.0,Not Applicable,0.0
CUST-001708,0,Premium,25.0,5.0,High,9.0,4.0,8.0,318.0,271-365 days,15394.6,16441.52,548.05,30.0,Not Applicable,0.0
CUST-041735,1,Consumer,29.0,4.0,Medium,14.0,0.0,9.0,77.0,61-90 days,27249.49,29022.13,604.63,48.0,Poor Product Quality,11608.852
CUST-014845,0,Consumer,51.0,3.0,Medium,0.0,1.0,7.0,31.0,31-60 days,58.16,46.88,2.13,22.0,Not Applicable,0.0
CUST-034980,1,Enterprise,34.0,4.0,Medium,10.0,11.0,2.0,293.0,271-365 days,15960.78,19762.8,2470.35,8.0,Poor Product Quality,7905.12
CUST-048201,0,Consumer,18.0,2.0,Medium,18.0,16.0,1.0,82.0,61-90 days,19769.9,17473.63,0.0,0.0,Not Applicable,0.0
CUST-018726,1,Consumer,32.0,5.0,Medium,13.0,2.0,2.0,25.0,0-30 days,6191.92,5700.93,196.58,29.0,Found Alternative,2280.3720000000008
CUST-049686,0,Premium,22.0,5.0,Low,4.0,6.0,3.0,36.0,31-60 days,11012.14,10908.96,419.58,26.0,Not Applicable,0.0
CUST-018346,0,Small Business,18.0,3.0,High,14.0,4.0,4.0,73.0,61-90 days,4277.54,3773.83,419.31,9.0,Not Applicable,0.0
CUST-031143,0,Consumer,51.0,4.0,High,5.0,1.0,6.0,81.0,61-90 days,5990.84,4968.27,101.39,49.0,Not Applicable,0.0
CUST-017043,0,Consumer,21.0,5.0,Medium,19.0,7.0,2.0,9.0,0-30 days,1290.73,1181.51,59.08,20.0,Not Applicable,0.0
CUST-034951,0,Enterprise,40.0,1.0,High,13.0,3.0,9.0,29.0,0-30 days,47932.46,47131.37,2480.6,19.0,Not Applicable,0.0
CUST-014656,0,Enterprise,44.0,1.0,High,9.0,5.0,6.0,42.0,31-60 days,37870.72,45473.15,15157.72,3.0,Not Applicable,0.0
CUST-024815,1,Premium,20.0,2.0,Medium,17.0,7.0,5.0,42.0,31-60 days,44476.01,45443.48,1747.83,26.0,Shipping Issues,18177.392000000003
CUST-040351,0,Consumer,50.0,4.0,Low,7.0,0.0,0.0,68.0,61-90 days,3427.59,3139.8,130.83,24.0,Not Applicable,0.0
CUST-040342,0,Consumer,5.0,3.0,Low,1.0,0.0,4.0,31.0,31-60 days,7328.49,6910.58,172.76,40.0,Not Applicable,0.0
CUST-031303,1,Premium,28.0,5.0,Medium,12.0,5.0,7.0,72.0,61-90 days,6368.9,6255.64,240.6,26.0,Better Price Elsewhere,2502.2560000000008
CUST-026142,1,Premium,51.0,3.0,Medium,13.0,14.0,6.0,339.0,271-365 days,35063.55,28452.52,693.96,41.0,Found Alternative,11381.008000000002
CUST-048657,1,Consumer,5.0,1.0,Medium,11.0,13.0,0.0,104.0,91-180 days,35299.53,28324.34,2574.94,11.0,Technical Issues,11329.736
CUST-003447,0,Small Business,15.0,4.0,Medium,8.0,4.0,5.0,49.0,31-60 days,32143.68,26730.54,607.51,44.0,Not Applicable,0.0
CUST-003157,0,Enterprise,26.0,3.0,High,9.0,13.0,8.0,36.0,31-60 days,7211.42,8333.86,333.35,25.0,Not Applicable,0.0
CUST-025323,1,Consumer,16.0,1.0,Low,3.0,5.0,0.0,64.0,61-90 days,41459.09,38422.62,6403.77,6.0,Found Alternative,15369.048000000004
CUST-049535,0,Small Business,34.0,4.0,Medium,0.0,4.0,7.0,82.0,61-90 days,8801.34,8506.81,283.56,30.0,Not Applicable,0.0
CUST-049055,0,Premium,11.0,3.0,High,18.0,12.0,9.0,296.0,271-365 days,31279.34,25396.04,3174.51,8.0,Not Applicable,0.0
CUST-034830,1,Premium,20.0,2.0,Low,4.0,0.0,2.0,12.0,0-30 days,4658.74,3626.95,226.68,16.0,Better Price Elsewhere,1450.78
CUST-032971,0,Small Business,10.0,1.0,Medium,14.0,8.0,2.0,15.0,0-30 days,10645.52,8285.36,295.91,28.0,Not Applicable,0.0
CUST-004818,1,Enterprise,5.0,1.0,High,15.0,0.0,8.0,252.0,181-270 days,34274.03,31116.71,5186.12,6.0,Better Price Elsewhere,12446.684
CUST-038386,0,Small Business,48.0,5.0,Medium,15.0,7.0,0.0,230.0,181-270 days,26301.78,25673.31,885.29,29.0,Not Applicable,0.0
CUST-026223,1,Consumer,25.0,2.0,Medium,13.0,9.0,2.0,8.0,0-30 days,39187.9,34096.82,1099.9,31.0,Shipping Issues,13638.728000000001
CUST-019817,0,Consumer,20.0,2.0,High,1.0,2.0,2.0,13.0,0-30 days,41877.79,44821.4,0.0,0.0,Not Applicable,0.0
CUST-044534,0,Premium,5.0,5.0,High,12.0,11.0,0.0,231.0,181-270 days,25112.6,26850.29,789.71,34.0,Not Applicable,0.0
CUST-012081,1,Small Business,10.0,1.0,High,2.0,4.0,7.0,269.0,181-270 days,30311.4,33363.66,1588.75,21.0,Poor Customer Service,13345.464000000002
CUST-033425,1,Premium,3.0,1.0,High,19.0,16.0,4.0,60.0,31-60 days,31019.16,30560.79,10186.93,3.0,Poor Customer Service,12224.316
CUST-000452,0,Consumer,32.0,2.0,Low,6.0,1.0,0.0,26.0,0-30 days,35484.95,36914.94,1367.22,27.0,Not Applicable,0.0
CUST-027312,0,Premium,8.0,5.0,Low,19.0,18.0,2.0,120.0,91-180 days,22150.28,21640.27,1352.52,16.0,Not Applicable,0.0
CUST-007565,1,Consumer,40.0,3.0,Low,2.0,2.0,6.0,71.0,61-90 days,39815.68,38878.76,38878.76,1.0,Poor Customer Service,15551.504
CUST-030268,1,Consumer,57.0,2.0,Low,0.0,0.0,9.0,78.0,61-90 days,34967.78,26952.73,1078.11,25.0,Poor Customer Service,10781.092
CUST-015967,0,Premium,31.0,2.0,High,9.0,8.0,7.0,18.0,0-30 days,42417.82,37699.81,942.5,40.0,Not Applicable,0.0
CUST-005064,0,Premium,52.0,5.0,Low,17.0,2.0,3.0,256.0,181-270 days,48333.99,39518.44,7903.69,5.0,Not Applicable,0.0
CUST-045112,0,Small Business,54.0,3.0,High,6.0,0.0,2.0,16.0,0-30 days,4124.07,4112.21,100.3,41.0,Not Applicable,0.0
CUST-002886,0,Consumer,53.0,4.0,High,4.0,7.0,3.0,342.0,271-365 days,45425.97,48467.47,12116.87,4.0,Not Applicable,0.0
CUST-011796,0,Consumer,5.0,5.0,Low,11.0,15.0,3.0,15.0,0-30 days,37683.93,31881.64,996.3,32.0,Not Applicable,0.0
CUST-045216,1,Small Business,12.0,5.0,Medium,9.0,7.0,7.0,31.0,31-60 days,24172.31,20816.2,433.67,48.0,Low Product Variety,8326.480000000001
CUST-024864,0,Consumer,31.0,4.0,High,13.0,1.0,7.0,8.0,0-30 days,18093.22,20488.86,731.75,28.0,Not Applicable,0.0
CUST-047876,0,Enterprise,50.0,2.0,Medium,3.0,4.0,8.0,51.0,31-60 days,6478.76,6335.38,287.97,22.0,Not Applicable,0.0
CUST-008765,1,Consumer,8.0,1.0,Low,13.0,0.0,6.0,201.0,181-270 days,39044.17,41935.09,13978.36,3.0,No Longer Need Service,16774.036
CUST-035501,0,Enterprise,48.0,3.0,High,9.0,8.0,6.0,340.0,271-365 days,1184.06,1255.61,627.8,2.0,Not Applicable,0.0
CUST-035293,1,Enterprise,55.0,5.0,Medium,19.0,10.0,9.0,148.0,91-180 days,28356.55,26883.71,571.99,47.0,Found Alternative,10753.484
CUST-028318,0,Premium,10.0,3.0,Medium,12.0,14.0,5.0,253.0,181-270 days,13366.99,13120.69,410.02,32.0,Not Applicable,0.0
CUST-031916,1,Consumer,7.0,4.0,Low,16.0,6.0,5.0,53.0,31-60 days,30455.03,29675.9,1978.39,15.0,Poor Customer Service,11870.36
CUST-042323,1,Premium,37.0,2.0,Low,18.0,6.0,9.0,30.0,0-30 days,8860.82,8291.51,207.29,40.0,Poor Customer Service,3316.604000000001
CUST-032583,0,Premium,49.0,4.0,High,0.0,1.0,5.0,43.0,31-60 days,45562.73,48754.6,3047.16,16.0,Not Applicable,0.0
CUST-019721,1,Small Business,30.0,4.0,Low,11.0,1.0,3.0,5.0,0-30 days,15469.92,14674.56,366.86,40.0,Too Expensive,5869.824000000001
CUST-016954,1,Consumer,32.0,2.0,Medium,4.0,5.0,8.0,97.0,91-180 days,52068.54,46135.58,15378.53,3.0,Too Expensive,18454.232
CUST-042631,1,Small Business,59.0,4.0,Low,2.0,4.0,6.0,199.0,181-270 days,43870.93,47457.52,7909.59,6.0,Low Product Variety,18983.008
CUST-011692,0,Consumer,57.0,3.0,Medium,0.0,3.0,8.0,80.0,61-90 days,4797.95,5745.2,319.18,18.0,Not Applicable,0.0
CUST-041977,0,Consumer,5.0,2.0,Medium,16.0,2.0,8.0,30.0,0-30 days,28718.08,32422.2,1801.23,18.0,Not Applicable,0.0
CUST-038517,1,Consumer,42.0,1.0,Low,19.0,4.0,7.0,20.0,0-30 days,42307.93,42687.63,1377.02,31.0,Shipping Issues,17075.052
CUST-011019,0,Enterprise,17.0,2.0,Medium,18.0,2.0,5.0,19.0,0-30 days,30910.52,32417.66,771.85,42.0,Not Applicable,0.0
CUST-030384,0,Premium,24.0,2.0,Medium,18.0,7.0,1.0,68.0,61-90 days,42441.62,42496.25,1180.45,36.0,Not Applicable,0.0
CUST-040121,1,Consumer,51.0,2.0,Medium,9.0,13.0,8.0,31.0,31-60 days,52666.78,43222.17,1440.74,30.0,Poor Product Quality,17288.868000000002
CUST-019809,1,Consumer,44.0,1.0,Medium,15.0,16.0,4.0,9.0,0-30 days,24664.86,30731.62,10243.87,3.0,Poor Customer Service,12292.648000000001
CUST-030226,0,Small Business,21.0,5.0,Low,9.0,4.0,3.0,233.0,181-270 days,6675.27,5588.35,116.42,48.0,Not Applicable,0.0
CUST-042872,1,Premium,20.0,2.0,Low,19.0,12.0,9.0,196.0,181-270 days,34095.51,27391.29,595.46,46.0,Poor Product Quality,10956.516000000001
CUST-046004,1,Consumer,20.0,1.0,Low,1.0,5.0,9.0,31.0,31-60 days,41293.18,44071.88,2003.27,22.0,Better Price Elsewhere,17628.752
CUST-028702,1,Consumer,5.0,2.0,Medium,14.0,0.0,1.0,61.0,61-90 days,32250.22,29511.59,3688.95,8.0,Shipping Issues,11804.636
CUST-042031,0,Enterprise,12.0,3.0,Medium,18.0,16.0,9.0,54.0,31-60 days,29886.17,34956.02,1398.24,25.0,Not Applicable,0.0
CUST-015807,0,Consumer,29.0,1.0,High,7.0,10.0,9.0,171.0,91-180 days,40513.36,35060.04,4382.51,8.0,Not Applicable,0.0
CUST-027117,0,Small Business,8.0,2.0,Medium,4.0,1.0,3.0,260.0,181-270 days,35286.47,28109.13,598.07,47.0,Not Applicable,0.0
CUST-003736,1,Consumer,49.0,3.0,Low,4.0,6.0,1.0,53.0,31-60 days,41558.6,35386.44,2211.65,16.0,Poor Product Quality,14154.576000000001
CUST-016677,0,Small Business,46.0,2.0,Medium,0.0,4.0,3.0,216.0,181-270 days,27255.47,31034.96,0.0,0.0,Not Applicable,0.0
CUST-015590,1,Premium,35.0,3.0,High,18.0,22.0,9.0,293.0,271-365 days,51770.97,44297.84,4027.08,11.0,Poor Customer Service,17719.136000000002
CUST-029391,0,Small Business,29.0,3.0,Medium,8.0,12.0,0.0,320.0,271-365 days,24884.08,30254.67,1315.42,23.0,Not Applicable,0.0
CUST-001420,1,Enterprise,53.0,3.0,High,5.0,6.0,7.0,206.0,181-270 days,14100.19,12865.31,285.9,45.0,Unhappy with Return Policy,5146.124
CUST-019139,0,Small Business,14.0,4.0,Medium,7.0,0.0,7.0,183.0,181-270 days,43751.79,46837.94,9367.59,5.0,Not Applicable,0.0
CUST-004449,0,Consumer,16.0,4.0,Medium,7.0,6.0,2.0,24.0,0-30 days,43399.89,40392.51,2244.03,18.0,Not Applicable,0.0
CUST-018377,0,Consumer,3.0,1.0,Low,6.0,0.0,4.0,1.0,0-30 days,31386.0,24324.9,760.15,32.0,Not Applicable,0.0
CUST-049174,1,Premium,6.0,2.0,Low,2.0,2.0,3.0,20.0,0-30 days,44373.0,42154.89,2007.38,21.0,Shipping Issues,16861.956000000002
CUST-032602,1,Consumer,23.0,4.0,Low,15.0,11.0,2.0,171.0,91-180 days,25215.24,28093.32,1337.78,21.0,Account Issues,11237.328000000001
CUST-010578,0,Consumer,58.0,5.0,Medium,12.0,3.0,4.0,40.0,31-60 days,45699.66,36189.59,904.74,40.0,Not Applicable,0.0
CUST-004082,0,Enterprise,6.0,4.0,Low,8.0,9.0,3.0,235.0,181-270 days,33081.47,39531.35,1068.41,37.0,Not Applicable,0.0
CUST-001754,0,Consumer,41.0,2.0,Low,18.0,17.0,2.0,8.0,0-30 days,49391.39,39016.5,830.14,47.0,Not Applicable,0.0
CUST-046753,0,Consumer,21.0,5.0,High,17.0,21.0,8.0,20.0,0-30 days,18496.82,15589.01,708.59,22.0,Not Applicable,0.0
CUST-003145,0,Consumer,13.0,5.0,Medium,18.0,3.0,0.0,153.0,91-180 days,19076.02,16102.04,435.19,37.0,Not Applicable,0.0
CUST-006063,0,Consumer,42.0,1.0,High,9.0,11.0,8.0,26.0,0-30 days,9769.25,8472.27,282.41,30.0,Not Applicable,0.0
CUST-037356,1,Consumer,12.0,5.0,Low,16.0,14.0,6.0,165.0,91-180 days,54235.25,48089.54,2185.89,22.0,Shipping Issues,19235.816000000006
CUST-010020,1,Premium,4.0,1.0,Low,10.0,14.0,8.0,352.0,271-365 days,35248.64,39209.16,2800.65,14.0,Too Expensive,15683.664000000002
CUST-046469,1,Enterprise,57.0,4.0,Low,3.0,4.0,9.0,81.0,61-90 days,33152.44,32195.66,894.32,36.0,Too Expensive,12878.264
CUST-048145,0,Enterprise,32.0,3.0,High,1.0,1.0,4.0,15.0,0-30 days,37838.29,44550.79,1237.52,36.0,Not Applicable,0.0
CUST-030257,1,Consumer,51.0,3.0,Low,10.0,10.0,9.0,296.0,271-365 days,14056.51,13916.55,579.86,24.0,Found Alternative,5566.62
CUST-034387,1,Small Business,21.0,2.0,Medium,16.0,17.0,9.0,87.0,61-90 days,47917.12,37861.58,1081.76,35.0,Poor Customer Service,15144.632
CUST-033710,0,Premium,50.0,5.0,High,5.0,9.0,2.0,84.0,61-90 days,51452.49,40374.65,1441.95,28.0,Not Applicable,0.0
CUST-031518,0,Consumer,31.0,3.0,High,19.0,3.0,1.0,61.0,61-90 days,47896.48,49840.05,1465.88,34.0,Not Applicable,0.0
CUST-049129,0,Small Business,35.0,5.0,High,2.0,6.0,4.0,228.0,181-270 days,2563.16,2976.36,72.59,41.0,Not Applicable,0.0
CUST-004400,1,Premium,13.0,2.0,High,8.0,4.0,5.0,88.0,61-90 days,22644.35,20213.05,697.0,29.0,Too Expensive,8085.22
CUST-017561,0,Consumer,53.0,4.0,Medium,10.0,2.0,2.0,251.0,181-270 days,21577.56,18243.39,912.17,20.0,Not Applicable,0.0
CUST-000944,0,Premium,32.0,5.0,Medium,0.0,2.0,5.0,296.0,271-365 days,19425.42,20514.42,1079.71,19.0,Not Applicable,0.0
CUST-045513,1,Consumer,17.0,3.0,Low,1.0,0.0,3.0,64.0,61-90 days,6780.49,7775.86,323.99,24.0,Technical Issues,3110.344
CUST-008236,0,Premium,29.0,1.0,High,0.0,2.0,2.0,185.0,181-270 days,24621.3,24406.87,787.32,31.0,Not Applicable,0.0
CUST-045714,0,Consumer,4.0,3.0,Medium,7.0,11.0,3.0,84.0,61-90 days,18515.76,21260.47,607.44,35.0,Not Applicable,0.0
CUST-041383,0,Enterprise,42.0,3.0,Medium,13.0,5.0,5.0,88.0,61-90 days,36116.72,38177.65,1272.59,30.0,Not Applicable,0.0
CUST-043093,0,Enterprise,27.0,5.0,Medium,13.0,1.0,8.0,64.0,61-90 days,39169.81,40468.99,1124.14,36.0,Not Applicable,0.0
CUST-025769,0,Consumer,29.0,5.0,Medium,8.0,3.0,1.0,328.0,271-365 days,10789.34,11927.19,1987.87,6.0,Not Applicable,0.0
CUST-032913,0,Premium,38.0,5.0,High,9.0,5.0,6.0,44.0,31-60 days,5479.39,6270.37,1567.59,4.0,Not Applicable,0.0
CUST-027087,0,Consumer,41.0,1.0,High,17.0,13.0,0.0,7.0,0-30 days,25743.15,20032.64,5008.16,4.0,Not Applicable,0.0
CUST-047684,1,Small Business,32.0,2.0,High,13.0,6.0,2.0,57.0,31-60 days,37108.55,31266.26,2605.52,12.0,Too Expensive,12506.504
CUST-034757,1,Consumer,52.0,1.0,Low,8.0,11.0,9.0,87.0,61-90 days,35778.83,39069.32,887.94,44.0,Better Price Elsewhere,15627.728000000001
CUST-017748,1,Consumer,17.0,2.0,Low,6.0,6.0,2.0,241.0,181-270 days,13640.11,11981.19,307.21,39.0,Too Expensive,4792.4760000000015
CUST-039364,0,Enterprise,38.0,4.0,High,8.0,10.0,1.0,63.0,61-90 days,27213.01,21592.62,719.75,30.0,Not Applicable,0.0
CUST-034226,1,Consumer,3.0,5.0,Medium,13.0,12.0,7.0,32.0,31-60 days,33356.62,37915.31,842.56,45.0,Technical Issues,15166.124
CUST-045888,1,Small Business,23.0,2.0,Medium,8.0,3.0,9.0,45.0,31-60 days,31423.09,31821.24,1060.71,30.0,Found Alternative,12728.496000000001
CUST-007090,0,Enterprise,2.0,1.0,Medium,9.0,0.0,5.0,78.0,61-90 days,12789.87,15556.9,409.39,38.0,Not Applicable,0.0
CUST-011825,1,Small Business,2.0,3.0,Low,19.0,13.0,9.0,74.0,61-90 days,28153.91,30507.77,2033.85,15.0,Poor Customer Service,12203.108
CUST-001852,0,Consumer,23.0,1.0,High,2.0,5.0,3.0,20.0,0-30 days,51128.57,49641.44,1654.71,30.0,Not Applicable,0.0
CUST-043441,1,Consumer,4.0,4.0,High,7.0,1.0,3.0,204.0,181-270 days,19145.47,15322.75,494.28,31.0,Poor Product Quality,6129.1
CUST-001972,0,Small Business,6.0,4.0,Low,1.0,5.0,3.0,74.0,61-90 days,48408.72,39917.0,1108.81,36.0,Not Applicable,0.0
CUST-003265,1,Consumer,34.0,4.0,Medium,17.0,1.0,3.0,73.0,61-90 days,23812.98,18682.83,644.24,29.0,Poor Customer Service,7473.132000000001
CUST-011818,0,Consumer,21.0,4.0,Medium,3.0,2.0,9.0,234.0,181-270 days,39702.66,43214.4,960.32,45.0,Not Applicable,0.0
CUST-033703,1,Small Business,24.0,3.0,Medium,7.0,6.0,7.0,266.0,181-270 days,32152.23,32255.8,1897.4,17.0,Payment Problems,12902.32
CUST-002419,1,Small Business,21.0,2.0,Medium,5.0,7.0,3.0,361.0,271-365 days,9093.63,9153.25,762.77,12.0,Poor Customer Service,3661.3
CUST-038645,0,Small Business,17.0,2.0,Low,1.0,1.0,5.0,45.0,31-60 days,33871.45,42308.94,1923.13,22.0,Not Applicable,0.0
CUST-018959,0,Premium,15.0,5.0,Low,7.0,4.0,4.0,174.0,91-180 days,11335.5,12123.48,484.94,25.0,Not Applicable,0.0
CUST-037998,0,Consumer,34.0,4.0,Medium,17.0,17.0,4.0,49.0,31-60 days,56591.72,48266.78,2098.56,23.0,Not Applicable,0.0
CUST-029527,0,Consumer,28.0,3.0,Low,3.0,3.0,1.0,12.0,0-30 days,13442.7,13449.64,395.58,34.0,Not Applicable,0.0
CUST-000546,0,Premium,13.0,1.0,Medium,4.0,2.0,7.0,39.0,31-60 days,2728.0,3081.07,110.04,28.0,Not Applicable,0.0
CUST-011161,1,Enterprise,12.0,1.0,Low,3.0,0.0,6.0,78.0,61-90 days,52168.46,44368.18,2773.01,16.0,Too Expensive,17747.272
CUST-023787,0,Consumer,24.0,3.0,Medium,9.0,0.0,9.0,37.0,31-60 days,34649.31,27090.27,1128.76,24.0,Not Applicable,0.0
CUST-004012,0,Consumer,11.0,5.0,Medium,10.0,2.0,2.0,56.0,31-60 days,29981.6,24418.96,554.98,44.0,Not Applicable,0.0
CUST-039517,0,Premium,16.0,2.0,High,3.0,3.0,1.0,74.0,61-90 days,29249.64,24998.35,1562.4,16.0,Not Applicable,0.0
CUST-021726,0,Enterprise,50.0,1.0,Medium,1.0,0.0,5.0,64.0,61-90 days,27813.75,26464.06,1150.61,23.0,Not Applicable,0.0
CUST-028356,0,Premium,57.0,3.0,High,6.0,7.0,9.0,51.0,31-60 days,27015.49,22559.35,777.91,29.0,Not Applicable,0.0
CUST-046490,0,Enterprise,59.0,5.0,Medium,17.0,0.0,1.0,31.0,31-60 days,50053.11,40296.08,1389.52,29.0,Not Applicable,0.0
CUST-043684,1,Consumer,48.0,1.0,High,10.0,10.0,1.0,40.0,31-60 days,44970.27,41612.72,1600.49,26.0,Better Price Elsewhere,16645.088
CUST-004657,0,Premium,53.0,1.0,Medium,4.0,4.0,4.0,20.0,0-30 days,32583.65,28391.52,887.24,32.0,Not Applicable,0.0
CUST-000304,1,Consumer,45.0,1.0,Medium,11.0,2.0,0.0,57.0,31-60 days,5336.6,5296.24,132.41,40.0,Too Expensive,2118.496
CUST-027138,1,Enterprise,29.0,3.0,Low,15.0,8.0,8.0,159.0,91-180 days,31766.75,31512.86,732.86,43.0,Poor Product Quality,12605.143999999998
CUST-047395,0,Small Business,14.0,3.0,Medium,7.0,7.0,3.0,265.0,181-270 days,13311.5,10505.56,328.3,32.0,Not Applicable,0.0
CUST-038053,0,Consumer,52.0,5.0,High,0.0,2.0,1.0,54.0,31-60 days,25570.89,31533.52,2252.39,14.0,Not Applicable,0.0
CUST-016791,0,Premium,48.0,4.0,Low,6.0,8.0,0.0,47.0,31-60 days,22208.17,23395.36,1299.74,18.0,Not Applicable,0.0
CUST-041209,1,Premium,14.0,1.0,Medium,18.0,22.0,5.0,34.0,31-60 days,29112.55,35901.14,1055.92,34.0,Payment Problems,14360.456
CUST-009698,0,Premium,43.0,1.0,High,6.0,8.0,0.0,313.0,271-365 days,3979.18,4554.48,142.33,32.0,Not Applicable,0.0
CUST-019614,0,Consumer,15.0,1.0,Medium,3.0,6.0,5.0,105.0,91-180 days,46479.61,43748.83,1988.58,22.0,Not Applicable,0.0
CUST-037216,1,Consumer,54.0,2.0,Low,18.0,14.0,6.0,41.0,31-60 days,14344.6,13192.57,573.59,23.0,Poor Customer Service,5277.028
CUST-001987,0,Premium,14.0,4.0,High,16.0,17.0,8.0,7.0,0-30 days,35822.54,29905.74,636.29,47.0,Not Applicable,0.0
CUST-014892,0,Consumer,31.0,3.0,Medium,8.0,6.0,5.0,42.0,31-60 days,44646.8,34596.13,2306.41,15.0,Not Applicable,0.0
CUST-011510,0,Small Business,32.0,5.0,Medium,3.0,1.0,8.0,73.0,61-90 days,22880.13,22677.81,1079.9,21.0,Not Applicable,0.0
CUST-025434,1,Small Business,51.0,3.0,Low,15.0,12.0,8.0,281.0,271-365 days,38160.98,30883.05,718.21,43.0,Poor Customer Service,12353.22
CUST-049836,0,Small Business,23.0,5.0,High,12.0,11.0,5.0,64.0,61-90 days,29506.49,24085.29,1094.79,22.0,Not Applicable,0.0
CUST-010444,0,Premium,8.0,3.0,Medium,8.0,9.0,5.0,20.0,0-30 days,1211.76,1501.45,48.43,31.0,Not Applicable,0.0
CUST-047568,0,Premium,49.0,2.0,Medium,9.0,5.0,9.0,38.0,31-60 days,40004.68,41154.43,1646.18,25.0,Not Applicable,0.0
CUST-044441,0,Premium,50.0,3.0,Low,6.0,0.0,4.0,87.0,61-90 days,30682.45,27647.68,628.36,44.0,Not Applicable,0.0
CUST-048519,0,Consumer,6.0,5.0,Medium,4.0,6.0,5.0,306.0,271-365 days,15729.65,18260.46,456.51,40.0,Not Applicable,0.0
CUST-002691,1,Premium,35.0,3.0,Medium,11.0,10.0,3.0,68.0,61-90 days,34048.66,34098.08,5683.01,6.0,Unhappy with Return Policy,13639.232000000002
CUST-001004,0,Enterprise,6.0,3.0,Medium,14.0,13.0,2.0,297.0,271-365 days,42164.2,32614.63,931.85,35.0,Not Applicable,0.0
CUST-006855,1,Small Business,20.0,1.0,High,9.0,12.0,9.0,71.0,61-90 days,12882.85,11879.63,282.85,42.0,Poor Customer Service,4751.852
CUST-040168,1,Premium,50.0,1.0,Low,11.0,6.0,2.0,228.0,181-270 days,30291.08,29103.72,3637.97,8.0,Poor Product Quality,11641.488000000001
CUST-002398,0,Consumer,46.0,1.0,High,18.0,22.0,2.0,193.0,181-270 days,48130.69,47520.09,969.8,49.0,Not Applicable,0.0
CUST-001247,0,Enterprise,49.0,3.0,Medium,1.0,2.0,0.0,45.0,31-60 days,3510.74,3677.69,96.78,38.0,Not Applicable,0.0
CUST-009257,1,Enterprise,37.0,2.0,High,17.0,21.0,8.0,58.0,31-60 days,12554.81,15109.97,408.38,37.0,Better Price Elsewhere,6043.988
CUST-006999,0,Enterprise,24.0,5.0,Medium,9.0,10.0,2.0,50.0,31-60 days,3863.77,4304.58,179.36,24.0,Not Applicable,0.0
CUST-028002,0,Consumer,23.0,5.0,High,12.0,0.0,3.0,89.0,61-90 days,60009.68,49069.3,2044.55,24.0,Not Applicable,0.0
CUST-009614,1,Consumer,47.0,3.0,Low,10.0,3.0,3.0,32.0,31-60 days,26053.3,20087.85,478.28,42.0,Poor Product Quality,8035.139999999998
CUST-033382,0,Small Business,46.0,2.0,High,0.0,1.0,1.0,23.0,0-30 days,26922.58,27744.73,3468.09,8.0,Not Applicable,0.0
CUST-035304,0,Premium,57.0,5.0,Medium,5.0,7.0,4.0,13.0,0-30 days,24782.19,26246.95,6561.74,4.0,Not Applicable,0.0
CUST-041843,0,Consumer,10.0,4.0,Medium,16.0,10.0,3.0,42.0,31-60 days,12230.37,11065.01,737.67,15.0,Not Applicable,0.0
CUST-009787,1,Premium,10.0,1.0,Medium,18.0,3.0,5.0,30.0,0-30 days,8321.8,9897.18,3299.06,3.0,Shipping Issues,3958.8720000000003
CUST-047616,1,Enterprise,41.0,1.0,Low,15.0,11.0,4.0,72.0,61-90 days,49396.82,38819.99,902.79,43.0,Poor Customer Service,15527.996
CUST-001888,1,Consumer,23.0,2.0,Low,12.0,16.0,2.0,31.0,31-60 days,48111.78,39569.59,899.31,44.0,Too Expensive,15827.836
CUST-031225,1,Consumer,7.0,3.0,Medium,5.0,2.0,6.0,298.0,271-365 days,13155.35,15793.62,631.74,25.0,Poor Product Quality,6317.448
CUST-025983,0,Enterprise,25.0,5.0,High,18.0,2.0,8.0,32.0,31-60 days,26607.42,24220.95,590.75,41.0,Not Applicable,0.0
CUST-021582,0,Consumer,40.0,3.0,High,6.0,5.0,9.0,39.0,31-60 days,9904.23,8769.23,674.56,13.0,Not Applicable,0.0
CUST-029776,0,Enterprise,3.0,4.0,Medium,3.0,3.0,3.0,13.0,0-30 days,940.88,1032.83,26.48,39.0,Not Applicable,0.0
CUST-039442,0,Consumer,37.0,1.0,Medium,10.0,4.0,1.0,18.0,0-30 days,2819.36,3351.38,85.93,39.0,Not Applicable,0.0
CUST-025397,0,Enterprise,23.0,3.0,Low,0.0,2.0,1.0,67.0,61-90 days,31495.49,34990.88,0.0,0.0,Not Applicable,0.0
CUST-010178,0,Consumer,30.0,4.0,Medium,12.0,7.0,0.0,69.0,61-90 days,11785.77,11332.47,314.79,36.0,Not Applicable,0.0
CUST-041364,0,Small Business,14.0,2.0,High,16.0,0.0,4.0,155.0,91-180 days,33582.29,36133.82,1290.49,28.0,Not Applicable,0.0
CUST-023872,0,Consumer,8.0,2.0,Medium,10.0,7.0,6.0,16.0,0-30 days,26217.42,24315.41,1736.82,14.0,Not Applicable,0.0
CUST-014922,1,Premium,4.0,4.0,Low,10.0,1.0,9.0,72.0,61-90 days,29915.57,34067.45,2003.97,17.0,Unhappy with Return Policy,13626.98
CUST-048012,0,Enterprise,19.0,3.0,Medium,4.0,4.0,2.0,92.0,91-180 days,24699.95,26449.27,615.1,43.0,Not Applicable,0.0
CUST-009171,0,Consumer,34.0,3.0,Medium,19.0,14.0,6.0,145.0,91-180 days,10429.91,10484.2,524.21,20.0,Not Applicable,0.0
CUST-007199,0,Premium,35.0,3.0,Medium,9.0,2.0,1.0,81.0,61-90 days,28202.91,29519.48,922.48,32.0,Not Applicable,0.0
CUST-022707,1,Small Business,3.0,2.0,Low,14.0,4.0,5.0,324.0,271-365 days,14547.83,16438.36,410.96,40.0,Too Expensive,6575.344000000001
CUST-008108,0,Premium,47.0,5.0,Medium,10.0,5.0,2.0,3.0,0-30 days,46694.95,45916.13,4174.19,11.0,Not Applicable,0.0
CUST-014487,0,Small Business,2.0,1.0,Medium,14.0,3.0,3.0,42.0,31-60 days,6140.49,5336.17,485.11,11.0,Not Applicable,0.0
CUST-049235,0,Consumer,22.0,1.0,Low,10.0,13.0,6.0,14.0,0-30 days,35508.17,43348.03,21674.01,2.0,Not Applicable,0.0
CUST-015394,1,Small Business,11.0,2.0,Medium,8.0,3.0,7.0,303.0,271-365 days,15537.95,17106.89,438.64,39.0,Found Alternative,6842.7559999999985
CUST-021754,1,Small Business,23.0,1.0,Medium,19.0,8.0,9.0,69.0,61-90 days,41847.65,33589.64,1526.8,22.0,Too Expensive,13435.856000000002
CUST-018842,0,Consumer,1.0,4.0,Low,15.0,11.0,5.0,19.0,0-30 days,1116.57,1053.8,58.54,18.0,Not Applicable,0.0
CUST-043407,0,Consumer,41.0,4.0,Medium,1.0,4.0,0.0,44.0,31-60 days,27684.18,31846.3,909.89,35.0,Not Applicable,0.0
CUST-006067,1,Premium,28.0,4.0,High,17.0,15.0,9.0,334.0,271-365 days,41019.06,44284.87,1428.54,31.0,Better Price Elsewhere,17713.948
CUST-031350,1,Consumer,53.0,2.0,High,9.0,5.0,1.0,120.0,91-180 days,7047.17,5945.16,297.26,20.0,Better Price Elsewhere,2378.064
CUST-019483,0,Enterprise,12.0,4.0,Low,4.0,0.0,6.0,268.0,181-270 days,25875.86,21866.2,520.62,42.0,Not Applicable,0.0
CUST-032853,1,Premium,9.0,4.0,High,13.0,16.0,2.0,325.0,271-365 days,21701.49,19817.47,1321.16,15.0,Shipping Issues,7926.988000000001
CUST-015570,0,Premium,45.0,2.0,Medium,6.0,6.0,4.0,268.0,181-270 days,29461.74,28947.43,2067.67,14.0,Not Applicable,0.0
CUST-037946,0,Premium,52.0,5.0,Medium,3.0,2.0,6.0,162.0,91-180 days,13161.22,14301.3,953.42,15.0,Not Applicable,0.0
CUST-024996,0,Consumer,30.0,5.0,High,9.0,0.0,0.0,199.0,181-270 days,7724.94,8689.92,228.68,38.0,Not Applicable,0.0
CUST-023797,0,Consumer,21.0,5.0,High,5.0,9.0,4.0,36.0,31-60 days,49003.53,41964.63,4662.74,9.0,Not Applicable,0.0
CUST-035222,1,Consumer,7.0,2.0,Low,1.0,2.0,1.0,78.0,61-90 days,259.93,251.44,41.91,6.0,Poor Product Quality,100.57600000000001
CUST-004166,1,Small Business,27.0,2.0,Medium,1.0,3.0,2.0,79.0,61-90 days,13693.75,15953.68,693.64,23.0,Found Alternative,6381.4720000000025
CUST-014043,0,Premium,34.0,3.0,Medium,18.0,20.0,5.0,1.0,0-30 days,27672.88,31581.51,1127.91,28.0,Not Applicable,0.0
CUST-042592,0,Consumer,16.0,5.0,Medium,8.0,8.0,8.0,69.0,61-90 days,45724.12,36253.21,1510.55,24.0,Not Applicable,0.0
CUST-017048,0,Consumer,9.0,3.0,Medium,5.0,5.0,1.0,68.0,61-90 days,1665.97,1580.24,58.53,27.0,Not Applicable,0.0
CUST-003297,0,Consumer,14.0,1.0,High,10.0,9.0,2.0,181.0,181-270 days,4.13,3.38,0.1,33.0,Not Applicable,0.0
CUST-037492,1,Premium,56.0,2.0,Medium,19.0,16.0,1.0,109.0,91-180 days,35828.42,36352.64,807.84,45.0,Shipping Issues,14541.056
CUST-018714,0,Premium,31.0,5.0,Medium,10.0,6.0,3.0,52.0,31-60 days,20559.9,17906.77,416.44,43.0,Not Applicable,0.0
CUST-039119,0,Premium,45.0,4.0,High,5.0,8.0,8.0,31.0,31-60 days,14227.94,13437.19,447.91,30.0,Not Applicable,0.0
CUST-026289,0,Premium,44.0,1.0,Low,13.0,1.0,6.0,22.0,0-30 days,55427.52,46432.25,1934.68,24.0,Not Applicable,0.0
CUST-014358,1,Enterprise,14.0,4.0,High,19.0,14.0,8.0,53.0,31-60 days,30885.27,35369.26,862.66,41.0,Payment Problems,14147.704000000002
CUST-022601,0,Consumer,9.0,5.0,Medium,4.0,6.0,3.0,31.0,31-60 days,38742.98,34901.59,1586.44,22.0,Not Applicable,0.0
CUST-023586,0,Consumer,20.0,2.0,Medium,8.0,2.0,4.0,251.0,181-270 days,8439.65,8564.86,317.22,27.0,Not Applicable,0.0
CUST-003972,0,Consumer,43.0,4.0,Medium,0.0,3.0,2.0,78.0,61-90 days,30699.54,30289.93,721.19,42.0,Not Applicable,0.0
CUST-017719,0,Enterprise,37.0,2.0,High,4.0,3.0,9.0,28.0,0-30 days,10700.93,8976.98,187.02,48.0,Not Applicable,0.0
CUST-021308,1,Consumer,16.0,3.0,Low,7.0,4.0,8.0,152.0,91-180 days,42636.66,35856.87,0.0,0.0,Poor Product Quality,14342.748
CUST-016216,0,Consumer,8.0,3.0,High,8.0,4.0,2.0,15.0,0-30 days,19846.02,20975.26,551.98,38.0,Not Applicable,0.0
CUST-011746,0,Consumer,15.0,5.0,Medium,3.0,3.0,1.0,45.0,31-60 days,29184.2,22573.69,806.2,28.0,Not Applicable,0.0
CUST-040740,0,Consumer,32.0,5.0,High,15.0,6.0,4.0,71.0,61-90 days,41835.44,46934.37,2607.47,18.0,Not Applicable,0.0
CUST-039423,1,Consumer,31.0,2.0,Medium,13.0,7.0,1.0,256.0,181-270 days,3266.28,2575.77,367.97,7.0,Poor Product Quality,1030.308
CUST-036255,0,Consumer,6.0,4.0,Medium,3.0,2.0,5.0,36.0,31-60 days,41982.4,41041.09,10260.27,4.0,Not Applicable,0.0
CUST-016791,0,Premium,48.0,4.0,Low,6.0,4.0,0.0,47.0,31-60 days,22208.17,23395.36,1299.74,18.0,Not Applicable,0.0
CUST-024266,0,Consumer,29.0,3.0,High,6.0,1.0,2.0,33.0,31-60 days,40812.74,36344.03,1453.76,25.0,Not Applicable,0.0
CUST-005765,0,Premium,14.0,3.0,High,13.0,3.0,1.0,304.0,271-365 days,40110.62,37634.8,0.0,0.0,Not Applicable,0.0
CUST-015575,1,Consumer,21.0,1.0,Low,6.0,10.0,3.0,52.0,31-60 days,33703.53,31163.14,1354.92,23.0,Poor Product Quality,12465.256000000001
CUST-027836,1,Premium,29.0,1.0,Low,15.0,4.0,2.0,55.0,31-60 days,21566.44,26496.7,552.01,48.0,No Longer Need Service,10598.68
CUST-040817,0,Premium,15.0,2.0,Low,19.0,13.0,2.0,259.0,181-270 days,37700.52,32303.81,1153.71,28.0,Not Applicable,0.0
CUST-031056,0,Small Business,53.0,2.0,High,10.0,1.0,4.0,106.0,91-180 days,12000.68,11300.68,2825.17,4.0,Not Applicable,0.0
CUST-012669,0,Premium,52.0,5.0,Low,10.0,6.0,1.0,36.0,31-60 days,43696.23,47837.58,1112.5,43.0,Not Applicable,0.0
CUST-018025,0,Small Business,16.0,2.0,Medium,19.0,1.0,2.0,10.0,0-30 days,35991.39,40399.62,3366.64,12.0,Not Applicable,0.0
CUST-028295,0,Small Business,49.0,3.0,Medium,2.0,2.0,6.0,22.0,0-30 days,6523.23,5841.22,1460.31,4.0,Not Applicable,0.0
CUST-035570,1,Consumer,1.0,3.0,High,16.0,16.0,6.0,69.0,61-90 days,21854.44,23006.71,621.8,37.0,Poor Customer Service,9202.684
CUST-045365,0,Consumer,14.0,5.0,Medium,8.0,4.0,1.0,5.0,0-30 days,7056.43,8487.9,707.32,12.0,Not Applicable,0.0
CUST-020833,0,Premium,34.0,5.0,Medium,13.0,12.0,4.0,156.0,91-180 days,26789.23,23317.4,706.59,33.0,Not Applicable,0.0
CUST-009016,0,Small Business,4.0,5.0,High,13.0,7.0,8.0,24.0,0-30 days,32447.39,27896.66,2789.67,10.0,Not Applicable,0.0
CUST-000977,1,Consumer,29.0,1.0,Low,6.0,1.0,0.0,77.0,61-90 days,53089.42,46323.85,3308.85,14.0,Better Price Elsewhere,18529.54
CUST-043024,1,Small Business,14.0,5.0,Medium,0.0,2.0,6.0,229.0,181-270 days,9729.74,7908.35,718.94,11.0,Found Alternative,3163.34
CUST-042221,1,Small Business,58.0,2.0,Low,2.0,0.0,2.0,27.0,0-30 days,48495.89,46548.69,5818.59,8.0,Found Alternative,18619.476000000002
CUST-015446,1,Consumer,46.0,2.0,High,1.0,1.0,0.0,45.0,31-60 days,6409.29,6774.25,1129.04,6.0,Poor Customer Service,2709.7000000000007
CUST-007025,0,Small Business,10.0,3.0,High,0.0,1.0,9.0,336.0,271-365 days,32849.12,33529.16,1241.82,27.0,Not Applicable,0.0
CUST-030904,0,Small Business,57.0,3.0,Low,14.0,9.0,0.0,70.0,61-90 days,24543.65,20544.63,6848.21,3.0,Not Applicable,0.0
CUST-019348,0,Consumer,22.0,3.0,Low,6.0,7.0,6.0,4.0,0-30 days,50374.81,49667.2,1419.06,35.0,Not Applicable,0.0
CUST-044077,1,Premium,46.0,4.0,Medium,12.0,2.0,0.0,26.0,0-30 days,23303.51,25887.98,528.33,49.0,Shipping Issues,10355.192
CUST-027943,1,Premium,7.0,5.0,High,16.0,13.0,5.0,51.0,31-60 days,38284.96,36595.44,989.07,37.0,Shipping Issues,14638.176000000001
CUST-013671,1,Premium,30.0,2.0,High,11.0,9.0,9.0,181.0,181-270 days,2055.34,1738.02,124.14,14.0,Found Alternative,695.2080000000003
CUST-005111,1,Premium,58.0,2.0,Medium,1.0,2.0,4.0,66.0,61-90 days,35710.34,40346.38,3667.85,11.0,Poor Product Quality,16138.552
CUST-041891,0,Enterprise,29.0,4.0,Medium,10.0,7.0,2.0,65.0,61-90 days,14586.55,17849.02,469.71,38.0,Not Applicable,0.0
CUST-047069,1,Premium,37.0,2.0,Low,17.0,19.0,2.0,27.0,0-30 days,30210.95,37074.69,2471.65,15.0,Poor Customer Service,14829.876000000002
CUST-025042,0,Small Business,21.0,4.0,Medium,7.0,1.0,5.0,72.0,61-90 days,28652.86,28798.83,993.06,29.0,Not Applicable,0.0
CUST-006521,0,Consumer,42.0,5.0,Medium,8.0,5.0,1.0,111.0,91-180 days,43894.04,49005.39,1225.13,40.0,Not Applicable,0.0
CUST-033212,1,Consumer,35.0,2.0,Medium,3.0,6.0,6.0,308.0,271-365 days,25050.16,23988.76,1142.32,21.0,Account Issues,9595.504
CUST-006697,0,Premium,50.0,3.0,Medium,17.0,10.0,9.0,7.0,0-30 days,7757.72,8092.73,299.73,27.0,Not Applicable,0.0
CUST-027159,0,Consumer,31.0,5.0,Medium,17.0,4.0,9.0,67.0,61-90 days,30887.8,31890.06,937.94,34.0,Not Applicable,0.0
CUST-047520,1,Consumer,16.0,2.0,Medium,19.0,13.0,4.0,88.0,61-90 days,29406.59,27564.55,1531.36,18.0,Found Alternative,11025.82
CUST-031512,1,Consumer,37.0,1.0,Medium,18.0,10.0,8.0,16.0,0-30 days,41573.25,34159.55,697.13,49.0,Payment Problems,13663.820000000005
CUST-012104,0,Small Business,27.0,5.0,High,1.0,2.0,5.0,16.0,0-30 days,62535.95,48220.78,1854.65,26.0,Not Applicable,0.0
CUST-047071,1,Consumer,57.0,3.0,Low,7.0,9.0,2.0,188.0,181-270 days,49909.03,46937.26,1618.53,29.0,Found Alternative,18774.904
CUST-004491,0,Enterprise,52.0,5.0,Low,12.0,6.0,0.0,245.0,181-270 days,17609.21,16672.32,1389.36,12.0,Not Applicable,0.0
CUST-029712,0,Enterprise,48.0,4.0,Medium,16.0,15.0,6.0,263.0,181-270 days,46454.49,39333.84,1191.93,33.0,Not Applicable,0.0
CUST-007414,1,Premium,15.0,5.0,Low,19.0,16.0,2.0,346.0,271-365 days,15432.22,12302.28,768.89,16.0,Account Issues,4920.912
CUST-022527,1,Consumer,48.0,4.0,Low,16.0,2.0,5.0,27.0,0-30 days,41592.03,43780.35,931.5,47.0,Found Alternative,17512.14
CUST-026015,0,Premium,24.0,5.0,High,7.0,11.0,7.0,147.0,91-180 days,35451.2,29091.51,831.19,35.0,Not Applicable,0.0
CUST-014453,1,Consumer,35.0,2.0,Low,7.0,1.0,3.0,78.0,61-90 days,20695.81,16676.86,416.92,40.0,Poor Customer Service,6670.744000000002
CUST-015895,0,Premium,17.0,1.0,Medium,15.0,18.0,6.0,36.0,31-60 days,40531.12,38763.1,791.08,49.0,Not Applicable,0.0
CUST-025897,0,Premium,4.0,4.0,Medium,9.0,6.0,1.0,305.0,271-365 days,32667.31,29242.04,4873.67,6.0,Not Applicable,0.0
CUST-016010,1,Premium,6.0,3.0,Medium,15.0,15.0,9.0,70.0,61-90 days,39978.83,42836.91,7139.49,6.0,Technical Issues,17134.764000000006
CUST-024087,1,Consumer,29.0,2.0,Low,19.0,13.0,9.0,57.0,31-60 days,49788.8,47766.95,1016.32,47.0,Payment Problems,19106.78
CUST-045497,1,Small Business,27.0,2.0,Low,4.0,1.0,7.0,42.0,31-60 days,5683.62,6442.87,1288.57,5.0,Too Expensive,2577.148
CUST-012021,0,Enterprise,54.0,5.0,High,3.0,7.0,6.0,21.0,0-30 days,8474.66,9436.3,314.54,30.0,Not Applicable,0.0
CUST-046272,0,Premium,39.0,5.0,Medium,3.0,3.0,5.0,342.0,271-365 days,13501.48,15479.97,442.28,35.0,Not Applicable,0.0
CUST-016247,1,Consumer,55.0,1.0,High,16.0,19.0,5.0,41.0,31-60 days,20186.85,23886.88,995.29,24.0,Poor Customer Service,9554.752
CUST-009359,0,Small Business,53.0,5.0,Low,14.0,4.0,0.0,46.0,31-60 days,5250.81,4678.66,123.12,38.0,Not Applicable,0.0
CUST-005641,1,Premium,24.0,2.0,Medium,14.0,12.0,6.0,21.0,0-30 days,43313.28,37743.17,1397.9,27.0,Poor Product Quality,15097.268
CUST-002895,0,Consumer,58.0,2.0,Low,5.0,8.0,7.0,60.0,31-60 days,30137.03,25292.0,972.77,26.0,Not Applicable,0.0
CUST-025676,0,Premium,5.0,2.0,High,1.0,4.0,1.0,30.0,0-30 days,13130.97,12285.22,1023.77,12.0,Not Applicable,0.0
CUST-003546,0,Consumer,28.0,2.0,Medium,17.0,1.0,0.0,79.0,61-90 days,18862.48,16740.91,363.93,46.0,Not Applicable,0.0
CUST-024585,1,Consumer,55.0,1.0,Low,14.0,4.0,7.0,79.0,61-90 days,19537.01,23106.67,888.72,26.0,Poor Product Quality,9242.668
CUST-043727,1,Premium,3.0,4.0,Low,17.0,15.0,0.0,79.0,61-90 days,47109.05,39071.13,5581.59,7.0,No Longer Need Service,15628.452
CUST-009306,0,Small Business,39.0,2.0,High,13.0,1.0,4.0,255.0,181-270 days,16259.36,16591.17,1843.46,9.0,Not Applicable,0.0
CUST-020183,0,Premium,27.0,5.0,High,10.0,8.0,8.0,283.0,271-365 days,34884.2,38616.61,2032.45,19.0,Not Applicable,0.0
CUST-048777,1,Consumer,37.0,3.0,Low,14.0,7.0,9.0,344.0,271-365 days,39454.89,39388.42,1312.95,30.0,Account Issues,15755.368
CUST-035760,0,Premium,13.0,4.0,Medium,15.0,10.0,9.0,86.0,61-90 days,16448.44,18421.41,657.91,28.0,Not Applicable,0.0
CUST-010169,1,Premium,17.0,1.0,Medium,7.0,11.0,2.0,155.0,91-180 days,18820.75,20987.8,3497.97,6.0,Poor Product Quality,8395.12
CUST-021965,1,Premium,58.0,4.0,Low,5.0,7.0,6.0,42.0,31-60 days,38603.65,41167.46,4574.16,9.0,Poor Product Quality,16466.984
CUST-000703,0,Premium,46.0,2.0,Medium,8.0,0.0,3.0,21.0,0-30 days,6694.25,7105.6,161.49,44.0,Not Applicable,0.0
CUST-029451,0,Consumer,58.0,4.0,Medium,3.0,5.0,9.0,49.0,31-60 days,26884.13,25696.21,1835.44,14.0,Not Applicable,0.0
CUST-035201,0,Consumer,39.0,3.0,Medium,9.0,4.0,5.0,31.0,31-60 days,11649.11,10015.45,1251.93,8.0,Not Applicable,0.0
CUST-000744,0,Premium,33.0,2.0,Medium,14.0,6.0,5.0,63.0,61-90 days,46551.96,38491.3,836.77,46.0,Not Applicable,0.0
CUST-030694,1,Premium,3.0,4.0,Low,0.0,4.0,3.0,86.0,61-90 days,44372.97,41920.1,974.89,43.0,Found Alternative,16768.04
CUST-035918,0,Enterprise,55.0,1.0,Low,2.0,5.0,0.0,59.0,31-60 days,10429.22,11270.43,662.97,17.0,Not Applicable,0.0
CUST-048816,0,Consumer,52.0,2.0,Medium,10.0,0.0,9.0,54.0,31-60 days,49330.84,41007.39,2050.37,20.0,Not Applicable,0.0
CUST-042552,1,Consumer,23.0,4.0,High,13.0,4.0,7.0,34.0,31-60 days,21680.93,16969.29,565.64,30.0,Poor Product Quality,6787.7159999999985
CUST-009327,0,Premium,19.0,5.0,High,8.0,7.0,2.0,76.0,61-90 days,17038.76,17423.19,497.81,35.0,Not Applicable,0.0
CUST-034656,0,Small Business,39.0,3.0,Medium,3.0,0.0,3.0,38.0,31-60 days,29891.84,29104.01,0.0,0.0,Not Applicable,0.0
CUST-018940,1,Small Business,29.0,1.0,Low,5.0,0.0,4.0,175.0,91-180 days,42073.56,38158.08,19079.04,2.0,Poor Product Quality,15263.232000000002
CUST-049923,1,Small Business,56.0,4.0,Low,7.0,10.0,2.0,49.0,31-60 days,31102.59,25918.21,2879.8,9.0,Account Issues,10367.284
CUST-030663,1,Consumer,2.0,4.0,Low,11.0,11.0,3.0,353.0,271-365 days,54971.73,47474.97,1217.31,39.0,Poor Customer Service,18989.988
CUST-012109,0,Consumer,28.0,1.0,High,18.0,13.0,5.0,87.0,61-90 days,20792.37,16530.46,718.72,23.0,Not Applicable,0.0
CUST-026765,1,Consumer,42.0,5.0,Low,17.0,1.0,1.0,69.0,61-90 days,13573.93,15411.79,733.89,21.0,Poor Customer Service,6164.7159999999985
CUST-034903,1,Premium,40.0,4.0,Medium,10.0,9.0,9.0,17.0,0-30 days,29017.11,31959.89,680.0,47.0,Poor Product Quality,12783.956
CUST-016189,0,Enterprise,13.0,4.0,Low,9.0,11.0,5.0,85.0,61-90 days,36090.09,45010.53,9002.11,5.0,Not Applicable,0.0
CUST-038647,0,Small Business,54.0,1.0,Medium,2.0,2.0,3.0,61.0,61-90 days,21898.1,16938.53,360.39,47.0,Not Applicable,0.0
CUST-030719,1,Premium,15.0,1.0,Low,4.0,7.0,9.0,180.0,91-180 days,24540.56,29502.07,686.09,43.0,Better Price Elsewhere,11800.828000000001
CUST-000763,0,Small Business,32.0,3.0,Medium,2.0,2.0,5.0,14.0,0-30 days,4304.67,5349.16,178.31,30.0,Not Applicable,0.0
CUST-032165,1,Small Business,59.0,1.0,Medium,7.0,9.0,6.0,186.0,181-270 days,37036.86,41289.83,0.0,0.0,Better Price Elsewhere,16515.932
CUST-001530,1,Premium,7.0,3.0,Medium,12.0,11.0,8.0,297.0,271-365 days,21961.14,22270.34,3181.48,7.0,Too Expensive,8908.136
CUST-008988,1,Premium,34.0,3.0,Low,11.0,4.0,3.0,3.0,0-30 days,14047.2,10831.17,833.17,13.0,Poor Customer Service,4332.468
CUST-028262,1,Small Business,7.0,3.0,Low,8.0,11.0,4.0,293.0,271-365 days,31960.17,37980.14,808.09,47.0,Too Expensive,15192.056
CUST-017766,0,Small Business,18.0,5.0,Medium,16.0,14.0,3.0,4.0,0-30 days,16266.33,15493.22,704.24,22.0,Not Applicable,0.0
CUST-029637,0,Premium,26.0,5.0,Medium,2.0,2.0,5.0,208.0,181-270 days,38073.58,29360.17,947.1,31.0,Not Applicable,0.0
CUST-021116,1,Small Business,49.0,5.0,Low,15.0,16.0,1.0,88.0,61-90 days,18752.35,20543.91,526.77,39.0,Payment Problems,8217.564
CUST-043998,1,Small Business,58.0,3.0,Medium,16.0,20.0,2.0,196.0,181-270 days,31356.79,32130.12,8032.53,4.0,Shipping Issues,12852.048
CUST-001336,1,Premium,30.0,4.0,Low,13.0,13.0,4.0,150.0,91-180 days,12121.56,11568.52,771.23,15.0,Too Expensive,4627.4079999999985
CUST-035051,0,Small Business,18.0,1.0,Medium,19.0,1.0,7.0,322.0,271-365 days,9568.08,9695.45,1211.93,8.0,Not Applicable,0.0
CUST-000462,0,Consumer,58.0,3.0,Low,5.0,2.0,6.0,97.0,91-180 days,4662.39,3964.41,146.83,27.0,Not Applicable,0.0
CUST-045433,0,Premium,35.0,4.0,Medium,12.0,14.0,0.0,61.0,61-90 days,35167.87,40109.61,3342.47,12.0,Not Applicable,0.0
CUST-007528,0,Consumer,26.0,2.0,Medium,17.0,13.0,1.0,3.0,0-30 days,27475.47,22033.0,537.39,41.0,Not Applicable,0.0
CUST-020292,1,Small Business,46.0,2.0,High,18.0,14.0,3.0,52.0,31-60 days,9013.57,7752.8,352.4,22.0,Found Alternative,3101.1200000000013
CUST-021766,0,Small Business,17.0,5.0,Medium,16.0,3.0,8.0,234.0,181-270 days,37280.25,31009.72,1476.65,21.0,Not Applicable,0.0
CUST-012838,0,Consumer,7.0,3.0,Medium,15.0,11.0,4.0,65.0,61-90 days,28706.84,26632.66,3804.67,7.0,Not Applicable,0.0
CUST-010894,0,Premium,12.0,4.0,Medium,3.0,7.0,6.0,27.0,0-30 days,34912.78,28693.98,4099.14,7.0,Not Applicable,0.0
CUST-029314,1,Enterprise,59.0,2.0,Medium,1.0,0.0,9.0,53.0,31-60 days,45640.01,47715.84,1363.31,35.0,Technical Issues,19086.336
CUST-002036,1,Consumer,12.0,2.0,Medium,7.0,11.0,0.0,52.0,31-60 days,19161.31,15282.0,664.43,23.0,Poor Product Quality,6112.8
CUST-000021,0,Premium,32.0,5.0,Medium,12.0,0.0,8.0,83.0,61-90 days,16132.72,16300.79,339.6,48.0,Not Applicable,0.0
CUST-020695,0,Small Business,40.0,5.0,Medium,9.0,13.0,8.0,50.0,31-60 days,5329.3,5664.17,708.02,8.0,Not Applicable,0.0
CUST-022180,0,Premium,25.0,2.0,High,17.0,2.0,5.0,269.0,181-270 days,28443.74,24336.75,507.02,48.0,Not Applicable,0.0
CUST-021986,0,Consumer,23.0,3.0,Medium,9.0,10.0,4.0,63.0,61-90 days,4522.4,3559.69,3559.69,1.0,Not Applicable,0.0
CUST-004683,0,Small Business,3.0,1.0,High,15.0,10.0,4.0,33.0,31-60 days,7508.29,7605.39,230.47,33.0,Not Applicable,0.0
CUST-005102,1,Small Business,18.0,4.0,High,15.0,14.0,4.0,54.0,31-60 days,36378.39,36279.66,3627.97,10.0,Payment Problems,14511.864
CUST-000871,0,Premium,10.0,2.0,Medium,6.0,4.0,9.0,58.0,31-60 days,35013.89,33813.51,1024.65,33.0,Not Applicable,0.0
CUST-036035,0,Premium,17.0,5.0,Medium,16.0,4.0,4.0,11.0,0-30 days,54753.08,44018.87,22009.44,2.0,Not Applicable,0.0
CUST-024225,1,Consumer,29.0,1.0,Medium,12.0,1.0,9.0,38.0,31-60 days,52483.13,40822.94,1943.95,21.0,Shipping Issues,16329.176000000001
CUST-041607,0,Consumer,17.0,5.0,Medium,11.0,4.0,2.0,126.0,91-180 days,6122.44,4869.55,304.35,16.0,Not Applicable,0.0
CUST-046278,1,Consumer,35.0,4.0,Medium,10.0,13.0,8.0,86.0,61-90 days,7975.94,9450.28,1575.05,6.0,Poor Product Quality,3780.1120000000014
CUST-046944,1,Premium,52.0,3.0,High,19.0,17.0,4.0,132.0,91-180 days,15278.43,14384.61,293.56,49.0,No Longer Need Service,5753.844000000001
CUST-021591,1,Consumer,29.0,2.0,Low,16.0,8.0,9.0,130.0,91-180 days,49815.1,48540.94,5393.44,9.0,Too Expensive,19416.376
CUST-042466,1,Premium,13.0,4.0,Low,4.0,4.0,5.0,53.0,31-60 days,43513.3,48874.04,1110.77,44.0,Found Alternative,19549.616
CUST-013847,1,Consumer,34.0,5.0,Low,8.0,10.0,9.0,274.0,271-365 days,8344.68,6547.42,181.87,36.0,Poor Product Quality,2618.9680000000008
CUST-018425,0,Consumer,46.0,1.0,Low,1.0,5.0,8.0,47.0,31-60 days,23978.67,26963.98,898.8,30.0,Not Applicable,0.0
CUST-012197,0,Small Business,9.0,4.0,Medium,17.0,15.0,0.0,55.0,31-60 days,17526.36,15067.28,1004.49,15.0,Not Applicable,0.0
CUST-008228,1,Small Business,47.0,1.0,High,18.0,9.0,1.0,238.0,181-270 days,12707.26,10854.28,374.29,29.0,Poor Customer Service,4341.712
CUST-019157,1,Consumer,20.0,2.0,Medium,18.0,0.0,7.0,4.0,0-30 days,10982.32,8999.57,321.41,28.0,Poor Customer Service,3599.828
CUST-046945,1,Consumer,31.0,1.0,High,4.0,6.0,1.0,67.0,61-90 days,11800.02,13627.87,309.72,44.0,Shipping Issues,5451.148000000001
CUST-026838,1,Consumer,36.0,3.0,Low,18.0,0.0,6.0,115.0,91-180 days,44680.71,43920.06,1756.8,25.0,Better Price Elsewhere,17568.023999999998
CUST-019792,1,Premium,6.0,1.0,Low,0.0,4.0,8.0,14.0,0-30 days,51052.4,40030.68,3335.89,12.0,Poor Customer Service,16012.272
CUST-032402,1,Small Business,32.0,4.0,Medium,1.0,2.0,6.0,306.0,271-365 days,31570.31,39462.85,2192.38,18.0,Low Product Variety,15785.14
CUST-038748,1,Small Business,42.0,3.0,Medium,16.0,9.0,7.0,67.0,61-90 days,16729.1,20798.2,990.39,21.0,Poor Product Quality,8319.28
CUST-046656,0,Consumer,52.0,4.0,Medium,3.0,0.0,5.0,15.0,0-30 days,29956.05,28717.99,5743.6,5.0,Not Applicable,0.0
CUST-023033,1,Premium,55.0,5.0,Low,6.0,10.0,2.0,146.0,91-180 days,53331.74,46853.57,1142.77,41.0,Too Expensive,18741.428
CUST-046223,0,Premium,12.0,2.0,High,6.0,6.0,3.0,76.0,61-90 days,7261.45,7467.2,1866.8,4.0,Not Applicable,0.0
CUST-029427,0,Consumer,1.0,5.0,Medium,14.0,1.0,8.0,44.0,31-60 days,22696.67,26540.0,1061.6,25.0,Not Applicable,0.0
CUST-031891,1,Consumer,40.0,1.0,Low,15.0,18.0,6.0,16.0,0-30 days,43176.7,33529.01,762.02,44.0,Found Alternative,13411.604
CUST-039044,0,Consumer,14.0,4.0,Medium,18.0,22.0,0.0,195.0,181-270 days,21610.85,26940.99,549.82,49.0,Not Applicable,0.0
CUST-033837,0,Consumer,14.0,1.0,High,8.0,11.0,9.0,331.0,271-365 days,19964.09,20717.99,986.57,21.0,Not Applicable,0.0
CUST-049964,1,Consumer,32.0,5.0,Low,7.0,1.0,9.0,314.0,271-365 days,51559.49,44795.36,1066.56,42.0,Account Issues,17918.144
CUST-021221,1,Consumer,56.0,4.0,Low,8.0,7.0,9.0,34.0,31-60 days,36248.14,34116.67,812.3,42.0,Technical Issues,13646.668
CUST-004602,0,Premium,57.0,4.0,Low,7.0,8.0,0.0,321.0,271-365 days,6061.28,5133.54,114.08,45.0,Not Applicable,0.0
CUST-026183,1,Premium,19.0,5.0,Low,0.0,1.0,6.0,48.0,31-60 days,30983.65,26793.03,582.46,46.0,Shipping Issues,10717.212
CUST-040475,1,Consumer,16.0,2.0,Medium,6.0,4.0,8.0,34.0,31-60 days,41046.01,43543.65,1451.46,30.0,Better Price Elsewhere,17417.460000000006
CUST-004157,1,Consumer,39.0,5.0,Medium,17.0,2.0,8.0,336.0,271-365 days,26275.11,31137.37,676.9,46.0,Unhappy with Return Policy,12454.948
CUST-005477,0,Small Business,46.0,4.0,Low,17.0,11.0,9.0,46.0,31-60 days,45206.02,40621.47,1504.5,27.0,Not Applicable,0.0
CUST-036759,1,Consumer,14.0,3.0,Medium,9.0,8.0,6.0,181.0,181-270 days,23121.37,23437.1,1065.32,22.0,Low Product Variety,9374.84
CUST-024474,0,Premium,9.0,4.0,Medium,15.0,11.0,2.0,55.0,31-60 days,17694.24,13726.53,1372.65,10.0,Not Applicable,0.0
CUST-047999,0,Consumer,52.0,1.0,High,0.0,3.0,6.0,256.0,181-270 days,35599.6,30567.23,727.79,42.0,Not Applicable,0.0
CUST-037180,0,Consumer,34.0,3.0,Medium,1.0,5.0,1.0,38.0,31-60 days,49044.98,38599.71,1838.08,21.0,Not Applicable,0.0
CUST-007369,1,Consumer,12.0,1.0,High,19.0,11.0,5.0,61.0,61-90 days,28868.34,25198.67,2519.87,10.0,Poor Product Quality,10079.468
CUST-003558,1,Small Business,42.0,1.0,Medium,13.0,15.0,3.0,72.0,61-90 days,32625.59,25425.14,605.36,42.0,Account Issues,10170.056
CUST-021439,1,Consumer,47.0,2.0,Medium,18.0,14.0,0.0,48.0,31-60 days,40760.8,47215.68,2623.09,18.0,Too Expensive,18886.272
CUST-035329,0,Consumer,20.0,4.0,Medium,0.0,4.0,0.0,76.0,61-90 days,17498.77,14412.81,576.51,25.0,Not Applicable,0.0
CUST-012125,0,Consumer,29.0,3.0,Low,3.0,7.0,1.0,194.0,181-270 days,16070.6,17445.96,1026.23,17.0,Not Applicable,0.0
CUST-042256,0,Consumer,38.0,3.0,Low,0.0,1.0,3.0,74.0,61-90 days,54056.77,49005.04,1020.94,48.0,Not Applicable,0.0
CUST-020635,1,Consumer,4.0,3.0,Medium,0.0,4.0,7.0,79.0,61-90 days,57614.7,48824.89,4882.49,10.0,Found Alternative,19529.956000000002
CUST-002524,1,Consumer,9.0,5.0,Low,13.0,4.0,7.0,19.0,0-30 days,26254.32,22091.31,5522.83,4.0,No Longer Need Service,8836.524000000001
CUST-002233,1,Premium,31.0,3.0,Low,16.0,17.0,5.0,48.0,31-60 days,30462.34,32389.16,1905.24,17.0,Found Alternative,12955.664
CUST-015909,1,Consumer,17.0,2.0,Low,0.0,4.0,0.0,117.0,91-180 days,19052.59,21123.79,640.11,33.0,Poor Product Quality,8449.516000000001
CUST-031421,1,Premium,48.0,2.0,Low,15.0,18.0,7.0,110.0,91-180 days,19000.08,20008.11,1333.87,15.0,Poor Customer Service,8003.244000000002
CUST-040218,0,Consumer,40.0,5.0,High,10.0,7.0,4.0,4.0,0-30 days,15013.34,12853.79,2142.3,6.0,Not Applicable,0.0
CUST-008545,1,Consumer,54.0,4.0,Low,11.0,1.0,3.0,43.0,31-60 days,40972.66,33131.18,871.87,38.0,Found Alternative,13252.472000000002
CUST-037553,0,Consumer,32.0,4.0,High,15.0,9.0,1.0,38.0,31-60 days,21686.5,25255.04,1403.06,18.0,Not Applicable,0.0
CUST-040230,0,Premium,27.0,2.0,Medium,0.0,0.0,8.0,5.0,0-30 days,36453.34,45045.79,3753.82,12.0,Not Applicable,0.0
CUST-024687,0,Consumer,9.0,1.0,Medium,18.0,1.0,7.0,89.0,61-90 days,1548.58,1219.38,29.03,42.0,Not Applicable,0.0
CUST-040505,0,Premium,50.0,4.0,High,8.0,2.0,8.0,215.0,181-270 days,59286.19,45783.28,1017.41,45.0,Not Applicable,0.0
CUST-038362,1,Premium,18.0,1.0,High,8.0,9.0,5.0,252.0,181-270 days,14271.92,15074.96,886.76,17.0,Shipping Issues,6029.984
CUST-044761,0,Premium,1.0,2.0,Medium,11.0,8.0,5.0,250.0,181-270 days,23736.42,24448.11,843.04,29.0,Not Applicable,0.0
CUST-026683,0,Premium,13.0,3.0,Low,6.0,2.0,4.0,19.0,0-30 days,16948.17,16558.3,5519.43,3.0,Not Applicable,0.0
CUST-017731,0,Premium,57.0,4.0,Medium,7.0,4.0,5.0,5.0,0-30 days,19476.95,15878.04,15878.04,1.0,Not Applicable,0.0
CUST-037340,1,Consumer,59.0,4.0,Medium,6.0,9.0,0.0,106.0,91-180 days,25209.97,22096.35,613.79,36.0,No Longer Need Service,8838.539999999999
CUST-032930,1,Consumer,2.0,2.0,Low,17.0,0.0,7.0,83.0,61-90 days,39567.33,35559.6,846.66,42.0,Poor Product Quality,14223.84
CUST-047213,1,Small Business,54.0,5.0,Medium,11.0,13.0,1.0,276.0,271-365 days,10202.94,8070.8,8070.8,1.0,Found Alternative,3228.32
CUST-025311,0,Consumer,20.0,5.0,High,5.0,4.0,3.0,190.0,181-270 days,22940.94,20075.53,542.58,37.0,Not Applicable,0.0
CUST-017112,0,Enterprise,7.0,5.0,Medium,5.0,0.0,1.0,168.0,91-180 days,9978.61,10794.19,0.0,0.0,Not Applicable,0.0
CUST-030990,1,Consumer,10.0,4.0,Medium,6.0,1.0,9.0,148.0,91-180 days,47648.89,45510.77,6501.54,7.0,Poor Product Quality,18204.308
CUST-048036,0,Consumer,6.0,3.0,Low,12.0,0.0,6.0,70.0,61-90 days,9150.01,8397.34,441.97,19.0,Not Applicable,0.0
CUST-014524,0,Premium,9.0,4.0,Medium,10.0,9.0,8.0,33.0,31-60 days,43381.35,43323.17,2166.16,20.0,Not Applicable,0.0
CUST-034668,0,Premium,54.0,2.0,Low,12.0,4.0,9.0,42.0,31-60 days,35056.03,36651.42,796.77,46.0,Not Applicable,0.0
CUST-039497,0,Small Business,34.0,4.0,High,10.0,9.0,0.0,187.0,181-270 days,43335.52,44966.7,14988.9,3.0,Not Applicable,0.0
CUST-007978,1,Small Business,49.0,3.0,Low,16.0,15.0,0.0,69.0,61-90 days,17455.12,21364.2,1424.28,15.0,Poor Product Quality,8545.68
CUST-020861,1,Consumer,17.0,4.0,Low,17.0,15.0,3.0,87.0,61-90 days,44599.7,39837.42,2343.38,17.0,Low Product Variety,15934.968
CUST-041092,0,Consumer,21.0,4.0,Medium,5.0,1.0,0.0,331.0,271-365 days,43553.78,44298.37,3164.17,14.0,Not Applicable,0.0
CUST-021635,0,Premium,8.0,5.0,High,9.0,7.0,8.0,154.0,91-180 days,36394.21,38372.27,872.1,44.0,Not Applicable,0.0
CUST-018990,0,Premium,28.0,1.0,Medium,4.0,1.0,2.0,73.0,61-90 days,33777.13,34169.6,1798.4,19.0,Not Applicable,0.0
CUST-028072,1,Premium,36.0,5.0,Low,17.0,3.0,1.0,4.0,0-30 days,6323.98,5768.59,0.0,0.0,Poor Customer Service,2307.436
CUST-009240,1,Consumer,31.0,4.0,Medium,9.0,3.0,4.0,82.0,61-90 days,7987.99,6745.96,562.16,12.0,Payment Problems,2698.384
CUST-008107,0,Consumer,54.0,2.0,High,13.0,16.0,2.0,17.0,0-30 days,3118.91,2434.94,405.82,6.0,Not Applicable,0.0
CUST-040706,1,Premium,30.0,1.0,Low,18.0,11.0,4.0,23.0,0-30 days,47876.72,43285.51,1055.74,41.0,Poor Product Quality,17314.203999999998
CUST-035206,1,Consumer,9.0,5.0,Low,19.0,12.0,1.0,28.0,0-30 days,55142.03,49226.33,2140.28,23.0,Unhappy with Return Policy,19690.532000000007
CUST-004079,0,Premium,47.0,5.0,Medium,8.0,3.0,4.0,81.0,61-90 days,25577.43,20142.33,629.45,32.0,Not Applicable,0.0
CUST-020136,0,Small Business,26.0,1.0,High,2.0,1.0,4.0,49.0,31-60 days,13022.52,15628.6,679.5,23.0,Not Applicable,0.0
CUST-009428,0,Consumer,29.0,1.0,Medium,6.0,5.0,3.0,47.0,31-60 days,18815.16,15247.12,7623.56,2.0,Not Applicable,0.0
CUST-046328,0,Small Business,20.0,1.0,Medium,2.0,5.0,2.0,100.0,91-180 days,7439.58,7861.74,291.18,27.0,Not Applicable,0.0
CUST-030965,0,Consumer,29.0,3.0,High,2.0,6.0,6.0,21.0,0-30 days,36254.42,30816.83,3081.68,10.0,Not Applicable,0.0
CUST-031568,1,Small Business,35.0,5.0,Medium,19.0,15.0,2.0,33.0,31-60 days,10673.13,10258.82,263.05,39.0,No Longer Need Service,4103.528
CUST-020144,0,Small Business,55.0,2.0,Low,5.0,4.0,1.0,5.0,0-30 days,25043.08,24727.12,1373.73,18.0,Not Applicable,0.0
CUST-004712,1,Premium,16.0,1.0,Medium,12.0,15.0,1.0,250.0,181-270 days,18497.6,15747.28,926.31,17.0,Technical Issues,6298.911999999998
CUST-027444,1,Premium,35.0,5.0,Medium,15.0,2.0,7.0,177.0,91-180 days,43122.18,35524.17,1869.69,19.0,Too Expensive,14209.668
CUST-014371,0,Enterprise,39.0,5.0,Medium,8.0,2.0,0.0,23.0,0-30 days,41759.28,42349.13,1841.27,23.0,Not Applicable,0.0
CUST-003942,1,Consumer,20.0,3.0,Medium,11.0,14.0,5.0,39.0,31-60 days,11916.11,13226.36,314.91,42.0,Poor Customer Service,5290.544000000001
CUST-005302,0,Consumer,33.0,4.0,High,10.0,2.0,4.0,25.0,0-30 days,14363.45,16947.56,605.27,28.0,Not Applicable,0.0
CUST-009946,1,Consumer,51.0,3.0,High,0.0,2.0,6.0,155.0,91-180 days,14292.13,12537.57,464.35,27.0,Poor Product Quality,5015.028
CUST-027314,0,Premium,58.0,3.0,Medium,15.0,10.0,0.0,233.0,181-270 days,42504.33,38910.04,884.32,44.0,Not Applicable,0.0
CUST-037771,0,Small Business,59.0,5.0,Low,12.0,5.0,3.0,340.0,271-365 days,22661.52,25278.37,871.67,29.0,Not Applicable,0.0
CUST-011193,1,Consumer,55.0,5.0,High,17.0,19.0,3.0,74.0,61-90 days,63241.95,49478.39,1374.4,36.0,Unhappy with Return Policy,19791.356
CUST-034290,0,Small Business,29.0,4.0,High,0.0,4.0,7.0,52.0,31-60 days,3144.89,3160.62,263.38,12.0,Not Applicable,0.0
CUST-033433,1,Premium,21.0,5.0,Medium,17.0,3.0,0.0,82.0,61-90 days,31682.01,38364.77,1826.89,21.0,Technical Issues,15345.908
CUST-038102,0,Consumer,48.0,3.0,Low,2.0,0.0,3.0,52.0,31-60 days,15119.76,15968.31,1996.04,8.0,Not Applicable,0.0
CUST-037559,1,Consumer,21.0,1.0,High,19.0,23.0,8.0,4.0,0-30 days,37825.13,45372.16,1194.0,38.0,Better Price Elsewhere,18148.864
CUST-000368,0,Consumer,26.0,3.0,Low,5.0,9.0,8.0,322.0,271-365 days,31265.59,26046.98,723.53,36.0,Not Applicable,0.0
CUST-008654,1,Enterprise,5.0,1.0,High,8.0,5.0,8.0,46.0,31-60 days,21984.91,22087.54,883.5,25.0,Payment Problems,8835.016000000001
CUST-006126,1,Premium,39.0,2.0,Medium,13.0,4.0,3.0,15.0,0-30 days,43000.06,35571.96,1077.94,33.0,Poor Customer Service,14228.784
CUST-029273,0,Premium,29.0,3.0,Medium,8.0,10.0,6.0,28.0,0-30 days,24721.44,28010.25,683.18,41.0,Not Applicable,0.0
CUST-019892,1,Consumer,22.0,5.0,Medium,14.0,12.0,9.0,92.0,91-180 days,20143.32,18125.42,6041.81,3.0,Technical Issues,7250.1680000000015
CUST-046454,1,Consumer,41.0,2.0,Low,13.0,9.0,8.0,71.0,61-90 days,16615.58,18454.26,559.22,33.0,Found Alternative,7381.7040000000015
CUST-014591,1,Premium,25.0,2.0,Medium,0.0,0.0,5.0,324.0,271-365 days,976.32,892.72,68.67,13.0,Account Issues,357.088
CUST-025062,1,Consumer,18.0,3.0,Low,17.0,1.0,9.0,32.0,31-60 days,4399.06,4454.02,92.79,48.0,Poor Product Quality,1781.6080000000006
CUST-035118,1,Consumer,47.0,1.0,High,16.0,10.0,7.0,64.0,61-90 days,44743.19,48332.18,48332.18,1.0,Shipping Issues,19332.872
CUST-010932,0,Premium,34.0,3.0,Medium,6.0,9.0,8.0,37.0,31-60 days,12634.77,12553.64,261.53,48.0,Not Applicable,0.0
CUST-014182,0,Premium,46.0,4.0,Medium,9.0,1.0,1.0,80.0,61-90 days,9221.72,8919.82,270.3,33.0,Not Applicable,0.0
CUST-005937,0,Premium,44.0,1.0,Medium,17.0,11.0,7.0,54.0,31-60 days,28196.83,32248.44,977.23,33.0,Not Applicable,0.0
CUST-006305,0,Consumer,49.0,2.0,Medium,5.0,6.0,2.0,56.0,31-60 days,50923.95,45151.51,1101.26,41.0,Not Applicable,0.0
CUST-040018,0,Small Business,21.0,3.0,Medium,7.0,0.0,9.0,45.0,31-60 days,23073.95,27643.31,600.94,46.0,Not Applicable,0.0
CUST-043811,0,Consumer,19.0,3.0,Low,1.0,3.0,1.0,9.0,0-30 days,32788.63,36776.5,9194.12,4.0,Not Applicable,0.0
CUST-003960,0,Enterprise,44.0,2.0,Medium,8.0,4.0,5.0,79.0,61-90 days,43992.53,34158.47,4879.78,7.0,Not Applicable,0.0
CUST-020760,1,Consumer,28.0,1.0,Low,9.0,6.0,0.0,3.0,0-30 days,37620.6,29653.47,801.45,37.0,Poor Customer Service,11861.388
CUST-030782,0,Enterprise,2.0,3.0,Low,7.0,2.0,0.0,164.0,91-180 days,3696.43,4085.84,215.04,19.0,Not Applicable,0.0
CUST-036866,0,Small Business,33.0,5.0,High,9.0,13.0,2.0,72.0,61-90 days,3445.63,3518.29,206.96,17.0,Not Applicable,0.0
CUST-015666,1,Consumer,54.0,2.0,High,12.0,9.0,2.0,306.0,271-365 days,25697.7,23191.38,828.26,28.0,Poor Product Quality,9276.552
CUST-049581,0,Premium,29.0,2.0,Medium,3.0,5.0,5.0,64.0,61-90 days,27726.36,26635.63,3805.09,7.0,Not Applicable,0.0
CUST-025060,0,Premium,13.0,3.0,High,19.0,4.0,7.0,86.0,61-90 days,7987.4,9484.54,278.96,34.0,Not Applicable,0.0
CUST-037989,1,Consumer,9.0,3.0,Low,18.0,7.0,2.0,84.0,61-90 days,36506.2,28430.6,2369.22,12.0,Payment Problems,11372.24
CUST-043699,1,Enterprise,34.0,4.0,Low,3.0,6.0,8.0,125.0,91-180 days,35457.55,28512.39,2036.6,14.0,Poor Customer Service,11404.956
CUST-013677,0,Premium,16.0,4.0,Medium,11.0,12.0,6.0,294.0,271-365 days,55388.19,48794.54,3252.97,15.0,Not Applicable,0.0
CUST-024882,0,Premium,34.0,3.0,Medium,19.0,19.0,2.0,40.0,31-60 days,259.66,298.91,49.82,6.0,Not Applicable,0.0
CUST-031407,0,Premium,58.0,5.0,Low,5.0,5.0,6.0,287.0,271-365 days,24096.19,27424.01,1613.18,17.0,Not Applicable,0.0
CUST-026616,1,Premium,40.0,1.0,High,17.0,17.0,1.0,75.0,61-90 days,52897.67,47325.88,1126.81,42.0,Better Price Elsewhere,18930.352
CUST-010953,0,Consumer,45.0,5.0,Medium,13.0,0.0,3.0,81.0,61-90 days,28388.13,25656.03,1973.54,13.0,Not Applicable,0.0
CUST-037717,0,Enterprise,14.0,1.0,Medium,0.0,3.0,9.0,15.0,0-30 days,10255.04,10924.44,3641.48,3.0,Not Applicable,0.0
CUST-040229,1,Enterprise,19.0,1.0,High,12.0,2.0,3.0,304.0,271-365 days,43164.83,49853.72,8308.95,6.0,Poor Product Quality,19941.488
CUST-045863,0,Small Business,1.0,3.0,Low,16.0,7.0,8.0,29.0,0-30 days,38494.3,40228.95,2011.45,20.0,Not Applicable,0.0
CUST-012865,1,Consumer,23.0,2.0,Low,0.0,1.0,4.0,39.0,31-60 days,4839.38,4600.09,139.4,33.0,Payment Problems,1840.036
CUST-040218,0,Consumer,40.0,5.0,High,10.0,0.0,4.0,4.0,0-30 days,15013.34,12853.79,2142.3,6.0,Not Applicable,0.0
CUST-043672,1,Premium,55.0,1.0,Medium,2.0,0.0,9.0,82.0,61-90 days,36596.41,34860.06,1056.37,33.0,Better Price Elsewhere,13944.024
CUST-014287,0,Enterprise,43.0,2.0,Medium,14.0,7.0,7.0,76.0,61-90 days,22264.87,23594.64,524.33,45.0,Not Applicable,0.0
CUST-017298,0,Consumer,25.0,2.0,Medium,13.0,14.0,1.0,85.0,61-90 days,15400.33,17437.5,3487.5,5.0,Not Applicable,0.0
CUST-047090,1,Small Business,47.0,3.0,High,11.0,12.0,1.0,65.0,61-90 days,22663.42,24241.63,757.55,32.0,Too Expensive,9696.652
CUST-002419,1,Small Business,21.0,2.0,Medium,5.0,2.0,3.0,361.0,271-365 days,9093.63,9153.25,762.77,12.0,Better Price Elsewhere,3661.3
CUST-008067,0,Consumer,59.0,5.0,Medium,9.0,0.0,4.0,31.0,31-60 days,39732.05,31061.24,2823.75,11.0,Not Applicable,0.0
CUST-001934,1,Consumer,49.0,3.0,High,17.0,17.0,8.0,69.0,61-90 days,57.18,61.75,5.15,12.0,Low Product Variety,24.70000000000001
CUST-030620,0,Consumer,15.0,4.0,Low,7.0,7.0,9.0,58.0,31-60 days,21144.47,23698.12,592.45,40.0,Not Applicable,0.0
CUST-033716,0,Enterprise,10.0,4.0,High,1.0,2.0,3.0,77.0,61-90 days,25723.55,31841.37,1592.07,20.0,Not Applicable,0.0
CUST-003325,0,Consumer,29.0,1.0,Medium,19.0,8.0,4.0,98.0,91-180 days,7860.98,6300.18,157.5,40.0,Not Applicable,0.0
CUST-001646,0,Consumer,34.0,2.0,Low,0.0,0.0,0.0,38.0,31-60 days,33280.95,30112.12,2150.87,14.0,Not Applicable,0.0
CUST-048303,1,Consumer,7.0,1.0,High,18.0,21.0,9.0,84.0,61-90 days,38204.58,41201.53,5885.93,7.0,Shipping Issues,16480.612
CUST-024234,1,Consumer,22.0,3.0,Medium,17.0,10.0,1.0,52.0,31-60 days,6646.11,6018.07,6018.07,1.0,Too Expensive,2407.228
CUST-045607,0,Consumer,19.0,2.0,High,19.0,22.0,5.0,3.0,0-30 days,43824.67,48858.95,1285.76,38.0,Not Applicable,0.0
CUST-021279,1,Small Business,28.0,1.0,Medium,7.0,1.0,8.0,42.0,31-60 days,280.57,349.1,11.64,30.0,Poor Product Quality,139.64
CUST-049698,0,Consumer,30.0,4.0,Medium,18.0,0.0,0.0,25.0,0-30 days,34829.67,37444.73,1012.02,37.0,Not Applicable,0.0
CUST-017528,1,Small Business,40.0,2.0,Low,9.0,13.0,9.0,48.0,31-60 days,17676.19,16125.9,393.31,41.0,Poor Product Quality,6450.360000000002
CUST-029545,1,Consumer,43.0,4.0,Low,4.0,7.0,3.0,49.0,31-60 days,6682.09,6938.44,533.73,13.0,Poor Customer Service,2775.376
CUST-019993,0,Small Business,47.0,5.0,High,8.0,6.0,3.0,41.0,31-60 days,31670.92,30246.23,756.16,40.0,Not Applicable,0.0
CUST-010209,0,Consumer,3.0,4.0,High,11.0,6.0,6.0,310.0,271-365 days,13852.62,12248.38,272.19,45.0,Not Applicable,0.0
CUST-019635,1,Premium,1.0,1.0,Low,0.0,4.0,6.0,72.0,61-90 days,21915.28,26536.74,541.57,49.0,Found Alternative,10614.696000000002
CUST-023737,0,Small Business,51.0,4.0,Medium,12.0,11.0,6.0,86.0,61-90 days,10961.96,10921.46,642.44,17.0,Not Applicable,0.0
CUST-004459,0,Consumer,17.0,4.0,Medium,9.0,11.0,6.0,86.0,61-90 days,41453.69,34593.57,1441.4,24.0,Not Applicable,0.0
CUST-037995,1,Consumer,26.0,3.0,Medium,15.0,16.0,0.0,67.0,61-90 days,30951.73,28272.35,724.93,39.0,Payment Problems,11308.94
CUST-030302,1,Consumer,39.0,1.0,High,17.0,0.0,0.0,351.0,271-365 days,17815.47,15408.47,416.45,37.0,Payment Problems,6163.388000000001
CUST-022601,0,Consumer,9.0,5.0,Medium,4.0,5.0,3.0,31.0,31-60 days,38742.98,34901.59,1586.44,22.0,Not Applicable,0.0
CUST-042168,0,Consumer,7.0,4.0,Medium,6.0,2.0,9.0,362.0,271-365 days,12902.5,12181.16,320.56,38.0,Not Applicable,0.0
CUST-036023,1,Premium,5.0,2.0,High,12.0,13.0,8.0,202.0,181-270 days,31715.02,28603.06,953.44,30.0,Too Expensive,11441.224000000002
CUST-012668,0,Consumer,33.0,5.0,Medium,16.0,13.0,5.0,27.0,0-30 days,15296.33,13328.74,784.04,17.0,Not Applicable,0.0
CUST-040772,0,Small Business,5.0,3.0,Low,5.0,9.0,8.0,5.0,0-30 days,8146.92,8154.67,291.24,28.0,Not Applicable,0.0
CUST-043777,0,Consumer,12.0,3.0,Low,0.0,3.0,2.0,59.0,31-60 days,21126.5,17873.73,851.13,21.0,Not Applicable,0.0
CUST-021468,0,Small Business,17.0,3.0,Low,8.0,0.0,1.0,2.0,0-30 days,15559.39,11985.9,1498.24,8.0,Not Applicable,0.0
CUST-013135,0,Consumer,36.0,3.0,High,15.0,16.0,6.0,5.0,0-30 days,52786.44,45524.47,1167.29,39.0,Not Applicable,0.0
CUST-030758,1,Premium,5.0,5.0,Low,0.0,4.0,1.0,30.0,0-30 days,17772.1,20974.45,1310.9,16.0,Better Price Elsewhere,8389.78
CUST-021501,1,Small Business,28.0,5.0,Low,17.0,14.0,8.0,316.0,271-365 days,13820.86,12179.48,869.96,14.0,Payment Problems,4871.792
CUST-048831,1,Small Business,36.0,4.0,High,19.0,0.0,1.0,49.0,31-60 days,21585.83,21682.44,504.24,43.0,Shipping Issues,8672.976
CUST-041434,1,Premium,26.0,4.0,Low,18.0,10.0,4.0,8.0,0-30 days,5287.58,4507.75,2253.88,2.0,Poor Customer Service,1803.1
CUST-038377,0,Consumer,54.0,3.0,Low,5.0,7.0,4.0,220.0,181-270 days,33083.51,27424.1,4570.68,6.0,Not Applicable,0.0
CUST-000348,1,Consumer,17.0,3.0,High,19.0,9.0,2.0,28.0,0-30 days,35813.25,41504.01,943.27,44.0,Found Alternative,16601.604000000007
CUST-036468,0,Small Business,17.0,5.0,High,4.0,3.0,8.0,36.0,31-60 days,38822.57,38116.95,1191.15,32.0,Not Applicable,0.0
CUST-021178,1,Enterprise,43.0,1.0,Low,15.0,7.0,6.0,57.0,31-60 days,35702.17,27998.16,622.18,45.0,Account Issues,11199.264
CUST-003178,0,Consumer,11.0,1.0,Low,2.0,2.0,9.0,257.0,181-270 days,32785.48,30823.4,906.57,34.0,Not Applicable,0.0
CUST-049236,0,Enterprise,12.0,3.0,High,1.0,5.0,9.0,98.0,91-180 days,30781.54,35444.01,1042.47,34.0,Not Applicable,0.0
CUST-037375,0,Enterprise,46.0,1.0,High,2.0,3.0,8.0,114.0,91-180 days,8778.77,8393.56,279.79,30.0,Not Applicable,0.0
CUST-002727,0,Enterprise,13.0,1.0,Medium,5.0,5.0,4.0,61.0,61-90 days,28718.57,22804.83,570.12,40.0,Not Applicable,0.0
CUST-003635,1,Small Business,40.0,4.0,Low,17.0,21.0,2.0,53.0,31-60 days,12366.01,11848.03,320.22,37.0,Technical Issues,4739.212
CUST-026153,0,Consumer,24.0,5.0,Medium,5.0,7.0,7.0,14.0,0-30 days,26396.23,23258.1,802.0,29.0,Not Applicable,0.0
CUST-014139,0,Premium,14.0,2.0,Medium,6.0,3.0,7.0,258.0,181-270 days,33957.86,27005.89,843.93,32.0,Not Applicable,0.0
CUST-027699,0,Consumer,38.0,2.0,Medium,7.0,5.0,2.0,51.0,31-60 days,53326.56,47471.51,2792.44,17.0,Not Applicable,0.0
CUST-001228,0,Consumer,50.0,5.0,Medium,9.0,9.0,1.0,184.0,181-270 days,440.74,491.64,54.63,9.0,Not Applicable,0.0
CUST-042890,1,Consumer,44.0,5.0,High,15.0,16.0,6.0,33.0,31-60 days,39905.86,39490.73,2820.77,14.0,Account Issues,15796.292
CUST-048805,0,Consumer,29.0,4.0,High,4.0,1.0,8.0,18.0,0-30 days,51521.22,44120.41,959.14,46.0,Not Applicable,0.0
CUST-033161,1,Premium,29.0,2.0,High,14.0,4.0,9.0,224.0,181-270 days,14782.29,13227.91,472.43,28.0,Payment Problems,5291.164000000002
CUST-024693,0,Consumer,50.0,5.0,Medium,1.0,5.0,0.0,41.0,31-60 days,35577.33,31862.65,3982.83,8.0,Not Applicable,0.0
CUST-041111,0,Premium,19.0,1.0,High,6.0,7.0,5.0,60.0,31-60 days,34862.45,31849.08,1990.57,16.0,Not Applicable,0.0
CUST-041442,0,Consumer,8.0,3.0,High,17.0,10.0,8.0,3.0,0-30 days,50926.64,40965.36,1517.24,27.0,Not Applicable,0.0
CUST-035952,1,Small Business,15.0,1.0,Low,15.0,17.0,2.0,195.0,181-270 days,30059.5,33893.12,788.21,43.0,Too Expensive,13557.248
CUST-038921,0,Enterprise,12.0,1.0,High,10.0,14.0,1.0,17.0,0-30 days,18217.68,17496.04,1093.5,16.0,Not Applicable,0.0
CUST-029766,1,Consumer,20.0,2.0,Medium,11.0,9.0,9.0,19.0,0-30 days,51168.87,40327.8,1613.11,25.0,Shipping Issues,16131.120000000004
CUST-019250,1,Consumer,58.0,4.0,Medium,9.0,7.0,6.0,38.0,31-60 days,33332.97,33984.24,1788.64,19.0,Poor Customer Service,13593.696000000002
CUST-038946,0,Consumer,51.0,5.0,Low,10.0,10.0,3.0,82.0,61-90 days,36391.04,36495.34,848.73,43.0,Not Applicable,0.0
CUST-026260,0,Small Business,36.0,1.0,Medium,8.0,3.0,1.0,46.0,31-60 days,55522.94,49189.41,2588.92,19.0,Not Applicable,0.0
CUST-022494,0,Premium,1.0,5.0,Medium,10.0,8.0,0.0,82.0,61-90 days,29682.51,33635.04,715.64,47.0,Not Applicable,0.0
CUST-038789,0,Consumer,9.0,5.0,Low,0.0,1.0,4.0,63.0,61-90 days,25725.33,21229.24,505.46,42.0,Not Applicable,0.0
CUST-000183,0,Small Business,23.0,5.0,Medium,12.0,4.0,1.0,24.0,0-30 days,47699.07,38287.93,1418.07,27.0,Not Applicable,0.0
CUST-024395,1,Consumer,1.0,5.0,Low,4.0,5.0,4.0,119.0,91-180 days,20036.6,23486.15,903.31,26.0,Poor Product Quality,9394.46
CUST-018465,0,Consumer,34.0,4.0,Medium,12.0,16.0,5.0,13.0,0-30 days,39917.17,32531.64,1251.22,26.0,Not Applicable,0.0
CUST-021556,1,Premium,9.0,5.0,Medium,17.0,3.0,4.0,98.0,91-180 days,52951.08,41394.89,2956.78,14.0,Too Expensive,16557.956000000002
CUST-011239,0,Small Business,53.0,1.0,Medium,7.0,11.0,8.0,1.0,0-30 days,53195.13,44617.72,1312.29,34.0,Not Applicable,0.0
CUST-048060,1,Small Business,59.0,5.0,Low,13.0,13.0,7.0,21.0,0-30 days,27694.72,28217.98,1282.64,22.0,Technical Issues,11287.192
CUST-046641,0,Small Business,19.0,1.0,Medium,9.0,1.0,6.0,66.0,61-90 days,37689.98,31481.36,1049.38,30.0,Not Applicable,0.0
CUST-046320,0,Consumer,14.0,5.0,Medium,3.0,4.0,8.0,42.0,31-60 days,2907.47,2560.74,256.07,10.0,Not Applicable,0.0
CUST-000888,1,Consumer,47.0,1.0,High,0.0,1.0,8.0,21.0,0-30 days,20350.36,22868.27,1039.47,22.0,Too Expensive,9147.308
CUST-017949,0,Premium,35.0,5.0,Medium,11.0,1.0,4.0,2.0,0-30 days,34972.89,29195.3,789.06,37.0,Not Applicable,0.0
CUST-005194,0,Enterprise,57.0,3.0,Low,4.0,3.0,7.0,58.0,31-60 days,30468.89,34907.98,918.63,38.0,Not Applicable,0.0
CUST-038540,1,Small Business,32.0,1.0,Low,7.0,10.0,2.0,52.0,31-60 days,17110.79,20250.07,1012.5,20.0,Poor Customer Service,8100.028
CUST-044578,0,Small Business,50.0,3.0,Medium,0.0,4.0,2.0,78.0,61-90 days,8214.46,10165.13,508.26,20.0,Not Applicable,0.0
CUST-049624,0,Consumer,53.0,4.0,Medium,13.0,2.0,7.0,132.0,91-180 days,35751.86,31479.28,7869.82,4.0,Not Applicable,0.0
CUST-049041,0,Small Business,26.0,3.0,High,5.0,0.0,9.0,85.0,61-90 days,62966.03,49486.12,24743.06,2.0,Not Applicable,0.0
CUST-036607,1,Premium,12.0,1.0,Low,7.0,5.0,1.0,63.0,61-90 days,29694.02,35979.88,817.72,44.0,Payment Problems,14391.952
CUST-036882,0,Premium,44.0,5.0,Medium,2.0,6.0,0.0,53.0,31-60 days,46160.09,40544.02,10136.0,4.0,Not Applicable,0.0
CUST-017675,0,Consumer,3.0,4.0,Medium,15.0,4.0,3.0,57.0,31-60 days,471.38,542.75,13.24,41.0,Not Applicable,0.0
CUST-033158,0,Consumer,12.0,5.0,Low,16.0,2.0,1.0,62.0,61-90 days,57267.36,45278.36,1811.13,25.0,Not Applicable,0.0
CUST-019155,0,Consumer,3.0,4.0,Medium,8.0,5.0,6.0,57.0,31-60 days,3197.6,2534.88,281.65,9.0,Not Applicable,0.0
CUST-032977,0,Consumer,38.0,3.0,Low,10.0,14.0,5.0,256.0,181-270 days,38580.06,34325.02,980.71,35.0,Not Applicable,0.0
CUST-011505,0,Consumer,24.0,2.0,High,4.0,2.0,1.0,27.0,0-30 days,25424.57,30847.02,856.86,36.0,Not Applicable,0.0
CUST-028177,0,Consumer,30.0,3.0,Medium,7.0,1.0,3.0,60.0,31-60 days,7966.14,6762.44,250.46,27.0,Not Applicable,0.0
CUST-020526,1,Consumer,41.0,2.0,High,14.0,14.0,7.0,29.0,0-30 days,12864.61,10164.59,260.63,39.0,Payment Problems,4065.836
CUST-024530,0,Premium,41.0,4.0,Low,11.0,8.0,2.0,86.0,61-90 days,15944.56,17264.61,1150.97,15.0,Not Applicable,0.0
CUST-018305,0,Consumer,18.0,4.0,Medium,2.0,5.0,1.0,80.0,61-90 days,10648.06,9443.78,1049.31,9.0,Not Applicable,0.0
CUST-007323,1,Premium,44.0,1.0,Medium,1.0,2.0,6.0,354.0,271-365 days,25737.33,26088.36,1630.52,16.0,Poor Customer Service,10435.344000000001
CUST-028806,0,Small Business,6.0,1.0,High,14.0,10.0,0.0,65.0,61-90 days,2501.62,1962.69,130.85,15.0,Not Applicable,0.0
CUST-034646,1,Small Business,37.0,2.0,High,16.0,17.0,8.0,232.0,181-270 days,31944.14,33664.0,1346.56,25.0,Low Product Variety,13465.6
CUST-027673,0,Consumer,36.0,4.0,Medium,7.0,10.0,6.0,335.0,271-365 days,15950.59,12357.27,457.68,27.0,Not Applicable,0.0
CUST-015225,0,Premium,38.0,4.0,High,1.0,0.0,4.0,30.0,0-30 days,31700.6,31328.78,1958.05,16.0,Not Applicable,0.0
CUST-049840,0,Consumer,28.0,3.0,Medium,0.0,1.0,1.0,75.0,61-90 days,23616.59,19983.32,832.64,24.0,Not Applicable,0.0
CUST-035974,0,Premium,59.0,3.0,High,15.0,7.0,2.0,37.0,31-60 days,11101.59,12429.2,289.05,43.0,Not Applicable,0.0
CUST-008107,0,Consumer,54.0,2.0,High,13.0,1.0,2.0,17.0,0-30 days,3118.91,2434.94,405.82,6.0,Not Applicable,0.0
CUST-008416,1,Premium,21.0,4.0,Low,2.0,5.0,0.0,31.0,31-60 days,36959.73,28907.52,1806.72,16.0,Too Expensive,11563.008000000002
CUST-016179,0,Small Business,47.0,5.0,High,18.0,17.0,3.0,54.0,31-60 days,39296.23,45099.47,2818.72,16.0,Not Applicable,0.0
CUST-020030,1,Small Business,25.0,1.0,Low,19.0,23.0,3.0,61.0,61-90 days,59017.23,47122.55,1273.58,37.0,Poor Customer Service,18849.02
CUST-046121,0,Premium,40.0,2.0,High,0.0,4.0,8.0,25.0,0-30 days,32393.96,28200.31,705.01,40.0,Not Applicable,0.0
CUST-024759,0,Consumer,53.0,5.0,High,8.0,4.0,0.0,49.0,31-60 days,9979.96,10456.08,243.16,43.0,Not Applicable,0.0
CUST-023437,0,Small Business,34.0,3.0,Medium,10.0,5.0,9.0,54.0,31-60 days,9638.1,9358.03,199.11,47.0,Not Applicable,0.0
CUST-023527,0,Premium,8.0,3.0,Medium,11.0,9.0,9.0,33.0,31-60 days,13464.18,14658.89,472.87,31.0,Not Applicable,0.0
CUST-010580,0,Consumer,36.0,3.0,Medium,0.0,4.0,6.0,14.0,0-30 days,45025.56,47975.76,1262.52,38.0,Not Applicable,0.0
CUST-004440,0,Consumer,19.0,1.0,High,1.0,3.0,0.0,48.0,31-60 days,36966.39,38104.99,9526.25,4.0,Not Applicable,0.0
CUST-023625,0,Small Business,17.0,4.0,Low,8.0,10.0,3.0,74.0,61-90 days,34197.0,36343.59,931.89,39.0,Not Applicable,0.0
CUST-033556,0,Small Business,58.0,5.0,High,11.0,5.0,1.0,30.0,0-30 days,53467.45,45678.32,1062.29,43.0,Not Applicable,0.0
CUST-005201,0,Premium,46.0,5.0,Medium,3.0,7.0,4.0,47.0,31-60 days,10704.58,9698.42,248.68,39.0,Not Applicable,0.0
CUST-045717,0,Small Business,59.0,1.0,Medium,17.0,9.0,0.0,355.0,271-365 days,36937.25,30877.5,857.71,36.0,Not Applicable,0.0
CUST-047705,0,Enterprise,30.0,3.0,Medium,3.0,7.0,1.0,75.0,61-90 days,24618.42,30077.55,1670.97,18.0,Not Applicable,0.0
CUST-009128,1,Consumer,35.0,2.0,Low,1.0,5.0,7.0,10.0,0-30 days,21012.63,22887.78,618.59,37.0,Poor Product Quality,9155.112
CUST-025239,0,Small Business,33.0,2.0,Low,7.0,10.0,1.0,178.0,91-180 days,9490.83,8176.84,430.36,19.0,Not Applicable,0.0
CUST-034671,0,Enterprise,43.0,3.0,Medium,0.0,3.0,2.0,81.0,61-90 days,4702.94,5033.28,209.72,24.0,Not Applicable,0.0
CUST-035677,1,Consumer,35.0,1.0,Medium,3.0,3.0,4.0,70.0,61-90 days,48654.61,40891.59,3407.63,12.0,Account Issues,16356.636
CUST-037196,0,Consumer,59.0,5.0,High,1.0,2.0,4.0,51.0,31-60 days,29353.45,24412.0,659.78,37.0,Not Applicable,0.0
CUST-031330,0,Small Business,18.0,5.0,Medium,1.0,1.0,1.0,137.0,91-180 days,21890.11,18063.36,6021.12,3.0,Not Applicable,0.0
CUST-046950,0,Premium,52.0,1.0,High,12.0,11.0,3.0,38.0,31-60 days,30283.64,31412.43,730.52,43.0,Not Applicable,0.0
CUST-035137,1,Small Business,11.0,1.0,Medium,15.0,14.0,9.0,45.0,31-60 days,16917.17,20088.72,1004.44,20.0,Better Price Elsewhere,8035.488000000001
CUST-006044,0,Consumer,21.0,3.0,High,3.0,3.0,3.0,70.0,61-90 days,33696.64,26921.73,1682.61,16.0,Not Applicable,0.0
CUST-001667,1,Premium,41.0,2.0,Low,2.0,4.0,9.0,36.0,31-60 days,39888.01,46619.22,46619.22,1.0,Better Price Elsewhere,18647.688000000002
CUST-013960,0,Consumer,31.0,5.0,Low,9.0,0.0,1.0,152.0,91-180 days,34675.01,39317.01,1268.29,31.0,Not Applicable,0.0
CUST-001086,0,Premium,56.0,3.0,High,4.0,3.0,3.0,335.0,271-365 days,10684.58,8689.43,197.49,44.0,Not Applicable,0.0
CUST-048718,1,Enterprise,25.0,3.0,Low,16.0,1.0,6.0,295.0,271-365 days,40418.83,32096.98,1283.88,25.0,Account Issues,12838.792
CUST-017279,0,Premium,31.0,3.0,High,4.0,8.0,6.0,80.0,61-90 days,50833.94,48495.96,1154.67,42.0,Not Applicable,0.0
CUST-043825,0,Consumer,21.0,2.0,High,6.0,0.0,6.0,58.0,31-60 days,21254.99,21579.66,1027.6,21.0,Not Applicable,0.0
CUST-025568,0,Consumer,57.0,2.0,Medium,9.0,6.0,6.0,47.0,31-60 days,24669.69,19638.29,516.8,38.0,Not Applicable,0.0
CUST-007619,0,Consumer,29.0,5.0,High,10.0,6.0,6.0,87.0,61-90 days,34017.25,28073.33,758.74,37.0,Not Applicable,0.0
CUST-042067,0,Small Business,52.0,4.0,Medium,0.0,4.0,9.0,353.0,271-365 days,52634.57,43641.3,43641.3,1.0,Not Applicable,0.0
CUST-022618,0,Small Business,40.0,4.0,Low,12.0,10.0,4.0,200.0,181-270 days,41714.28,36219.05,953.13,38.0,Not Applicable,0.0
CUST-048252,1,Small Business,58.0,2.0,Low,12.0,14.0,9.0,79.0,61-90 days,33661.54,34638.42,1506.02,23.0,Found Alternative,13855.368
CUST-007888,0,Enterprise,57.0,5.0,Medium,7.0,4.0,4.0,11.0,0-30 days,42469.83,43819.71,2190.99,20.0,Not Applicable,0.0
CUST-029366,0,Premium,44.0,5.0,Medium,13.0,12.0,6.0,84.0,61-90 days,18490.33,15824.44,7912.22,2.0,Not Applicable,0.0
CUST-006622,0,Consumer,12.0,4.0,High,10.0,7.0,3.0,14.0,0-30 days,19340.12,19689.76,6563.25,3.0,Not Applicable,0.0
CUST-022693,0,Small Business,21.0,2.0,High,16.0,17.0,3.0,10.0,0-30 days,7651.61,6053.19,216.19,28.0,Not Applicable,0.0
CUST-008700,0,Consumer,52.0,1.0,Medium,10.0,6.0,1.0,30.0,0-30 days,17180.01,18162.84,518.94,35.0,Not Applicable,0.0
CUST-000032,1,Small Business,28.0,2.0,Low,19.0,22.0,5.0,38.0,31-60 days,37796.83,29896.61,1993.11,15.0,Better Price Elsewhere,11958.643999999998
CUST-021709,0,Consumer,55.0,4.0,Medium,14.0,1.0,1.0,60.0,31-60 days,22083.25,19432.88,441.66,44.0,Not Applicable,0.0
CUST-029980,1,Premium,31.0,2.0,Medium,19.0,3.0,1.0,235.0,181-270 days,25777.63,22460.49,748.68,30.0,Technical Issues,8984.196000000002
CUST-030587,0,Enterprise,45.0,3.0,Medium,18.0,15.0,5.0,130.0,91-180 days,35856.68,28760.69,586.95,49.0,Not Applicable,0.0
CUST-040662,0,Consumer,49.0,4.0,High,11.0,8.0,0.0,121.0,91-180 days,30623.36,24437.07,1357.62,18.0,Not Applicable,0.0
CUST-029719,1,Premium,46.0,1.0,High,16.0,10.0,2.0,138.0,91-180 days,22428.19,27652.23,1024.16,27.0,Too Expensive,11060.892
CUST-022852,1,Consumer,53.0,1.0,High,7.0,3.0,8.0,16.0,0-30 days,36705.47,34297.11,857.43,40.0,Poor Customer Service,13718.844
CUST-019672,0,Consumer,41.0,4.0,High,18.0,4.0,7.0,13.0,0-30 days,26427.14,31676.09,15838.05,2.0,Not Applicable,0.0
CUST-012634,1,Consumer,17.0,2.0,High,17.0,21.0,8.0,23.0,0-30 days,39980.8,32104.2,2293.16,14.0,No Longer Need Service,12841.68
CUST-015570,0,Premium,45.0,2.0,Medium,6.0,7.0,4.0,268.0,181-270 days,29461.74,28947.43,2067.67,14.0,Not Applicable,0.0
CUST-018408,0,Small Business,41.0,4.0,Medium,1.0,0.0,6.0,7.0,0-30 days,40860.68,34206.79,1221.67,28.0,Not Applicable,0.0
CUST-007812,1,Consumer,29.0,4.0,Low,3.0,2.0,2.0,80.0,61-90 days,34557.2,28214.18,2821.42,10.0,Account Issues,11285.672
CUST-035702,0,Enterprise,55.0,2.0,High,3.0,3.0,0.0,301.0,271-365 days,10865.79,10548.72,257.29,41.0,Not Applicable,0.0
CUST-024285,0,Consumer,28.0,5.0,Medium,18.0,17.0,4.0,19.0,0-30 days,44781.23,39684.29,3607.66,11.0,Not Applicable,0.0
CUST-033228,0,Consumer,15.0,2.0,High,4.0,8.0,5.0,112.0,91-180 days,21902.13,25586.93,752.56,34.0,Not Applicable,0.0
CUST-004780,0,Consumer,28.0,5.0,Low,5.0,6.0,4.0,91.0,91-180 days,11310.49,9431.86,9431.86,1.0,Not Applicable,0.0
CUST-048686,1,Premium,57.0,2.0,Medium,7.0,5.0,6.0,78.0,61-90 days,3134.64,3599.64,719.93,5.0,Too Expensive,1439.856
CUST-020808,1,Consumer,48.0,3.0,Low,18.0,4.0,1.0,316.0,271-365 days,19509.22,17054.38,5684.79,3.0,Better Price Elsewhere,6821.752
CUST-034366,0,Premium,56.0,5.0,Low,6.0,8.0,0.0,61.0,61-90 days,24361.23,25141.49,679.5,37.0,Not Applicable,0.0
CUST-011911,1,Small Business,31.0,5.0,Low,9.0,5.0,5.0,120.0,91-180 days,43088.02,34424.84,800.58,43.0,Shipping Issues,13769.936000000003
CUST-013199,1,Consumer,8.0,2.0,Low,0.0,0.0,7.0,88.0,61-90 days,60200.35,49081.2,49081.2,1.0,Technical Issues,19632.48
CUST-032877,0,Consumer,23.0,1.0,Medium,7.0,6.0,0.0,166.0,91-180 days,12300.3,11820.68,695.33,17.0,Not Applicable,0.0
CUST-021700,0,Consumer,27.0,4.0,Medium,9.0,2.0,4.0,49.0,31-60 days,18259.26,18348.68,1411.44,13.0,Not Applicable,0.0
CUST-009855,1,Small Business,49.0,4.0,Low,15.0,1.0,0.0,65.0,61-90 days,48992.23,38818.7,808.72,48.0,Found Alternative,15527.48
CUST-045518,0,Consumer,30.0,4.0,Low,9.0,4.0,6.0,123.0,91-180 days,51320.21,42834.55,1298.02,33.0,Not Applicable,0.0
CUST-013426,0,Small Business,57.0,4.0,High,14.0,12.0,7.0,253.0,181-270 days,29284.59,27050.25,795.6,34.0,Not Applicable,0.0
CUST-035678,0,Consumer,6.0,2.0,Medium,6.0,8.0,5.0,82.0,61-90 days,20089.82,16942.22,403.39,42.0,Not Applicable,0.0
CUST-021346,0,Consumer,52.0,3.0,Medium,19.0,12.0,2.0,59.0,31-60 days,7774.32,8709.15,1244.16,7.0,Not Applicable,0.0
CUST-002502,0,Consumer,42.0,1.0,High,9.0,8.0,2.0,318.0,271-365 days,41980.48,35208.74,8802.18,4.0,Not Applicable,0.0
CUST-019644,1,Small Business,13.0,1.0,Medium,12.0,11.0,9.0,53.0,31-60 days,14786.9,15107.5,15107.5,1.0,Too Expensive,6043.0
CUST-039857,1,Small Business,25.0,3.0,Low,18.0,1.0,9.0,273.0,271-365 days,12657.7,14900.76,451.54,33.0,Poor Customer Service,5960.304
CUST-038655,1,Premium,47.0,5.0,High,15.0,15.0,0.0,205.0,181-270 days,11805.74,13598.72,1699.84,8.0,Low Product Variety,5439.488
CUST-032115,1,Consumer,24.0,5.0,Low,17.0,4.0,7.0,217.0,181-270 days,28965.23,33293.98,1148.07,29.0,Too Expensive,13317.592000000002
CUST-041287,0,Consumer,5.0,4.0,Medium,7.0,10.0,3.0,111.0,91-180 days,15506.78,12963.52,1620.44,8.0,Not Applicable,0.0
CUST-033426,1,Consumer,14.0,1.0,High,6.0,10.0,3.0,22.0,0-30 days,56618.25,46223.63,3081.58,15.0,Poor Customer Service,18489.452
CUST-025027,0,Premium,50.0,5.0,High,18.0,3.0,0.0,215.0,181-270 days,10948.92,8639.62,1727.92,5.0,Not Applicable,0.0
CUST-037318,1,Enterprise,2.0,3.0,Low,7.0,1.0,1.0,41.0,31-60 days,1518.52,1378.78,36.28,38.0,Better Price Elsewhere,551.5120000000002
CUST-034872,0,Enterprise,18.0,1.0,Low,6.0,2.0,4.0,55.0,31-60 days,58309.03,46209.54,2310.48,20.0,Not Applicable,0.0
CUST-012018,0,Consumer,37.0,4.0,Medium,10.0,3.0,2.0,69.0,61-90 days,47283.37,41012.56,911.39,45.0,Not Applicable,0.0
CUST-041203,1,Premium,31.0,3.0,Medium,17.0,11.0,3.0,84.0,61-90 days,40451.73,41624.01,1600.92,26.0,Poor Customer Service,16649.604000000007
CUST-005547,0,Consumer,23.0,5.0,High,19.0,2.0,1.0,53.0,31-60 days,30113.5,26782.98,1030.11,26.0,Not Applicable,0.0
CUST-008404,1,Consumer,58.0,2.0,High,2.0,0.0,6.0,16.0,0-30 days,53141.97,41341.61,1117.34,37.0,Account Issues,16536.644
CUST-030409,1,Small Business,51.0,2.0,Low,1.0,1.0,4.0,5.0,0-30 days,29313.61,29663.54,631.14,47.0,Found Alternative,11865.416000000001
CUST-039925,1,Small Business,34.0,3.0,Medium,14.0,14.0,1.0,168.0,91-180 days,11322.67,10415.43,578.63,18.0,Found Alternative,4166.172000000001
CUST-048195,0,Enterprise,56.0,3.0,High,14.0,11.0,1.0,71.0,61-90 days,40789.51,45213.63,2511.87,18.0,Not Applicable,0.0
CUST-045527,0,Consumer,59.0,3.0,Medium,1.0,3.0,3.0,55.0,31-60 days,32573.66,26922.34,572.82,47.0,Not Applicable,0.0
CUST-007252,0,Premium,50.0,2.0,Medium,0.0,1.0,6.0,78.0,61-90 days,28413.06,22478.01,510.86,44.0,Not Applicable,0.0
CUST-013166,0,Premium,24.0,1.0,High,2.0,1.0,4.0,52.0,31-60 days,48308.14,39347.2,4371.91,9.0,Not Applicable,0.0
CUST-045539,1,Enterprise,57.0,1.0,Medium,16.0,16.0,3.0,41.0,31-60 days,32031.25,33785.02,5630.84,6.0,Technical Issues,13514.008
CUST-037898,0,Premium,45.0,4.0,Low,1.0,2.0,6.0,206.0,181-270 days,45787.59,36882.41,7376.48,5.0,Not Applicable,0.0
CUST-016287,1,Consumer,46.0,1.0,High,10.0,6.0,5.0,32.0,31-60 days,36696.57,33260.49,898.93,37.0,Too Expensive,13304.196000000002
CUST-030823,1,Small Business,26.0,2.0,Low,7.0,11.0,6.0,2.0,0-30 days,31683.26,39201.32,1568.05,25.0,Too Expensive,15680.528
CUST-021660,1,Small Business,56.0,2.0,Low,10.0,6.0,5.0,22.0,0-30 days,30834.82,33493.66,3044.88,11.0,Poor Product Quality,13397.464000000002
CUST-009802,0,Consumer,38.0,3.0,High,11.0,9.0,8.0,127.0,91-180 days,38051.18,29440.08,795.68,37.0,Not Applicable,0.0
CUST-041233,1,Small Business,34.0,2.0,Low,16.0,16.0,1.0,252.0,181-270 days,20425.28,22507.24,2046.11,11.0,Poor Customer Service,9002.896
CUST-024412,0,Small Business,29.0,4.0,Medium,7.0,3.0,3.0,38.0,31-60 days,15658.07,16298.12,1481.65,11.0,Not Applicable,0.0
CUST-049823,0,Consumer,54.0,5.0,High,8.0,1.0,1.0,48.0,31-60 days,49586.06,42874.37,3062.46,14.0,Not Applicable,0.0
CUST-018916,0,Small Business,25.0,4.0,High,8.0,8.0,5.0,2.0,0-30 days,32221.22,30157.54,1077.06,28.0,Not Applicable,0.0
CUST-041126,0,Consumer,51.0,2.0,High,12.0,6.0,1.0,165.0,91-180 days,56342.14,46716.64,9343.33,5.0,Not Applicable,0.0
CUST-029488,1,Consumer,31.0,1.0,High,13.0,1.0,4.0,19.0,0-30 days,34582.21,30546.26,710.38,43.0,Better Price Elsewhere,12218.504
CUST-012808,0,Premium,37.0,5.0,High,17.0,15.0,0.0,48.0,31-60 days,14271.24,12088.81,1208.88,10.0,Not Applicable,0.0
CUST-045197,1,Consumer,12.0,2.0,Low,11.0,6.0,5.0,31.0,31-60 days,9943.4,11787.33,736.71,16.0,Better Price Elsewhere,4714.932
CUST-049011,0,Premium,54.0,4.0,High,7.0,6.0,9.0,284.0,271-365 days,24811.1,23719.64,1129.51,21.0,Not Applicable,0.0
CUST-037214,1,Enterprise,24.0,2.0,Low,17.0,20.0,8.0,80.0,61-90 days,46913.1,37336.44,1965.08,19.0,Unhappy with Return Policy,14934.576000000001
CUST-040360,1,Premium,4.0,1.0,Low,13.0,14.0,9.0,70.0,61-90 days,45001.87,43140.09,21570.04,2.0,Better Price Elsewhere,17256.036
CUST-044198,1,Consumer,20.0,3.0,High,2.0,1.0,9.0,107.0,91-180 days,31019.92,37564.37,2086.91,18.0,Found Alternative,15025.748
CUST-003887,1,Enterprise,35.0,2.0,High,4.0,2.0,3.0,354.0,271-365 days,22897.95,21824.16,992.01,22.0,Better Price Elsewhere,8729.664
CUST-007073,1,Premium,46.0,2.0,Medium,11.0,15.0,7.0,75.0,61-90 days,57193.92,47938.43,1843.79,26.0,Poor Product Quality,19175.372
CUST-000428,0,Consumer,44.0,3.0,Medium,18.0,4.0,5.0,72.0,61-90 days,41163.72,40040.77,1213.36,33.0,Not Applicable,0.0
CUST-001455,0,Enterprise,18.0,4.0,High,5.0,8.0,3.0,79.0,61-90 days,25564.25,20848.44,508.5,41.0,Not Applicable,0.0
CUST-037667,0,Enterprise,31.0,1.0,Medium,12.0,15.0,8.0,72.0,61-90 days,18092.22,14156.81,382.62,37.0,Not Applicable,0.0
CUST-018486,0,Consumer,54.0,4.0,Medium,17.0,19.0,6.0,3.0,0-30 days,13071.87,12308.61,293.06,42.0,Not Applicable,0.0
CUST-009465,0,Consumer,31.0,5.0,High,10.0,2.0,0.0,20.0,0-30 days,3705.23,3218.25,68.47,47.0,Not Applicable,0.0
CUST-041052,1,Premium,32.0,5.0,Low,18.0,6.0,6.0,104.0,91-180 days,2383.75,2639.85,60.0,44.0,Better Price Elsewhere,1055.94
CUST-034573,0,Small Business,3.0,3.0,High,4.0,3.0,9.0,57.0,31-60 days,46467.73,46876.54,1802.94,26.0,Not Applicable,0.0
CUST-039290,0,Small Business,28.0,5.0,Low,10.0,6.0,2.0,55.0,31-60 days,23158.01,26934.25,961.94,28.0,Not Applicable,0.0
CUST-035642,0,Consumer,15.0,1.0,Medium,2.0,4.0,3.0,29.0,0-30 days,52207.2,49976.38,1063.33,47.0,Not Applicable,0.0
CUST-024068,1,Enterprise,58.0,4.0,Low,7.0,8.0,4.0,42.0,31-60 days,50563.7,38940.0,828.51,47.0,Shipping Issues,15576.0
CUST-017026,0,Consumer,28.0,4.0,High,5.0,7.0,2.0,37.0,31-60 days,34738.64,33909.88,753.55,45.0,Not Applicable,0.0
CUST-022877,0,Premium,30.0,4.0,High,4.0,7.0,7.0,220.0,181-270 days,35443.38,36732.31,1597.06,23.0,Not Applicable,0.0
CUST-046979,0,Consumer,28.0,3.0,Medium,5.0,5.0,3.0,36.0,31-60 days,32543.93,25173.6,513.75,49.0,Not Applicable,0.0
CUST-049423,1,Enterprise,48.0,1.0,Medium,15.0,11.0,0.0,89.0,61-90 days,46191.12,35924.48,1561.93,23.0,Poor Product Quality,14369.792
CUST-046418,0,Consumer,46.0,2.0,High,2.0,3.0,6.0,29.0,0-30 days,36686.5,44189.47,0.0,0.0,Not Applicable,0.0
CUST-032639,1,Premium,14.0,1.0,High,15.0,4.0,8.0,229.0,181-270 days,39943.5,36341.23,1453.65,25.0,Too Expensive,14536.492000000002
CUST-010232,0,Small Business,47.0,4.0,Low,12.0,7.0,7.0,311.0,271-365 days,52999.09,47879.75,3419.98,14.0,Not Applicable,0.0
CUST-037873,1,Consumer,6.0,3.0,High,11.0,0.0,3.0,156.0,91-180 days,11297.6,9194.14,208.96,44.0,Payment Problems,3677.656
CUST-008549,1,Premium,31.0,1.0,Low,18.0,11.0,6.0,349.0,271-365 days,21603.48,24618.03,984.72,25.0,Found Alternative,9847.212
CUST-015487,1,Consumer,26.0,4.0,High,16.0,18.0,1.0,63.0,61-90 days,30153.77,24043.0,3005.38,8.0,Shipping Issues,9617.2
CUST-041849,0,Small Business,2.0,4.0,High,15.0,14.0,1.0,24.0,0-30 days,11123.61,13106.93,936.21,14.0,Not Applicable,0.0
CUST-032490,0,Consumer,20.0,5.0,Medium,11.0,3.0,0.0,89.0,61-90 days,4209.41,5054.33,168.48,30.0,Not Applicable,0.0
CUST-013038,0,Consumer,5.0,1.0,Medium,0.0,3.0,2.0,34.0,31-60 days,9437.74,9612.66,801.05,12.0,Not Applicable,0.0
CUST-043471,1,Consumer,20.0,2.0,Medium,6.0,4.0,5.0,132.0,91-180 days,44396.89,36662.4,2156.61,17.0,Shipping Issues,14664.96
CUST-005044,0,Premium,41.0,3.0,Medium,0.0,2.0,6.0,25.0,0-30 days,2339.59,2667.53,115.98,23.0,Not Applicable,0.0
CUST-041728,1,Premium,20.0,2.0,Low,16.0,16.0,1.0,90.0,61-90 days,22414.96,18870.32,18870.32,1.0,Found Alternative,7548.128000000002
CUST-046674,1,Consumer,12.0,5.0,High,5.0,8.0,9.0,47.0,31-60 days,36183.27,44243.68,1053.42,42.0,Poor Product Quality,17697.471999999998
CUST-011952,0,Consumer,26.0,1.0,Medium,19.0,11.0,9.0,19.0,0-30 days,51472.28,41118.6,979.01,42.0,Not Applicable,0.0
CUST-004147,0,Consumer,46.0,4.0,Medium,15.0,13.0,5.0,64.0,61-90 days,38812.07,33464.5,2788.71,12.0,Not Applicable,0.0
CUST-004275,0,Consumer,58.0,4.0,Medium,11.0,6.0,0.0,49.0,31-60 days,56539.32,46560.19,11640.05,4.0,Not Applicable,0.0
CUST-007500,0,Enterprise,59.0,5.0,Medium,8.0,9.0,5.0,282.0,271-365 days,43611.03,48162.18,1204.05,40.0,Not Applicable,0.0
CUST-014899,1,Consumer,35.0,1.0,Medium,2.0,0.0,0.0,113.0,91-180 days,40156.19,31682.69,833.75,38.0,Account Issues,12673.076000000001
CUST-040568,1,Consumer,51.0,2.0,Low,0.0,4.0,8.0,36.0,31-60 days,729.85,722.02,42.47,17.0,Better Price Elsewhere,288.808
CUST-042248,1,Small Business,42.0,2.0,Low,7.0,0.0,6.0,11.0,0-30 days,14288.22,11149.73,530.94,21.0,Found Alternative,4459.892
CUST-007708,1,Small Business,22.0,5.0,Low,0.0,0.0,9.0,70.0,61-90 days,25205.06,19729.49,3288.25,6.0,Poor Product Quality,7891.796000000001
CUST-011243,1,Small Business,3.0,2.0,Low,3.0,2.0,4.0,73.0,61-90 days,47910.11,40966.17,2560.39,16.0,Unhappy with Return Policy,16386.468
CUST-016214,0,Small Business,51.0,4.0,Low,2.0,1.0,1.0,18.0,0-30 days,28634.29,29069.58,1384.27,21.0,Not Applicable,0.0
CUST-033302,1,Consumer,39.0,1.0,Medium,18.0,17.0,3.0,42.0,31-60 days,14091.37,14337.73,531.03,27.0,Unhappy with Return Policy,5735.092000000002
CUST-036426,0,Premium,46.0,5.0,Medium,6.0,7.0,8.0,230.0,181-270 days,32310.57,30919.81,10306.6,3.0,Not Applicable,0.0
CUST-045529,1,Consumer,45.0,5.0,Low,7.0,3.0,2.0,168.0,91-180 days,20493.49,25140.86,3142.61,8.0,Found Alternative,10056.344000000001
CUST-034089,1,Consumer,51.0,1.0,Medium,18.0,12.0,6.0,48.0,31-60 days,31866.96,26800.76,1914.34,14.0,Poor Customer Service,10720.303999999998
CUST-033968,1,Premium,37.0,4.0,Low,16.0,14.0,7.0,19.0,0-30 days,23744.42,27243.89,648.66,42.0,Too Expensive,10897.556
CUST-029849,0,Premium,20.0,5.0,Low,4.0,4.0,1.0,6.0,0-30 days,43398.31,38793.63,1847.32,21.0,Not Applicable,0.0
CUST-003750,1,Consumer,29.0,5.0,High,18.0,3.0,1.0,48.0,31-60 days,5772.73,4547.09,284.19,16.0,Payment Problems,1818.836
CUST-034759,0,Small Business,23.0,3.0,Low,17.0,4.0,2.0,175.0,91-180 days,18642.21,18688.3,479.19,39.0,Not Applicable,0.0
CUST-000929,1,Small Business,56.0,2.0,Medium,17.0,2.0,8.0,47.0,31-60 days,11206.14,9062.9,1294.7,7.0,Found Alternative,3625.16
CUST-009433,0,Consumer,40.0,5.0,Low,14.0,15.0,4.0,27.0,0-30 days,39847.15,45558.88,3796.57,12.0,Not Applicable,0.0
CUST-011157,0,Premium,50.0,2.0,Low,2.0,1.0,7.0,4.0,0-30 days,36036.71,38193.91,1232.06,31.0,Not Applicable,0.0
CUST-043558,0,Consumer,28.0,3.0,Medium,10.0,10.0,2.0,177.0,91-180 days,13754.05,12817.7,1831.1,7.0,Not Applicable,0.0
CUST-009048,1,Small Business,4.0,3.0,Low,10.0,7.0,2.0,357.0,271-365 days,41353.63,42572.04,3274.77,13.0,Poor Customer Service,17028.816000000006
CUST-049161,0,Small Business,29.0,2.0,High,18.0,2.0,5.0,52.0,31-60 days,4460.47,3985.11,249.07,16.0,Not Applicable,0.0
CUST-036298,1,Consumer,16.0,2.0,Low,13.0,11.0,1.0,55.0,31-60 days,13151.22,16231.04,901.72,18.0,Poor Customer Service,6492.416000000001
CUST-036345,0,Consumer,15.0,4.0,Medium,3.0,5.0,3.0,204.0,181-270 days,16327.91,17134.97,519.24,33.0,Not Applicable,0.0
CUST-041271,0,Enterprise,37.0,3.0,Medium,9.0,6.0,6.0,59.0,31-60 days,49543.69,42851.25,874.52,49.0,Not Applicable,0.0
CUST-000177,0,Consumer,58.0,3.0,Medium,17.0,17.0,0.0,7.0,0-30 days,13990.37,12614.28,450.51,28.0,Not Applicable,0.0
CUST-032215,1,Consumer,1.0,1.0,High,7.0,4.0,4.0,4.0,0-30 days,548.61,454.32,9.27,49.0,Poor Product Quality,181.728
CUST-042288,1,Consumer,28.0,3.0,High,17.0,10.0,6.0,65.0,61-90 days,8173.61,9303.11,664.51,14.0,Poor Customer Service,3721.244000000001
CUST-029116,0,Small Business,36.0,4.0,High,17.0,8.0,9.0,185.0,181-270 days,1431.3,1452.98,48.43,30.0,Not Applicable,0.0
CUST-013093,0,Consumer,9.0,4.0,Medium,9.0,9.0,0.0,47.0,31-60 days,5517.53,4982.87,108.32,46.0,Not Applicable,0.0
CUST-031806,0,Small Business,31.0,4.0,Medium,0.0,3.0,1.0,87.0,61-90 days,48452.43,47732.33,1645.94,29.0,Not Applicable,0.0
CUST-026799,1,Consumer,11.0,1.0,Medium,15.0,14.0,0.0,87.0,61-90 days,40962.49,34234.48,778.06,44.0,Account Issues,13693.792
CUST-009476,1,Consumer,38.0,2.0,Medium,18.0,4.0,9.0,30.0,0-30 days,39629.7,35527.61,1480.32,24.0,Poor Product Quality,14211.044000000002
CUST-000386,0,Small Business,10.0,4.0,High,19.0,5.0,1.0,252.0,181-270 days,25591.31,22279.61,518.13,43.0,Not Applicable,0.0
CUST-037810,0,Consumer,17.0,4.0,High,10.0,13.0,5.0,33.0,31-60 days,18142.66,20442.59,638.83,32.0,Not Applicable,0.0
CUST-040184,0,Consumer,54.0,4.0,High,0.0,1.0,1.0,173.0,91-180 days,13854.95,16925.65,1410.47,12.0,Not Applicable,0.0
CUST-000890,1,Premium,15.0,5.0,High,0.0,2.0,0.0,322.0,271-365 days,18004.21,19041.7,732.37,26.0,Found Alternative,7616.68
CUST-012948,1,Consumer,42.0,5.0,High,7.0,7.0,9.0,26.0,0-30 days,8692.54,7974.91,185.46,43.0,Found Alternative,3189.9640000000004
CUST-028825,1,Enterprise,12.0,2.0,Low,5.0,7.0,7.0,48.0,31-60 days,40176.2,37804.41,879.17,43.0,Better Price Elsewhere,15121.764000000005
CUST-020962,1,Consumer,21.0,2.0,Medium,17.0,0.0,0.0,83.0,61-90 days,18495.85,19269.01,1070.5,18.0,Better Price Elsewhere,7707.6039999999975
CUST-015479,0,Consumer,59.0,5.0,High,4.0,2.0,0.0,64.0,61-90 days,5218.24,5227.83,0.0,0.0,Not Applicable,0.0
CUST-039539,1,Consumer,56.0,1.0,Medium,1.0,0.0,9.0,324.0,271-365 days,53803.79,43785.38,2919.03,15.0,Too Expensive,17514.152
CUST-011701,0,Consumer,48.0,5.0,Medium,10.0,2.0,5.0,38.0,31-60 days,5595.38,5790.29,321.68,18.0,Not Applicable,0.0
CUST-001958,0,Consumer,5.0,1.0,Low,3.0,5.0,0.0,19.0,0-30 days,12653.24,12563.37,348.98,36.0,Not Applicable,0.0
CUST-004647,1,Enterprise,30.0,4.0,Low,11.0,13.0,2.0,351.0,271-365 days,38057.5,33972.62,808.87,42.0,Shipping Issues,13589.048000000004
CUST-011728,0,Consumer,5.0,3.0,Medium,8.0,5.0,9.0,80.0,61-90 days,24097.13,26422.08,2032.47,13.0,Not Applicable,0.0
CUST-020919,1,Small Business,41.0,2.0,High,8.0,3.0,2.0,52.0,31-60 days,13336.73,11771.02,560.52,21.0,Poor Customer Service,4708.4079999999985
CUST-040874,1,Consumer,55.0,4.0,Low,10.0,4.0,4.0,332.0,271-365 days,28652.05,25813.78,661.89,39.0,No Longer Need Service,10325.512
CUST-043105,0,Small Business,39.0,3.0,Low,5.0,6.0,3.0,7.0,0-30 days,37063.97,31575.39,15787.69,2.0,Not Applicable,0.0
CUST-030182,0,Small Business,48.0,3.0,Medium,18.0,16.0,6.0,364.0,271-365 days,3810.52,3403.04,89.55,38.0,Not Applicable,0.0
CUST-001035,1,Consumer,47.0,1.0,Low,18.0,15.0,2.0,11.0,0-30 days,44562.73,34708.84,1285.51,27.0,No Longer Need Service,13883.536
CUST-021250,0,Consumer,56.0,1.0,High,19.0,0.0,9.0,275.0,271-365 days,30663.02,31018.02,939.94,33.0,Not Applicable,0.0
CUST-010428,0,Consumer,20.0,3.0,High,3.0,7.0,2.0,277.0,271-365 days,43515.8,40930.28,1705.43,24.0,Not Applicable,0.0
CUST-000546,0,Premium,13.0,1.0,Medium,4.0,8.0,7.0,39.0,31-60 days,2728.0,3081.07,110.04,28.0,Not Applicable,0.0
CUST-026969,1,Premium,49.0,5.0,Low,19.0,20.0,8.0,153.0,91-180 days,18553.87,15720.91,1209.3,13.0,Poor Product Quality,6288.364000000001
CUST-027776,0,Consumer,51.0,5.0,Low,4.0,3.0,7.0,27.0,0-30 days,27254.8,22379.66,466.24,48.0,Not Applicable,0.0
CUST-040066,1,Consumer,34.0,3.0,Low,16.0,7.0,7.0,356.0,271-365 days,7566.46,6256.24,1251.25,5.0,Payment Problems,2502.496
CUST-022221,1,Consumer,19.0,2.0,Medium,0.0,4.0,4.0,47.0,31-60 days,11795.53,10138.73,1689.79,6.0,Better Price Elsewhere,4055.492
CUST-017089,1,Small Business,56.0,1.0,Low,9.0,8.0,2.0,29.0,0-30 days,48579.32,45768.79,3269.2,14.0,Found Alternative,18307.516
CUST-046155,0,Premium,20.0,3.0,Medium,18.0,13.0,2.0,85.0,61-90 days,21781.84,23678.21,910.7,26.0,Not Applicable,0.0
CUST-045501,0,Consumer,32.0,5.0,High,12.0,12.0,9.0,70.0,61-90 days,44087.59,38062.4,38062.4,1.0,Not Applicable,0.0
CUST-049410,0,Consumer,43.0,2.0,Medium,4.0,7.0,2.0,88.0,61-90 days,49813.5,48117.31,4811.73,10.0,Not Applicable,0.0
CUST-001138,0,Small Business,39.0,4.0,Low,10.0,3.0,5.0,14.0,0-30 days,28876.51,26756.71,922.65,29.0,Not Applicable,0.0
CUST-043446,0,Consumer,44.0,5.0,High,13.0,16.0,6.0,28.0,0-30 days,18533.36,22156.31,1007.11,22.0,Not Applicable,0.0
CUST-049204,0,Consumer,13.0,5.0,High,13.0,11.0,1.0,39.0,31-60 days,44743.13,38931.14,1145.03,34.0,Not Applicable,0.0
CUST-025356,0,Premium,8.0,2.0,High,12.0,7.0,7.0,348.0,271-365 days,30918.12,33980.9,828.8,41.0,Not Applicable,0.0
CUST-015095,0,Premium,7.0,3.0,Medium,12.0,1.0,3.0,40.0,31-60 days,35651.05,31620.06,4517.15,7.0,Not Applicable,0.0
CUST-025449,0,Consumer,48.0,5.0,High,9.0,9.0,7.0,1.0,0-30 days,51952.78,47203.99,2484.42,19.0,Not Applicable,0.0
CUST-043365,0,Consumer,52.0,4.0,Medium,4.0,1.0,8.0,14.0,0-30 days,15704.71,13786.66,306.37,45.0,Not Applicable,0.0
CUST-041081,1,Premium,42.0,2.0,Low,11.0,9.0,1.0,41.0,31-60 days,32701.7,35223.25,3522.32,10.0,Too Expensive,14089.3
CUST-028510,0,Consumer,48.0,3.0,Medium,3.0,1.0,9.0,10.0,0-30 days,42048.06,34261.98,3426.2,10.0,Not Applicable,0.0
CUST-033691,0,Premium,45.0,1.0,High,1.0,3.0,8.0,72.0,61-90 days,18260.76,15058.31,3011.66,5.0,Not Applicable,0.0
CUST-042469,0,Premium,32.0,2.0,High,10.0,0.0,5.0,15.0,0-30 days,26554.25,28388.52,978.91,29.0,Not Applicable,0.0
CUST-017486,1,Premium,20.0,4.0,Low,18.0,2.0,2.0,307.0,271-365 days,41833.97,44319.86,1926.95,23.0,Poor Product Quality,17727.944
CUST-018809,0,Premium,17.0,4.0,Medium,7.0,2.0,3.0,77.0,61-90 days,14893.75,13407.15,319.22,42.0,Not Applicable,0.0
CUST-045010,0,Small Business,32.0,1.0,Low,11.0,4.0,6.0,13.0,0-30 days,12212.7,15047.3,940.46,16.0,Not Applicable,0.0
CUST-047652,1,Premium,23.0,5.0,Low,14.0,3.0,1.0,20.0,0-30 days,18146.51,18974.83,499.34,38.0,Found Alternative,7589.9320000000025
CUST-033094,0,Consumer,51.0,1.0,High,16.0,20.0,7.0,75.0,61-90 days,28099.93,30099.79,668.88,45.0,Not Applicable,0.0
CUST-046517,1,Premium,19.0,5.0,Low,15.0,15.0,5.0,19.0,0-30 days,445.08,356.24,35.62,10.0,Too Expensive,142.496
CUST-004905,1,Consumer,10.0,2.0,Low,10.0,2.0,4.0,56.0,31-60 days,5039.58,4519.78,102.72,44.0,Technical Issues,1807.912
CUST-049339,0,Consumer,33.0,4.0,High,12.0,14.0,5.0,4.0,0-30 days,54401.79,45662.06,1472.97,31.0,Not Applicable,0.0
CUST-029081,1,Premium,28.0,1.0,Medium,18.0,13.0,1.0,113.0,91-180 days,15122.08,15569.15,707.69,22.0,No Longer Need Service,6227.66
CUST-029928,0,Enterprise,49.0,3.0,Medium,8.0,7.0,7.0,1.0,0-30 days,60162.41,46448.85,3572.99,13.0,Not Applicable,0.0
CUST-042661,0,Premium,3.0,2.0,Medium,15.0,18.0,7.0,257.0,181-270 days,23214.95,19551.68,2172.41,9.0,Not Applicable,0.0
CUST-003132,1,Consumer,21.0,4.0,Low,4.0,7.0,8.0,119.0,91-180 days,40183.78,37303.65,847.81,44.0,Found Alternative,14921.46
CUST-018087,0,Consumer,32.0,4.0,High,6.0,1.0,0.0,36.0,31-60 days,11547.15,10977.84,844.45,13.0,Not Applicable,0.0
CUST-044382,0,Enterprise,49.0,2.0,Medium,11.0,14.0,2.0,37.0,31-60 days,15412.83,13104.29,728.02,18.0,Not Applicable,0.0
CUST-026509,0,Premium,45.0,4.0,Medium,7.0,4.0,4.0,77.0,61-90 days,44186.6,46964.77,4696.48,10.0,Not Applicable,0.0
CUST-017609,0,Consumer,59.0,4.0,Medium,15.0,6.0,7.0,53.0,31-60 days,23996.97,27106.41,645.39,42.0,Not Applicable,0.0
CUST-033780,0,Consumer,58.0,1.0,High,3.0,2.0,3.0,218.0,181-270 days,599.78,544.0,16.0,34.0,Not Applicable,0.0
CUST-004707,0,Consumer,50.0,1.0,Medium,11.0,6.0,8.0,23.0,0-30 days,11606.38,10490.13,419.61,25.0,Not Applicable,0.0
CUST-023737,1,Small Business,51.0,4.0,Medium,12.0,4.0,6.0,86.0,61-90 days,10961.96,10921.46,642.44,17.0,Low Product Variety,4368.584
CUST-026767,0,Consumer,34.0,2.0,High,3.0,3.0,4.0,89.0,61-90 days,11119.85,10848.49,264.6,41.0,Not Applicable,0.0
CUST-042692,0,Enterprise,27.0,5.0,Medium,5.0,5.0,0.0,164.0,91-180 days,27333.59,23184.03,483.0,48.0,Not Applicable,0.0
CUST-000999,1,Consumer,23.0,2.0,High,18.0,4.0,9.0,156.0,91-180 days,15858.58,16106.96,1239.0,13.0,Found Alternative,6442.7840000000015
CUST-049673,1,Enterprise,31.0,3.0,Low,18.0,17.0,3.0,331.0,271-365 days,38357.89,44390.22,924.8,48.0,Payment Problems,17756.088
CUST-036502,1,Premium,4.0,2.0,Medium,14.0,14.0,8.0,72.0,61-90 days,15184.23,17855.59,4463.9,4.0,Better Price Elsewhere,7142.236000000001
CUST-010586,0,Small Business,3.0,3.0,High,9.0,11.0,4.0,333.0,271-365 days,41699.3,47885.5,1227.83,39.0,Not Applicable,0.0
CUST-035666,1,Premium,38.0,3.0,Low,5.0,7.0,2.0,282.0,271-365 days,37473.85,34520.47,1500.89,23.0,Better Price Elsewhere,13808.188000000002
CUST-042832,1,Consumer,35.0,3.0,Low,18.0,14.0,1.0,288.0,271-365 days,23878.68,21815.7,1148.19,19.0,Payment Problems,8726.28
CUST-040938,0,Consumer,13.0,3.0,High,13.0,16.0,1.0,234.0,181-270 days,7385.35,8006.64,307.95,26.0,Not Applicable,0.0
CUST-037151,0,Premium,54.0,5.0,Low,6.0,5.0,2.0,40.0,31-60 days,48997.95,44131.36,2101.49,21.0,Not Applicable,0.0
CUST-019685,0,Consumer,42.0,2.0,High,18.0,11.0,3.0,173.0,91-180 days,42037.23,32908.48,0.0,0.0,Not Applicable,0.0
CUST-012535,1,Small Business,24.0,2.0,Low,0.0,0.0,8.0,29.0,0-30 days,12273.29,12057.51,3014.38,4.0,Found Alternative,4823.004
CUST-043488,1,Consumer,34.0,2.0,Low,18.0,13.0,8.0,34.0,31-60 days,43680.38,49249.12,1047.85,47.0,Shipping Issues,19699.648
CUST-008106,0,Consumer,32.0,1.0,High,8.0,8.0,0.0,139.0,91-180 days,1758.35,1420.19,129.11,11.0,Not Applicable,0.0
CUST-026231,1,Small Business,5.0,3.0,Low,15.0,14.0,1.0,41.0,31-60 days,36365.48,36229.49,2415.3,15.0,Payment Problems,14491.796
CUST-022012,1,Consumer,44.0,1.0,Low,5.0,5.0,0.0,42.0,31-60 days,34022.88,39279.72,835.74,47.0,Found Alternative,15711.888
CUST-011594,1,Consumer,12.0,2.0,Low,2.0,1.0,0.0,66.0,61-90 days,9420.57,9186.32,656.17,14.0,Technical Issues,3674.528
CUST-024412,0,Small Business,29.0,4.0,Medium,7.0,10.0,3.0,38.0,31-60 days,15658.07,16298.12,1481.65,11.0,Not Applicable,0.0
CUST-046522,0,Enterprise,59.0,3.0,Medium,14.0,16.0,9.0,5.0,0-30 days,33462.77,28491.0,2191.62,13.0,Not Applicable,0.0
CUST-040695,0,Consumer,44.0,4.0,Low,9.0,0.0,3.0,93.0,91-180 days,20987.64,25134.46,897.66,28.0,Not Applicable,0.0
CUST-011939,1,Consumer,38.0,4.0,Low,2.0,6.0,9.0,161.0,91-180 days,43925.48,46286.41,1028.59,45.0,Too Expensive,18514.564
CUST-002252,0,Premium,54.0,5.0,Medium,0.0,1.0,9.0,51.0,31-60 days,11111.66,11268.82,1024.44,11.0,Not Applicable,0.0
CUST-020020,0,Premium,23.0,2.0,Medium,2.0,2.0,3.0,72.0,61-90 days,32199.89,30581.52,1390.07,22.0,Not Applicable,0.0
CUST-000185,0,Premium,55.0,1.0,High,14.0,17.0,0.0,25.0,0-30 days,3693.2,3690.39,160.45,23.0,Not Applicable,0.0
CUST-010929,1,Small Business,10.0,2.0,Low,10.0,10.0,1.0,49.0,31-60 days,10467.21,12841.22,442.8,29.0,Payment Problems,5136.488
CUST-045851,0,Premium,14.0,4.0,High,8.0,10.0,5.0,189.0,181-270 days,19243.26,19939.32,9969.66,2.0,Not Applicable,0.0
CUST-017635,1,Premium,10.0,1.0,Low,5.0,9.0,9.0,5.0,0-30 days,39425.81,36496.65,744.83,49.0,Found Alternative,14598.660000000002
CUST-028727,1,Small Business,34.0,1.0,Low,19.0,3.0,3.0,77.0,61-90 days,41693.57,49528.23,3095.51,16.0,Better Price Elsewhere,19811.292
CUST-022207,1,Premium,3.0,1.0,Low,10.0,4.0,1.0,16.0,0-30 days,13749.72,11374.12,454.96,25.0,Payment Problems,4549.648
CUST-041347,0,Consumer,32.0,5.0,Medium,0.0,4.0,2.0,44.0,31-60 days,40318.39,37502.64,815.27,46.0,Not Applicable,0.0
CUST-034680,0,Consumer,53.0,4.0,Medium,17.0,3.0,9.0,52.0,31-60 days,9306.66,8533.06,449.11,19.0,Not Applicable,0.0
CUST-048108,1,Consumer,41.0,4.0,Low,8.0,0.0,4.0,69.0,61-90 days,27941.82,31959.28,1030.94,31.0,Shipping Issues,12783.712
CUST-023258,1,Premium,20.0,4.0,Low,17.0,2.0,0.0,305.0,271-365 days,8462.64,8653.95,180.29,48.0,Payment Problems,3461.5800000000013
CUST-016371,0,Small Business,52.0,1.0,High,8.0,2.0,5.0,202.0,181-270 days,43836.2,42287.12,1761.96,24.0,Not Applicable,0.0
CUST-035533,0,Premium,21.0,3.0,Low,7.0,4.0,7.0,195.0,181-270 days,46272.23,37393.67,0.0,0.0,Not Applicable,0.0
CUST-017726,1,Small Business,56.0,2.0,Low,6.0,7.0,7.0,63.0,61-90 days,19207.33,16081.11,8040.56,2.0,Poor Customer Service,6432.444
CUST-034068,0,Premium,36.0,3.0,High,12.0,5.0,2.0,5.0,0-30 days,28310.5,21951.4,954.41,23.0,Not Applicable,0.0
CUST-001562,0,Enterprise,11.0,5.0,Medium,12.0,10.0,8.0,25.0,0-30 days,4936.72,4952.07,247.6,20.0,Not Applicable,0.0
CUST-002768,1,Small Business,59.0,1.0,Medium,1.0,0.0,3.0,60.0,31-60 days,18202.08,22247.27,473.35,47.0,Better Price Elsewhere,8898.908000000001
CUST-013689,0,Consumer,56.0,5.0,High,10.0,0.0,2.0,176.0,91-180 days,20114.18,15479.45,859.97,18.0,Not Applicable,0.0
CUST-003443,1,Consumer,23.0,1.0,Low,18.0,17.0,7.0,7.0,0-30 days,40216.51,48249.93,2297.62,21.0,Poor Customer Service,19299.972
CUST-021732,1,Small Business,47.0,3.0,Medium,4.0,0.0,0.0,68.0,61-90 days,7223.72,6916.38,144.09,48.0,Account Issues,2766.552
CUST-011757,1,Small Business,19.0,1.0,Low,19.0,10.0,6.0,45.0,31-60 days,3601.07,3344.79,115.34,29.0,Found Alternative,1337.9160000000004
CUST-044735,0,Enterprise,28.0,5.0,High,8.0,9.0,3.0,88.0,61-90 days,37631.59,43881.88,1994.63,22.0,Not Applicable,0.0
CUST-043217,0,Consumer,41.0,4.0,Low,6.0,5.0,4.0,35.0,31-60 days,10936.08,9574.78,531.93,18.0,Not Applicable,0.0
CUST-003009,1,Consumer,9.0,5.0,Low,11.0,5.0,6.0,193.0,181-270 days,7851.65,7382.91,388.57,19.0,Payment Problems,2953.164
CUST-002308,0,Consumer,19.0,1.0,High,4.0,1.0,7.0,21.0,0-30 days,14248.59,13550.06,330.49,41.0,Not Applicable,0.0
CUST-002688,0,Consumer,22.0,4.0,High,10.0,0.0,4.0,25.0,0-30 days,8852.98,8071.11,196.86,41.0,Not Applicable,0.0
CUST-022100,0,Small Business,57.0,5.0,Medium,4.0,5.0,9.0,56.0,31-60 days,7387.82,6599.38,235.69,28.0,Not Applicable,0.0
CUST-023657,0,Enterprise,6.0,2.0,Low,5.0,2.0,2.0,273.0,271-365 days,16591.26,20141.17,3356.86,6.0,Not Applicable,0.0
CUST-047446,0,Premium,48.0,4.0,Medium,10.0,9.0,1.0,8.0,0-30 days,41076.07,35503.86,5071.98,7.0,Not Applicable,0.0
CUST-001081,1,Consumer,51.0,1.0,Low,8.0,0.0,1.0,25.0,0-30 days,20510.75,20675.2,1476.8,14.0,Poor Product Quality,8270.08
CUST-027576,0,Consumer,46.0,4.0,High,10.0,10.0,4.0,30.0,0-30 days,29522.3,26752.59,723.04,37.0,Not Applicable,0.0
CUST-019457,0,Consumer,48.0,1.0,High,10.0,2.0,3.0,128.0,91-180 days,10125.56,10148.21,1691.37,6.0,Not Applicable,0.0
CUST-025882,0,Small Business,7.0,3.0,High,17.0,11.0,2.0,62.0,61-90 days,35488.74,29569.86,1095.18,27.0,Not Applicable,0.0
CUST-034328,1,Premium,1.0,3.0,Medium,16.0,20.0,9.0,290.0,271-365 days,29677.37,26331.28,1755.42,15.0,Account Issues,10532.512
CUST-006733,0,Small Business,40.0,2.0,Medium,8.0,7.0,6.0,64.0,61-90 days,48106.45,46905.4,6700.77,7.0,Not Applicable,0.0
CUST-018171,0,Consumer,47.0,5.0,Medium,6.0,10.0,2.0,166.0,91-180 days,29986.82,29411.33,5882.27,5.0,Not Applicable,0.0
CUST-001351,0,Consumer,7.0,2.0,High,0.0,1.0,0.0,41.0,31-60 days,35134.76,36771.4,1598.76,23.0,Not Applicable,0.0
CUST-046172,0,Consumer,38.0,2.0,Medium,2.0,3.0,1.0,82.0,61-90 days,10107.43,8774.73,204.06,43.0,Not Applicable,0.0
CUST-030976,0,Premium,25.0,5.0,Medium,1.0,5.0,4.0,190.0,181-270 days,31620.63,39517.47,13172.49,3.0,Not Applicable,0.0
CUST-043188,0,Consumer,8.0,2.0,Medium,8.0,11.0,5.0,39.0,31-60 days,37650.48,35442.57,1417.7,25.0,Not Applicable,0.0
CUST-017010,0,Enterprise,43.0,4.0,Medium,2.0,0.0,6.0,302.0,271-365 days,1842.87,1611.69,0.0,0.0,Not Applicable,0.0
CUST-008824,1,Small Business,55.0,2.0,High,7.0,2.0,8.0,129.0,91-180 days,2684.26,3030.47,432.92,7.0,Better Price Elsewhere,1212.188
CUST-007166,1,Premium,12.0,4.0,Medium,15.0,3.0,8.0,11.0,0-30 days,36750.32,41790.52,949.78,44.0,No Longer Need Service,16716.208
CUST-004566,0,Consumer,26.0,4.0,High,16.0,10.0,7.0,86.0,61-90 days,18187.62,19242.79,520.08,37.0,Not Applicable,0.0
CUST-041355,0,Consumer,35.0,3.0,Medium,6.0,4.0,4.0,36.0,31-60 days,6346.43,5989.65,460.74,13.0,Not Applicable,0.0
CUST-028449,0,Enterprise,44.0,3.0,Medium,9.0,8.0,6.0,20.0,0-30 days,38916.46,41086.83,955.51,43.0,Not Applicable,0.0
CUST-042658,1,Consumer,42.0,2.0,Medium,19.0,7.0,0.0,37.0,31-60 days,58012.45,47306.46,1819.48,26.0,No Longer Need Service,18922.584
CUST-011127,1,Premium,22.0,4.0,Low,18.0,6.0,5.0,172.0,91-180 days,35077.22,35907.75,0.0,0.0,Better Price Elsewhere,14363.1
CUST-003305,0,Premium,24.0,3.0,Medium,11.0,7.0,0.0,42.0,31-60 days,2249.39,2026.24,81.05,25.0,Not Applicable,0.0
CUST-015075,0,Consumer,16.0,5.0,High,2.0,1.0,4.0,22.0,0-30 days,35942.31,34794.29,1087.32,32.0,Not Applicable,0.0
CUST-009258,0,Enterprise,32.0,4.0,Medium,18.0,18.0,3.0,59.0,31-60 days,15968.27,17259.63,352.24,49.0,Not Applicable,0.0
CUST-018499,0,Small Business,45.0,4.0,Low,1.0,0.0,2.0,123.0,91-180 days,49627.2,39653.99,1016.77,39.0,Not Applicable,0.0
CUST-021258,0,Small Business,11.0,4.0,High,14.0,17.0,0.0,55.0,31-60 days,7280.68,7823.97,1564.79,5.0,Not Applicable,0.0
CUST-028869,0,Consumer,55.0,4.0,High,12.0,2.0,8.0,25.0,0-30 days,30746.1,34572.15,1382.89,25.0,Not Applicable,0.0
CUST-038621,1,Premium,30.0,5.0,Low,8.0,7.0,3.0,309.0,271-365 days,14976.5,11819.31,1477.41,8.0,Poor Product Quality,4727.724
CUST-032933,1,Consumer,31.0,5.0,Low,1.0,5.0,5.0,6.0,0-30 days,1053.54,1187.91,40.96,29.0,Poor Product Quality,475.164
CUST-030701,0,Small Business,47.0,1.0,High,14.0,11.0,3.0,31.0,31-60 days,47142.5,40820.23,10205.06,4.0,Not Applicable,0.0
CUST-049258,1,Premium,16.0,1.0,Medium,16.0,19.0,4.0,66.0,61-90 days,8377.01,6752.93,140.69,48.0,Technical Issues,2701.1720000000005
CUST-002182,0,Consumer,56.0,5.0,Low,6.0,6.0,5.0,85.0,61-90 days,34160.56,39716.48,1073.42,37.0,Not Applicable,0.0
CUST-000467,0,Consumer,26.0,3.0,Medium,9.0,12.0,5.0,86.0,61-90 days,904.85,984.36,0.0,0.0,Not Applicable,0.0
CUST-032980,1,Consumer,35.0,2.0,Medium,2.0,4.0,9.0,339.0,271-365 days,46269.49,44017.62,1294.64,34.0,No Longer Need Service,17607.048000000006
CUST-028195,1,Consumer,40.0,2.0,Medium,11.0,9.0,3.0,356.0,271-365 days,37202.09,36412.9,1040.37,35.0,No Longer Need Service,14565.160000000002
CUST-013303,0,Consumer,4.0,2.0,High,6.0,4.0,4.0,10.0,0-30 days,39728.94,35493.95,1314.59,27.0,Not Applicable,0.0
CUST-041764,1,Premium,47.0,2.0,High,18.0,5.0,5.0,29.0,0-30 days,14650.5,16408.58,8204.29,2.0,Shipping Issues,6563.4320000000025
CUST-043470,1,Premium,43.0,1.0,Low,18.0,14.0,1.0,79.0,61-90 days,6078.27,5799.32,207.12,28.0,Too Expensive,2319.728
CUST-008844,0,Consumer,42.0,2.0,Low,3.0,3.0,4.0,64.0,61-90 days,44019.42,46162.53,5129.17,9.0,Not Applicable,0.0
CUST-022886,1,Consumer,16.0,2.0,High,0.0,0.0,0.0,324.0,271-365 days,38703.11,33464.85,778.25,43.0,Account Issues,13385.94
CUST-028131,0,Consumer,45.0,3.0,Medium,1.0,0.0,1.0,70.0,61-90 days,33896.41,26155.4,568.6,46.0,Not Applicable,0.0
CUST-039423,1,Consumer,31.0,2.0,Medium,13.0,1.0,1.0,256.0,181-270 days,3266.28,2575.77,367.97,7.0,Better Price Elsewhere,1030.308
CUST-024349,0,Consumer,53.0,2.0,Medium,5.0,3.0,7.0,82.0,61-90 days,32722.51,31938.68,0.0,0.0,Not Applicable,0.0
CUST-000248,0,Consumer,55.0,4.0,Medium,0.0,2.0,2.0,9.0,0-30 days,6394.97,5738.24,127.52,45.0,Not Applicable,0.0
CUST-037033,0,Enterprise,43.0,5.0,Low,7.0,4.0,4.0,11.0,0-30 days,44157.86,47095.26,1811.36,26.0,Not Applicable,0.0
CUST-023145,0,Consumer,36.0,2.0,High,0.0,2.0,1.0,10.0,0-30 days,10419.07,8984.22,374.34,24.0,Not Applicable,0.0
CUST-005660,1,Premium,36.0,3.0,Low,1.0,1.0,1.0,50.0,31-60 days,32366.19,34599.38,1116.11,31.0,Account Issues,13839.752
CUST-043928,0,Small Business,2.0,3.0,Medium,13.0,1.0,4.0,278.0,271-365 days,2435.12,2697.77,224.81,12.0,Not Applicable,0.0
CUST-027767,0,Premium,52.0,5.0,Medium,8.0,7.0,9.0,86.0,61-90 days,29853.85,28027.41,966.46,29.0,Not Applicable,0.0
CUST-012780,0,Premium,24.0,2.0,Medium,6.0,2.0,8.0,325.0,271-365 days,32833.84,32973.5,1648.67,20.0,Not Applicable,0.0
CUST-018567,1,Consumer,42.0,1.0,Low,3.0,1.0,7.0,139.0,91-180 days,33468.39,35661.03,1981.17,18.0,Technical Issues,14264.412
CUST-037331,1,Small Business,54.0,3.0,Low,18.0,20.0,6.0,261.0,181-270 days,14289.23,15236.19,609.45,25.0,No Longer Need Service,6094.476000000002
CUST-022228,0,Premium,33.0,2.0,High,1.0,4.0,9.0,317.0,271-365 days,41893.72,41343.48,861.32,48.0,Not Applicable,0.0
CUST-007736,1,Consumer,47.0,1.0,Medium,17.0,11.0,2.0,64.0,61-90 days,15922.02,18678.54,2075.39,9.0,Poor Customer Service,7471.416000000001
CUST-023640,1,Consumer,30.0,2.0,High,15.0,13.0,8.0,33.0,31-60 days,16283.87,16762.08,429.8,39.0,Better Price Elsewhere,6704.832000000001
CUST-028507,1,Enterprise,4.0,3.0,Low,16.0,20.0,1.0,71.0,61-90 days,21337.33,19979.72,908.17,22.0,Technical Issues,7991.888000000001
CUST-000131,1,Consumer,33.0,1.0,Medium,19.0,9.0,3.0,8.0,0-30 days,10557.47,9765.0,9765.0,1.0,Technical Issues,3906.0
CUST-038900,0,Enterprise,44.0,2.0,High,10.0,9.0,2.0,12.0,0-30 days,34380.06,27022.11,643.38,42.0,Not Applicable,0.0
CUST-008112,0,Small Business,36.0,2.0,Medium,10.0,13.0,0.0,358.0,271-365 days,17041.23,14899.56,551.84,27.0,Not Applicable,0.0
CUST-008982,0,Premium,19.0,3.0,Medium,11.0,14.0,6.0,69.0,61-90 days,57634.36,47530.04,2263.34,21.0,Not Applicable,0.0
CUST-042775,1,Consumer,57.0,4.0,Low,8.0,11.0,6.0,80.0,61-90 days,27793.31,25440.0,1060.0,24.0,Poor Product Quality,10176.0
CUST-012043,1,Consumer,12.0,3.0,Low,12.0,5.0,1.0,18.0,0-30 days,21767.73,17146.69,659.49,26.0,Shipping Issues,6858.6759999999995
CUST-027505,1,Premium,54.0,4.0,Medium,15.0,15.0,6.0,341.0,271-365 days,28835.41,23753.05,593.83,40.0,Shipping Issues,9501.22
CUST-042775,0,Consumer,57.0,4.0,Low,8.0,6.0,6.0,80.0,61-90 days,27793.31,25440.0,1060.0,24.0,Not Applicable,0.0
CUST-044237,1,Consumer,38.0,5.0,Low,15.0,19.0,5.0,51.0,31-60 days,22848.35,21808.77,991.31,22.0,Payment Problems,8723.508
CUST-031116,0,Small Business,39.0,4.0,Medium,4.0,7.0,6.0,21.0,0-30 days,1893.37,1841.99,61.4,30.0,Not Applicable,0.0
CUST-027816,1,Consumer,28.0,4.0,High,5.0,1.0,3.0,60.0,31-60 days,20543.15,18734.16,480.36,39.0,Low Product Variety,7493.6640000000025
CUST-049907,0,Small Business,10.0,5.0,Medium,8.0,1.0,7.0,346.0,271-365 days,27665.7,25323.09,1808.79,14.0,Not Applicable,0.0
CUST-031912,1,Consumer,40.0,3.0,Low,19.0,9.0,0.0,152.0,91-180 days,46327.2,48964.51,1579.5,31.0,Poor Product Quality,19585.804
CUST-032563,0,Consumer,34.0,5.0,High,10.0,0.0,1.0,70.0,61-90 days,41677.8,47230.05,1967.92,24.0,Not Applicable,0.0
CUST-010688,0,Small Business,41.0,4.0,Low,4.0,1.0,0.0,84.0,61-90 days,4413.96,3479.15,75.63,46.0,Not Applicable,0.0
CUST-029070,1,Premium,33.0,2.0,Low,13.0,10.0,1.0,327.0,271-365 days,39932.34,37165.41,1198.88,31.0,No Longer Need Service,14866.164000000002
CUST-039926,1,Small Business,10.0,3.0,Low,7.0,7.0,7.0,46.0,31-60 days,35917.81,42245.11,1111.71,38.0,Technical Issues,16898.043999999998
CUST-010053,0,Consumer,42.0,1.0,High,3.0,6.0,6.0,1.0,0-30 days,29238.4,22568.24,3224.03,7.0,Not Applicable,0.0
CUST-039568,0,Enterprise,11.0,2.0,Medium,7.0,6.0,3.0,45.0,31-60 days,25506.04,24163.46,1421.38,17.0,Not Applicable,0.0
CUST-037200,0,Small Business,22.0,1.0,Medium,8.0,4.0,1.0,115.0,91-180 days,39946.97,32861.71,2190.78,15.0,Not Applicable,0.0
CUST-006311,1,Consumer,3.0,2.0,Low,12.0,13.0,9.0,287.0,271-365 days,38307.44,44671.99,1540.41,29.0,Low Product Variety,17868.796000000002
CUST-017584,0,Consumer,7.0,3.0,Medium,1.0,4.0,5.0,23.0,0-30 days,16561.63,16940.4,546.46,31.0,Not Applicable,0.0
CUST-024632,0,Enterprise,40.0,4.0,Medium,9.0,13.0,3.0,29.0,0-30 days,22802.53,17722.57,5907.52,3.0,Not Applicable,0.0
CUST-024833,0,Consumer,39.0,4.0,Medium,15.0,6.0,4.0,124.0,91-180 days,36182.01,32484.72,2030.3,16.0,Not Applicable,0.0
CUST-022792,0,Premium,1.0,4.0,Medium,17.0,19.0,3.0,158.0,91-180 days,33013.67,26704.8,1213.85,22.0,Not Applicable,0.0
CUST-048653,0,Enterprise,22.0,1.0,High,17.0,21.0,3.0,74.0,61-90 days,11633.12,9965.87,830.49,12.0,Not Applicable,0.0
CUST-019653,1,Consumer,14.0,3.0,Low,13.0,15.0,1.0,2.0,0-30 days,29304.06,27157.03,1810.47,15.0,Found Alternative,10862.812
CUST-019609,1,Small Business,54.0,5.0,Low,2.0,2.0,4.0,86.0,61-90 days,37859.52,46070.04,940.2,49.0,Other,18428.016
CUST-043242,1,Consumer,15.0,2.0,Medium,11.0,10.0,0.0,36.0,31-60 days,5223.67,6274.42,190.13,33.0,Better Price Elsewhere,2509.768
CUST-014626,0,Consumer,25.0,3.0,High,10.0,14.0,6.0,168.0,91-180 days,61379.42,48207.7,4820.77,10.0,Not Applicable,0.0
CUST-019235,0,Small Business,43.0,3.0,High,8.0,6.0,3.0,84.0,61-90 days,20589.61,20048.8,4009.76,5.0,Not Applicable,0.0
CUST-007739,0,Small Business,46.0,1.0,Low,3.0,1.0,0.0,43.0,31-60 days,14773.38,11427.84,1038.89,11.0,Not Applicable,0.0
CUST-027711,0,Consumer,20.0,5.0,Medium,4.0,3.0,2.0,30.0,0-30 days,46388.24,47519.71,23759.85,2.0,Not Applicable,0.0
CUST-034202,0,Small Business,59.0,2.0,Medium,2.0,3.0,3.0,32.0,31-60 days,27980.32,22904.16,602.74,38.0,Not Applicable,0.0
CUST-016492,0,Consumer,8.0,4.0,High,10.0,0.0,6.0,252.0,181-270 days,45969.14,36224.63,5174.95,7.0,Not Applicable,0.0
CUST-031780,1,Consumer,9.0,1.0,Low,12.0,16.0,5.0,185.0,181-270 days,2131.62,1731.15,66.58,26.0,Poor Product Quality,692.46
CUST-011532,1,Consumer,21.0,2.0,Medium,15.0,19.0,8.0,63.0,61-90 days,54458.62,47066.76,1120.64,42.0,Account Issues,18826.704
CUST-030128,0,Premium,1.0,2.0,Medium,2.0,6.0,7.0,59.0,31-60 days,58064.12,46998.99,2043.43,23.0,Not Applicable,0.0
CUST-021611,0,Premium,49.0,2.0,High,10.0,4.0,8.0,36.0,31-60 days,19595.74,15208.87,362.12,42.0,Not Applicable,0.0
CUST-037741,1,Premium,39.0,2.0,Low,9.0,0.0,4.0,48.0,31-60 days,26456.88,28091.5,585.24,48.0,Better Price Elsewhere,11236.6
CUST-041901,0,Small Business,8.0,4.0,Medium,9.0,12.0,1.0,3.0,0-30 days,20310.67,20209.06,412.43,49.0,Not Applicable,0.0
CUST-040764,1,Consumer,32.0,2.0,Medium,19.0,1.0,2.0,256.0,181-270 days,24850.08,20493.94,1863.09,11.0,Too Expensive,8197.576
CUST-043627,1,Consumer,29.0,1.0,High,9.0,12.0,7.0,37.0,31-60 days,4188.29,3770.5,125.68,30.0,Shipping Issues,1508.2
CUST-026991,0,Consumer,26.0,2.0,High,5.0,5.0,2.0,58.0,31-60 days,31217.44,38959.22,1855.2,21.0,Not Applicable,0.0
CUST-010708,0,Consumer,15.0,3.0,Medium,5.0,8.0,2.0,22.0,0-30 days,19896.1,16076.5,945.68,17.0,Not Applicable,0.0
CUST-010266,0,Consumer,31.0,2.0,High,2.0,1.0,3.0,56.0,31-60 days,36194.88,34469.54,861.74,40.0,Not Applicable,0.0
CUST-017783,0,Premium,13.0,5.0,Low,9.0,2.0,0.0,6.0,0-30 days,32577.58,26602.64,604.61,44.0,Not Applicable,0.0
CUST-036172,0,Consumer,59.0,2.0,Medium,18.0,3.0,5.0,41.0,31-60 days,15955.96,15368.85,614.75,25.0,Not Applicable,0.0
CUST-032766,1,Small Business,48.0,2.0,High,8.0,9.0,1.0,358.0,271-365 days,544.45,515.52,16.11,32.0,Too Expensive,206.208
CUST-018755,1,Consumer,54.0,2.0,Low,4.0,1.0,8.0,81.0,61-90 days,40950.3,49092.43,1402.64,35.0,Payment Problems,19636.972
CUST-026800,1,Small Business,50.0,4.0,Low,4.0,4.0,7.0,38.0,31-60 days,26474.45,22738.8,2526.53,9.0,No Longer Need Service,9095.52
CUST-000747,1,Premium,6.0,1.0,Low,13.0,9.0,0.0,88.0,61-90 days,35130.36,31257.41,1420.79,22.0,No Longer Need Service,12502.964
CUST-015274,0,Small Business,39.0,3.0,High,15.0,2.0,2.0,21.0,0-30 days,10067.54,11858.17,2964.54,4.0,Not Applicable,0.0
CUST-017873,0,Premium,9.0,3.0,Medium,5.0,7.0,0.0,51.0,31-60 days,52250.74,48914.79,1193.04,41.0,Not Applicable,0.0
CUST-040765,0,Premium,8.0,3.0,Medium,18.0,16.0,5.0,6.0,0-30 days,37690.34,31987.13,969.31,33.0,Not Applicable,0.0
CUST-004180,0,Consumer,13.0,3.0,Low,19.0,7.0,3.0,84.0,61-90 days,7123.85,5905.69,347.39,17.0,Not Applicable,0.0
CUST-006475,1,Consumer,32.0,2.0,High,19.0,18.0,5.0,8.0,0-30 days,49238.32,45922.86,1241.16,37.0,Poor Customer Service,18369.144
CUST-042579,1,Consumer,49.0,1.0,Medium,13.0,8.0,1.0,86.0,61-90 days,21408.15,21517.08,1132.48,19.0,No Longer Need Service,8606.832
CUST-020780,1,Premium,27.0,2.0,Low,14.0,7.0,7.0,115.0,91-180 days,16229.61,13391.43,535.66,25.0,No Longer Need Service,5356.571999999999
CUST-026784,1,Enterprise,18.0,4.0,Medium,12.0,12.0,3.0,69.0,61-90 days,24717.05,29333.98,1086.44,27.0,Payment Problems,11733.592
CUST-033404,0,Premium,2.0,5.0,High,4.0,1.0,1.0,86.0,61-90 days,35907.61,40172.42,13390.81,3.0,Not Applicable,0.0
CUST-021067,1,Consumer,6.0,2.0,Low,3.0,0.0,0.0,22.0,0-30 days,3151.84,2980.47,372.56,8.0,Too Expensive,1192.188
CUST-038437,0,Consumer,31.0,3.0,Medium,12.0,1.0,7.0,41.0,31-60 days,24148.94,20646.59,983.17,21.0,Not Applicable,0.0
CUST-037545,1,Small Business,55.0,2.0,Medium,16.0,3.0,0.0,69.0,61-90 days,30584.44,29932.06,696.09,43.0,Poor Customer Service,11972.824
CUST-048156,0,Consumer,9.0,4.0,Low,4.0,3.0,1.0,35.0,31-60 days,14339.4,12388.3,884.88,14.0,Not Applicable,0.0
CUST-041952,0,Consumer,10.0,3.0,Medium,0.0,0.0,7.0,1.0,0-30 days,16530.72,15335.39,1703.93,9.0,Not Applicable,0.0
CUST-023139,0,Small Business,20.0,3.0,Medium,18.0,1.0,4.0,18.0,0-30 days,22610.56,27942.57,620.95,45.0,Not Applicable,0.0
CUST-018876,0,Small Business,21.0,3.0,Medium,16.0,9.0,7.0,43.0,31-60 days,43740.54,37222.81,12407.6,3.0,Not Applicable,0.0
CUST-005779,0,Small Business,10.0,4.0,Low,10.0,10.0,3.0,13.0,0-30 days,21928.4,22858.97,557.54,41.0,Not Applicable,0.0
CUST-009083,0,Consumer,48.0,4.0,High,11.0,0.0,6.0,54.0,31-60 days,16778.13,15364.02,1097.43,14.0,Not Applicable,0.0
CUST-046088,0,Consumer,33.0,3.0,High,9.0,12.0,7.0,198.0,181-270 days,42871.55,34828.23,870.71,40.0,Not Applicable,0.0
CUST-042880,0,Consumer,29.0,3.0,Medium,5.0,0.0,7.0,86.0,61-90 days,32074.52,35097.24,2924.77,12.0,Not Applicable,0.0
CUST-043157,0,Premium,35.0,3.0,High,14.0,2.0,8.0,80.0,61-90 days,31092.39,24514.68,521.59,47.0,Not Applicable,0.0
CUST-043047,0,Premium,8.0,1.0,High,15.0,3.0,6.0,27.0,0-30 days,41795.48,42899.69,10724.92,4.0,Not Applicable,0.0
CUST-039625,0,Consumer,58.0,2.0,Medium,14.0,16.0,3.0,337.0,271-365 days,26719.04,21522.06,457.92,47.0,Not Applicable,0.0
CUST-019061,1,Consumer,13.0,5.0,Low,15.0,19.0,2.0,14.0,0-30 days,38892.38,38852.24,1022.43,38.0,Payment Problems,15540.896
CUST-002799,0,Consumer,40.0,1.0,Medium,13.0,17.0,4.0,4.0,0-30 days,957.45,1116.86,29.39,38.0,Not Applicable,0.0
CUST-016617,1,Premium,8.0,1.0,Low,8.0,11.0,6.0,24.0,0-30 days,56172.18,43896.72,1254.19,35.0,Too Expensive,17558.688000000002
CUST-010374,1,Consumer,14.0,2.0,High,14.0,15.0,6.0,32.0,31-60 days,13180.44,16386.49,431.22,38.0,Too Expensive,6554.596000000001
CUST-019084,0,Premium,21.0,3.0,High,7.0,3.0,3.0,263.0,181-270 days,16605.25,19200.78,3200.13,6.0,Not Applicable,0.0
CUST-040502,0,Premium,56.0,3.0,Medium,16.0,9.0,4.0,198.0,181-270 days,27922.44,26129.64,1244.27,21.0,Not Applicable,0.0
CUST-041687,0,Premium,15.0,3.0,High,11.0,6.0,6.0,161.0,91-180 days,16802.38,13752.97,764.05,18.0,Not Applicable,0.0
CUST-003123,0,Consumer,23.0,2.0,High,15.0,5.0,6.0,4.0,0-30 days,2865.06,3052.59,339.18,9.0,Not Applicable,0.0
CUST-044660,1,Consumer,37.0,4.0,High,7.0,3.0,7.0,74.0,61-90 days,18464.14,22459.73,4491.95,5.0,Too Expensive,8983.892
CUST-036085,0,Consumer,47.0,1.0,High,18.0,10.0,9.0,31.0,31-60 days,11763.17,11258.26,288.67,39.0,Not Applicable,0.0
CUST-031175,0,Premium,8.0,5.0,Low,3.0,4.0,7.0,25.0,0-30 days,2787.86,2563.03,233.0,11.0,Not Applicable,0.0
CUST-037738,1,Consumer,55.0,2.0,Medium,11.0,7.0,0.0,51.0,31-60 days,25237.64,28673.74,4778.96,6.0,Better Price Elsewhere,11469.496000000001
CUST-008397,0,Premium,51.0,3.0,High,17.0,15.0,3.0,320.0,271-365 days,15298.61,12687.81,3171.95,4.0,Not Applicable,0.0
CUST-022374,1,Small Business,13.0,2.0,High,15.0,12.0,6.0,312.0,271-365 days,48054.95,42413.57,3855.78,11.0,Poor Customer Service,16965.428
CUST-000641,1,Small Business,44.0,2.0,High,7.0,2.0,9.0,1.0,0-30 days,43338.85,46799.05,0.0,0.0,Too Expensive,18719.620000000006
CUST-034829,0,Consumer,43.0,3.0,High,8.0,6.0,4.0,81.0,61-90 days,19069.01,23285.9,1455.37,16.0,Not Applicable,0.0
CUST-040174,0,Consumer,21.0,3.0,Medium,5.0,5.0,4.0,50.0,31-60 days,743.37,744.51,22.56,33.0,Not Applicable,0.0
CUST-041514,0,Consumer,52.0,4.0,Medium,5.0,9.0,0.0,20.0,0-30 days,55053.78,42742.56,1295.23,33.0,Not Applicable,0.0
CUST-027426,0,Small Business,26.0,1.0,Medium,1.0,1.0,5.0,157.0,91-180 days,41492.53,32888.84,6577.77,5.0,Not Applicable,0.0
CUST-030784,0,Consumer,49.0,3.0,High,10.0,1.0,8.0,36.0,31-60 days,31617.16,33186.11,4148.26,8.0,Not Applicable,0.0
CUST-048129,1,Premium,46.0,3.0,Medium,18.0,21.0,9.0,110.0,91-180 days,6358.25,5344.53,2672.26,2.0,Poor Product Quality,2137.812
CUST-026084,0,Premium,37.0,3.0,Medium,4.0,0.0,0.0,235.0,181-270 days,33704.01,28261.37,4710.23,6.0,Not Applicable,0.0
CUST-008874,1,Consumer,59.0,2.0,Low,18.0,15.0,6.0,74.0,61-90 days,39986.75,49881.91,2934.23,17.0,No Longer Need Service,19952.764000000006
CUST-017089,1,Small Business,56.0,1.0,Low,9.0,4.0,2.0,29.0,0-30 days,48579.32,45768.79,3269.2,14.0,Technical Issues,18307.516
CUST-019717,1,Premium,45.0,2.0,Low,15.0,1.0,3.0,302.0,271-365 days,2959.95,2581.01,258.1,10.0,Poor Customer Service,1032.4040000000002
CUST-046550,0,Premium,33.0,4.0,High,6.0,8.0,8.0,52.0,31-60 days,3086.88,3173.96,186.7,17.0,Not Applicable,0.0
CUST-038708,0,Premium,15.0,4.0,Low,7.0,8.0,1.0,221.0,181-270 days,36843.71,45981.59,1839.26,25.0,Not Applicable,0.0
CUST-045231,0,Small Business,21.0,4.0,High,12.0,12.0,5.0,55.0,31-60 days,42492.09,33231.31,1661.57,20.0,Not Applicable,0.0
CUST-023690,0,Consumer,27.0,5.0,High,2.0,5.0,2.0,51.0,31-60 days,39241.29,35989.84,1124.68,32.0,Not Applicable,0.0
CUST-022914,1,Consumer,28.0,5.0,Low,13.0,3.0,7.0,25.0,0-30 days,24446.03,25934.38,632.55,41.0,No Longer Need Service,10373.752
CUST-013100,1,Consumer,50.0,1.0,Low,11.0,7.0,6.0,157.0,91-180 days,54191.26,44427.32,2115.59,21.0,Poor Customer Service,17770.928
CUST-029280,1,Consumer,56.0,1.0,High,11.0,14.0,5.0,5.0,0-30 days,30393.59,29072.49,709.09,41.0,Shipping Issues,11628.996000000001
CUST-037257,0,Enterprise,12.0,3.0,Low,1.0,4.0,8.0,40.0,31-60 days,7950.6,6742.19,963.17,7.0,Not Applicable,0.0
CUST-035529,0,Consumer,29.0,3.0,Medium,3.0,1.0,5.0,26.0,0-30 days,6235.2,5115.34,222.41,23.0,Not Applicable,0.0
CUST-013231,0,Enterprise,54.0,5.0,Low,5.0,8.0,4.0,43.0,31-60 days,46476.91,38380.25,6396.71,6.0,Not Applicable,0.0
CUST-043488,1,Consumer,34.0,2.0,Low,18.0,13.0,8.0,34.0,31-60 days,43680.38,49249.12,1047.85,47.0,Poor Customer Service,19699.648
CUST-023307,0,Consumer,20.0,4.0,Low,16.0,19.0,9.0,348.0,271-365 days,29601.36,36144.74,3285.89,11.0,Not Applicable,0.0
CUST-038683,0,Premium,30.0,2.0,High,16.0,5.0,4.0,2.0,0-30 days,7116.34,7305.48,280.98,26.0,Not Applicable,0.0
CUST-040002,1,Premium,45.0,2.0,High,5.0,2.0,7.0,356.0,271-365 days,38973.39,30099.71,885.29,34.0,Payment Problems,12039.883999999998
CUST-018827,0,Consumer,25.0,4.0,Medium,2.0,5.0,0.0,276.0,271-365 days,17191.0,14883.8,323.56,46.0,Not Applicable,0.0
CUST-021062,1,Consumer,45.0,2.0,Low,8.0,11.0,4.0,63.0,61-90 days,44466.02,40060.35,10015.09,4.0,Account Issues,16024.14
CUST-010585,0,Consumer,49.0,4.0,Low,9.0,2.0,3.0,32.0,31-60 days,8100.33,8223.13,283.56,29.0,Not Applicable,0.0
CUST-026124,0,Consumer,31.0,5.0,High,10.0,2.0,0.0,59.0,31-60 days,22646.43,18544.72,9272.36,2.0,Not Applicable,0.0
CUST-024771,0,Consumer,18.0,3.0,Medium,4.0,1.0,8.0,271.0,271-365 days,12612.56,15404.5,570.54,27.0,Not Applicable,0.0
CUST-048092,0,Premium,37.0,4.0,High,7.0,9.0,5.0,30.0,0-30 days,15480.74,16446.79,1644.68,10.0,Not Applicable,0.0
CUST-028761,1,Enterprise,2.0,1.0,Medium,13.0,16.0,1.0,10.0,0-30 days,21357.34,17604.4,628.73,28.0,Payment Problems,7041.760000000001
CUST-029032,0,Small Business,36.0,3.0,Medium,8.0,7.0,4.0,28.0,0-30 days,17610.2,21420.98,563.71,38.0,Not Applicable,0.0
CUST-015458,1,Premium,30.0,2.0,Medium,7.0,2.0,2.0,14.0,0-30 days,24819.26,21102.32,430.66,49.0,Low Product Variety,8440.928
CUST-005543,0,Small Business,50.0,4.0,Medium,9.0,10.0,3.0,71.0,61-90 days,27421.0,23872.05,918.16,26.0,Not Applicable,0.0
CUST-032999,1,Consumer,39.0,4.0,Medium,14.0,11.0,0.0,202.0,181-270 days,32667.49,36554.67,812.33,45.0,Poor Product Quality,14621.868
CUST-034734,0,Consumer,26.0,5.0,High,8.0,5.0,4.0,30.0,0-30 days,24664.21,20556.88,761.37,27.0,Not Applicable,0.0
CUST-035205,0,Enterprise,32.0,1.0,High,14.0,16.0,0.0,5.0,0-30 days,45179.94,40860.9,6810.15,6.0,Not Applicable,0.0
CUST-048573,0,Enterprise,16.0,3.0,High,15.0,0.0,7.0,65.0,61-90 days,54004.0,47313.72,1631.51,29.0,Not Applicable,0.0
CUST-028689,0,Premium,51.0,5.0,High,8.0,6.0,0.0,291.0,271-365 days,25649.53,23250.7,505.45,46.0,Not Applicable,0.0
CUST-037693,1,Small Business,23.0,4.0,Low,7.0,6.0,9.0,67.0,61-90 days,49880.35,40574.97,2135.52,19.0,Unhappy with Return Policy,16229.988000000001
CUST-049919,1,Premium,58.0,2.0,Medium,3.0,3.0,5.0,213.0,181-270 days,5367.97,5883.85,130.75,45.0,Poor Customer Service,2353.5400000000004
CUST-023649,0,Premium,43.0,3.0,High,11.0,5.0,9.0,68.0,61-90 days,46166.73,40891.08,20445.54,2.0,Not Applicable,0.0
CUST-032463,1,Consumer,4.0,2.0,Low,0.0,1.0,6.0,343.0,271-365 days,27756.46,26942.49,598.72,45.0,Too Expensive,10776.996000000001
CUST-012195,1,Enterprise,54.0,4.0,High,9.0,1.0,1.0,81.0,61-90 days,30652.76,36422.08,2428.14,15.0,No Longer Need Service,14568.832000000002
CUST-006085,0,Consumer,21.0,5.0,High,1.0,3.0,7.0,358.0,271-365 days,1214.19,1377.14,91.81,15.0,Not Applicable,0.0
CUST-006678,0,Consumer,33.0,5.0,Medium,1.0,0.0,5.0,33.0,31-60 days,28723.55,29333.21,1222.22,24.0,Not Applicable,0.0
CUST-044819,1,Consumer,50.0,3.0,Low,2.0,6.0,6.0,260.0,181-270 days,54892.33,44190.53,1767.62,25.0,Slow Delivery,17676.212
CUST-004735,0,Premium,28.0,4.0,Low,0.0,2.0,8.0,53.0,31-60 days,23033.56,26793.15,837.29,32.0,Not Applicable,0.0
CUST-030680,0,Consumer,18.0,5.0,Low,6.0,9.0,9.0,64.0,61-90 days,21512.66,19745.12,680.87,29.0,Not Applicable,0.0
CUST-043251,0,Small Business,53.0,5.0,High,4.0,8.0,9.0,8.0,0-30 days,42187.07,37382.69,1205.89,31.0,Not Applicable,0.0
CUST-026035,0,Consumer,58.0,4.0,High,2.0,1.0,5.0,107.0,91-180 days,713.79,891.01,18.56,48.0,Not Applicable,0.0
CUST-029687,0,Consumer,9.0,4.0,Medium,19.0,22.0,0.0,62.0,61-90 days,13106.81,15434.36,497.88,31.0,Not Applicable,0.0
CUST-026622,1,Consumer,34.0,5.0,Medium,15.0,10.0,7.0,72.0,61-90 days,37595.55,34032.5,1361.3,25.0,Unhappy with Return Policy,13613.0
CUST-010916,0,Consumer,59.0,5.0,Medium,9.0,8.0,4.0,28.0,0-30 days,22600.79,24360.31,716.48,34.0,Not Applicable,0.0
CUST-046799,1,Consumer,4.0,2.0,Low,14.0,13.0,8.0,271.0,271-365 days,36380.07,28736.69,611.42,47.0,Poor Customer Service,11494.676
CUST-033248,0,Consumer,25.0,1.0,High,8.0,12.0,9.0,304.0,271-365 days,20067.68,24602.71,8200.9,3.0,Not Applicable,0.0
CUST-002415,0,Consumer,39.0,3.0,Medium,19.0,20.0,7.0,82.0,61-90 days,44171.81,44474.81,1235.41,36.0,Not Applicable,0.0
CUST-008780,0,Premium,10.0,3.0,Low,12.0,8.0,7.0,40.0,31-60 days,22295.71,21171.77,450.46,47.0,Not Applicable,0.0
CUST-016036,1,Consumer,31.0,1.0,Medium,0.0,1.0,0.0,89.0,61-90 days,22835.4,20260.42,1447.17,14.0,Poor Product Quality,8104.1680000000015
CUST-004020,1,Consumer,37.0,4.0,High,8.0,4.0,5.0,262.0,181-270 days,22790.21,27423.48,945.64,29.0,Shipping Issues,10969.392
CUST-002253,1,Premium,11.0,3.0,Low,8.0,11.0,0.0,200.0,181-270 days,6189.32,6163.25,205.44,30.0,Poor Customer Service,2465.3
CUST-027419,0,Enterprise,58.0,2.0,High,10.0,1.0,9.0,207.0,181-270 days,9804.39,10724.32,218.86,49.0,Not Applicable,0.0
CUST-015238,0,Consumer,17.0,3.0,High,15.0,17.0,8.0,85.0,61-90 days,53635.7,47764.33,2076.71,23.0,Not Applicable,0.0
CUST-022297,0,Consumer,48.0,3.0,Medium,12.0,15.0,8.0,14.0,0-30 days,21535.24,23835.78,627.26,38.0,Not Applicable,0.0
CUST-041797,1,Premium,14.0,4.0,Low,11.0,1.0,2.0,37.0,31-60 days,34750.46,27383.29,2489.39,11.0,No Longer Need Service,10953.316
CUST-041447,0,Small Business,11.0,3.0,High,1.0,2.0,6.0,229.0,181-270 days,21042.74,21467.02,487.89,44.0,Not Applicable,0.0
CUST-027742,0,Small Business,51.0,5.0,High,10.0,2.0,9.0,144.0,91-180 days,21621.16,23051.8,1536.79,15.0,Not Applicable,0.0
CUST-022035,0,Small Business,28.0,3.0,High,15.0,1.0,9.0,245.0,181-270 days,59290.07,48186.72,2294.61,21.0,Not Applicable,0.0
CUST-016573,0,Consumer,36.0,5.0,Low,4.0,1.0,2.0,79.0,61-90 days,29597.8,27448.86,13724.43,2.0,Not Applicable,0.0
CUST-019770,0,Small Business,58.0,4.0,Low,8.0,5.0,3.0,321.0,271-365 days,38228.81,34230.51,4278.81,8.0,Not Applicable,0.0
CUST-022719,1,Enterprise,20.0,3.0,Low,11.0,7.0,0.0,42.0,31-60 days,32819.98,28880.94,4125.85,7.0,Poor Customer Service,11552.376
CUST-044252,0,Premium,45.0,2.0,Medium,17.0,21.0,1.0,182.0,181-270 days,33281.49,34224.6,900.65,38.0,Not Applicable,0.0
CUST-034122,1,Premium,57.0,2.0,Medium,15.0,1.0,2.0,327.0,271-365 days,15268.88,17118.65,4279.66,4.0,Found Alternative,6847.460000000001
CUST-003614,1,Premium,22.0,5.0,High,11.0,3.0,6.0,65.0,61-90 days,53028.95,48702.04,1432.41,34.0,Poor Customer Service,19480.816000000006
CUST-008862,1,Small Business,50.0,2.0,High,11.0,0.0,4.0,46.0,31-60 days,41582.67,47810.71,9562.14,5.0,Shipping Issues,19124.284
CUST-020738,0,Enterprise,35.0,1.0,Low,3.0,6.0,4.0,33.0,31-60 days,12382.36,10446.42,497.45,21.0,Not Applicable,0.0
CUST-044407,1,Premium,44.0,5.0,Medium,18.0,15.0,7.0,13.0,0-30 days,39987.5,44120.29,1378.76,32.0,Poor Customer Service,17648.116
CUST-047697,0,Premium,37.0,5.0,Medium,7.0,6.0,7.0,319.0,271-365 days,27536.71,24486.78,906.92,27.0,Not Applicable,0.0
CUST-039514,0,Consumer,40.0,5.0,Low,9.0,7.0,6.0,210.0,181-270 days,36668.48,42077.84,2103.89,20.0,Not Applicable,0.0
CUST-039614,1,Consumer,38.0,5.0,High,12.0,16.0,9.0,27.0,0-30 days,40608.26,32548.85,739.75,44.0,Technical Issues,13019.54
CUST-034399,0,Enterprise,46.0,5.0,High,6.0,7.0,0.0,142.0,91-180 days,347.66,275.33,5.62,49.0,Not Applicable,0.0
CUST-027559,0,Consumer,18.0,3.0,Medium,8.0,6.0,1.0,63.0,61-90 days,29894.98,24311.54,4862.31,5.0,Not Applicable,0.0
CUST-001500,1,Consumer,36.0,1.0,Medium,2.0,2.0,6.0,84.0,61-90 days,33580.02,29993.24,5998.65,5.0,Account Issues,11997.296000000002
CUST-040144,1,Consumer,36.0,4.0,High,14.0,0.0,7.0,144.0,91-180 days,16744.24,19004.88,2375.61,8.0,Poor Customer Service,7601.952000000001
CUST-013231,0,Enterprise,54.0,5.0,Low,5.0,1.0,4.0,43.0,31-60 days,46476.91,38380.25,6396.71,6.0,Not Applicable,0.0
CUST-032603,0,Small Business,49.0,2.0,Medium,16.0,1.0,1.0,12.0,0-30 days,62815.16,49470.82,1206.61,41.0,Not Applicable,0.0
CUST-039327,0,Premium,37.0,4.0,Medium,13.0,15.0,3.0,224.0,181-270 days,24264.5,27008.21,1125.34,24.0,Not Applicable,0.0
CUST-008669,0,Small Business,23.0,2.0,Medium,19.0,21.0,1.0,19.0,0-30 days,55979.06,43326.59,1056.75,41.0,Not Applicable,0.0
CUST-010604,1,Consumer,16.0,1.0,Medium,14.0,2.0,7.0,88.0,61-90 days,29224.95,36083.23,767.73,47.0,Better Price Elsewhere,14433.292
CUST-017738,0,Premium,22.0,1.0,High,0.0,1.0,8.0,7.0,0-30 days,20917.37,21520.6,2690.07,8.0,Not Applicable,0.0
CUST-047222,0,Consumer,41.0,3.0,Medium,19.0,18.0,4.0,74.0,61-90 days,43366.77,41582.57,41582.57,1.0,Not Applicable,0.0
CUST-023784,1,Small Business,15.0,2.0,Medium,12.0,4.0,1.0,40.0,31-60 days,30918.79,30954.1,1547.7,20.0,Found Alternative,12381.64
CUST-030345,1,Consumer,24.0,2.0,Low,17.0,0.0,4.0,31.0,31-60 days,26501.74,32621.02,1208.19,27.0,Shipping Issues,13048.408000000001
CUST-020618,1,Enterprise,4.0,5.0,High,4.0,2.0,1.0,79.0,61-90 days,25380.42,20267.59,10133.8,2.0,Technical Issues,8107.036
CUST-045441,1,Premium,33.0,4.0,Low,13.0,0.0,9.0,24.0,0-30 days,38252.97,31397.87,2093.19,15.0,Unhappy with Return Policy,12559.148000000001
CUST-049805,0,Small Business,32.0,4.0,High,10.0,14.0,7.0,57.0,31-60 days,51682.53,48967.41,2448.37,20.0,Not Applicable,0.0
CUST-013626,0,Consumer,1.0,4.0,Medium,11.0,11.0,2.0,47.0,31-60 days,51723.67,42546.87,886.39,48.0,Not Applicable,0.0
CUST-016343,0,Premium,7.0,2.0,High,1.0,4.0,0.0,6.0,0-30 days,43646.76,43960.91,1072.22,41.0,Not Applicable,0.0
CUST-001832,0,Consumer,7.0,2.0,High,0.0,3.0,6.0,33.0,31-60 days,4843.51,4726.78,139.02,34.0,Not Applicable,0.0
CUST-007086,1,Small Business,3.0,2.0,Low,17.0,4.0,8.0,57.0,31-60 days,9464.86,11707.5,1463.44,8.0,Low Product Variety,4683.0
CUST-040500,1,Consumer,55.0,2.0,Low,2.0,3.0,1.0,63.0,61-90 days,15464.52,15421.75,1542.17,10.0,Found Alternative,6168.700000000003
CUST-047239,0,Small Business,41.0,5.0,Medium,5.0,6.0,3.0,64.0,61-90 days,9578.88,8698.56,255.84,34.0,Not Applicable,0.0
CUST-006313,0,Consumer,27.0,2.0,Medium,18.0,5.0,1.0,176.0,91-180 days,44938.29,36994.0,1541.42,24.0,Not Applicable,0.0
CUST-012804,0,Consumer,2.0,3.0,High,6.0,0.0,8.0,10.0,0-30 days,33189.25,31458.41,1655.71,19.0,Not Applicable,0.0
CUST-003308,1,Consumer,44.0,2.0,Medium,6.0,0.0,3.0,61.0,61-90 days,7932.27,6707.52,0.0,0.0,Payment Problems,2683.0080000000007
CUST-018947,0,Small Business,58.0,3.0,Medium,7.0,11.0,4.0,25.0,0-30 days,38125.92,36256.86,2266.05,16.0,Not Applicable,0.0
CUST-031875,1,Consumer,12.0,4.0,Low,7.0,10.0,1.0,59.0,31-60 days,59855.31,49509.67,1125.22,44.0,Unhappy with Return Policy,19803.868000000002
CUST-004815,0,Small Business,56.0,3.0,High,1.0,5.0,2.0,268.0,181-270 days,4182.64,3817.41,318.12,12.0,Not Applicable,0.0
CUST-035992,0,Consumer,1.0,3.0,High,4.0,8.0,6.0,65.0,61-90 days,33639.34,41475.87,2962.56,14.0,Not Applicable,0.0
CUST-026780,0,Premium,58.0,5.0,Medium,16.0,1.0,5.0,26.0,0-30 days,18321.92,15411.01,1027.4,15.0,Not Applicable,0.0
CUST-029395,0,Premium,55.0,4.0,High,8.0,0.0,8.0,342.0,271-365 days,18026.67,14608.62,973.91,15.0,Not Applicable,0.0
CUST-014553,1,Small Business,17.0,3.0,Medium,16.0,17.0,7.0,342.0,271-365 days,41469.02,37094.88,2649.63,14.0,Payment Problems,14837.952
CUST-045566,0,Consumer,35.0,5.0,Medium,0.0,4.0,6.0,55.0,31-60 days,20770.63,22425.85,487.52,46.0,Not Applicable,0.0
CUST-045976,1,Premium,12.0,2.0,High,8.0,9.0,8.0,73.0,61-90 days,43637.19,35000.45,1250.02,28.0,Technical Issues,14000.18
CUST-026109,0,Consumer,56.0,3.0,Medium,12.0,12.0,3.0,63.0,61-90 days,6854.82,6830.29,220.33,31.0,Not Applicable,0.0
CUST-014781,0,Consumer,8.0,1.0,High,7.0,3.0,4.0,62.0,61-90 days,27712.98,27673.89,988.35,28.0,Not Applicable,0.0
CUST-036424,0,Consumer,45.0,5.0,Medium,4.0,2.0,0.0,23.0,0-30 days,17500.91,19156.82,517.75,37.0,Not Applicable,0.0
CUST-040527,0,Small Business,37.0,2.0,High,19.0,21.0,5.0,39.0,31-60 days,52467.44,42279.02,1409.3,30.0,Not Applicable,0.0
CUST-021050,1,Premium,27.0,1.0,Low,3.0,1.0,0.0,269.0,181-270 days,13516.24,11187.64,588.82,19.0,Payment Problems,4475.056
CUST-000376,1,Enterprise,42.0,2.0,Medium,13.0,16.0,7.0,54.0,31-60 days,1533.02,1386.43,36.48,38.0,Poor Product Quality,554.572
CUST-029085,1,Premium,39.0,1.0,Medium,10.0,7.0,6.0,209.0,181-270 days,42287.99,36040.86,2574.35,14.0,Better Price Elsewhere,14416.344
CUST-045240,0,Premium,26.0,1.0,High,6.0,10.0,9.0,40.0,31-60 days,24411.26,19329.49,715.91,27.0,Not Applicable,0.0
CUST-023302,1,Small Business,41.0,4.0,Medium,3.0,3.0,9.0,313.0,271-365 days,20168.62,17652.9,1038.41,17.0,Poor Customer Service,7061.160000000003
CUST-040576,1,Consumer,34.0,4.0,Medium,8.0,7.0,7.0,178.0,91-180 days,57447.98,49636.31,2363.63,21.0,Found Alternative,19854.524
CUST-013776,0,Consumer,3.0,5.0,High,15.0,15.0,9.0,19.0,0-30 days,54047.86,48664.01,2212.0,22.0,Not Applicable,0.0
CUST-019913,1,Small Business,3.0,1.0,Low,19.0,7.0,7.0,55.0,31-60 days,44466.33,41215.14,2575.95,16.0,Shipping Issues,16486.056
CUST-006409,0,Premium,15.0,3.0,Low,2.0,1.0,7.0,73.0,61-90 days,4384.19,4982.79,452.98,11.0,Not Applicable,0.0
CUST-036646,1,Premium,33.0,2.0,Medium,14.0,17.0,5.0,86.0,61-90 days,6573.82,6187.46,883.92,7.0,Poor Customer Service,2474.984000000001
CUST-044118,0,Small Business,11.0,5.0,Medium,5.0,6.0,0.0,207.0,181-270 days,14858.99,12952.16,1439.13,9.0,Not Applicable,0.0
CUST-014958,1,Consumer,19.0,1.0,Medium,15.0,19.0,5.0,73.0,61-90 days,44943.79,40720.57,1071.59,38.0,Poor Customer Service,16288.228000000001
CUST-031301,0,Premium,40.0,5.0,Medium,1.0,4.0,0.0,39.0,31-60 days,40929.02,41722.55,2086.13,20.0,Not Applicable,0.0
CUST-007103,0,Consumer,25.0,4.0,Medium,18.0,11.0,5.0,200.0,181-270 days,47126.33,41606.9,6934.48,6.0,Not Applicable,0.0
CUST-005738,0,Small Business,27.0,4.0,High,6.0,2.0,2.0,83.0,61-90 days,45822.31,46338.4,2106.29,22.0,Not Applicable,0.0
CUST-044901,0,Consumer,53.0,5.0,Medium,7.0,8.0,3.0,53.0,31-60 days,47153.18,49905.97,2169.82,23.0,Not Applicable,0.0
CUST-004060,0,Premium,49.0,3.0,Medium,1.0,0.0,1.0,228.0,181-270 days,43607.61,44733.59,972.47,46.0,Not Applicable,0.0
CUST-043154,1,Consumer,11.0,2.0,Low,17.0,14.0,2.0,52.0,31-60 days,16617.95,14980.38,2140.05,7.0,Account Issues,5992.151999999999
CUST-015739,1,Consumer,50.0,3.0,Low,10.0,5.0,0.0,2.0,0-30 days,24383.11,29503.93,686.14,43.0,Found Alternative,11801.572
CUST-020654,0,Premium,36.0,4.0,High,12.0,15.0,6.0,12.0,0-30 days,18611.04,19873.57,764.37,26.0,Not Applicable,0.0
CUST-047170,0,Enterprise,41.0,1.0,High,0.0,3.0,5.0,51.0,31-60 days,23702.93,28417.5,811.93,35.0,Not Applicable,0.0
CUST-019682,1,Consumer,52.0,4.0,High,14.0,0.0,9.0,71.0,61-90 days,29460.55,35038.19,796.32,44.0,Technical Issues,14015.276000000002
CUST-030413,0,Consumer,36.0,5.0,Medium,11.0,9.0,0.0,85.0,61-90 days,31630.89,32857.65,16428.83,2.0,Not Applicable,0.0
CUST-010970,1,Small Business,24.0,4.0,Medium,19.0,15.0,9.0,64.0,61-90 days,20657.79,25762.97,1515.47,17.0,Payment Problems,10305.188000000002
CUST-028963,1,Consumer,4.0,1.0,Medium,9.0,0.0,0.0,2.0,0-30 days,58802.65,49973.22,3123.33,16.0,Found Alternative,19989.288
CUST-027797,1,Premium,6.0,1.0,Low,13.0,9.0,0.0,46.0,31-60 days,4058.86,3466.13,82.53,42.0,Poor Customer Service,1386.4520000000002
CUST-042673,0,Premium,29.0,2.0,Medium,4.0,1.0,6.0,15.0,0-30 days,36462.99,28459.44,4743.24,6.0,Not Applicable,0.0
CUST-048512,0,Consumer,45.0,5.0,Low,15.0,14.0,8.0,53.0,31-60 days,12816.8,10770.14,276.16,39.0,Not Applicable,0.0
CUST-038407,1,Consumer,44.0,2.0,Low,0.0,0.0,2.0,40.0,31-60 days,23782.49,19821.42,2477.68,8.0,Account Issues,7928.5679999999975
CUST-037008,1,Premium,9.0,1.0,Medium,13.0,13.0,2.0,39.0,31-60 days,32614.07,29858.31,1148.4,26.0,Unhappy with Return Policy,11943.324
CUST-032432,0,Consumer,34.0,5.0,Medium,9.0,6.0,0.0,76.0,61-90 days,22366.46,18328.94,482.34,38.0,Not Applicable,0.0
CUST-028125,1,Consumer,48.0,1.0,Medium,9.0,11.0,8.0,76.0,61-90 days,12095.11,10000.61,454.57,22.0,Shipping Issues,4000.244000000001
CUST-020030,1,Small Business,25.0,1.0,Low,19.0,21.0,3.0,61.0,61-90 days,59017.23,47122.55,1273.58,37.0,Too Expensive,18849.02
CUST-024408,0,Consumer,46.0,4.0,Medium,10.0,4.0,4.0,88.0,61-90 days,47335.5,43933.53,1372.92,32.0,Not Applicable,0.0
CUST-013702,1,Consumer,37.0,3.0,Low,16.0,1.0,7.0,208.0,181-270 days,9658.08,8173.63,4086.82,2.0,Payment Problems,3269.452
CUST-021257,0,Consumer,3.0,3.0,Medium,3.0,7.0,5.0,326.0,271-365 days,27300.23,30474.74,823.64,37.0,Not Applicable,0.0
CUST-027095,1,Premium,49.0,3.0,Low,16.0,13.0,4.0,4.0,0-30 days,41335.62,38939.26,811.23,48.0,Technical Issues,15575.704000000002
CUST-023911,1,Consumer,20.0,1.0,Low,4.0,4.0,7.0,175.0,91-180 days,7152.86,5867.07,266.69,22.0,Better Price Elsewhere,2346.828
CUST-023586,0,Consumer,20.0,2.0,Medium,8.0,3.0,4.0,251.0,181-270 days,8439.65,8564.86,317.22,27.0,Not Applicable,0.0
CUST-024900,0,Consumer,21.0,3.0,High,8.0,7.0,8.0,309.0,271-365 days,16344.95,17887.49,542.05,33.0,Not Applicable,0.0
CUST-020037,0,Small Business,56.0,4.0,High,6.0,2.0,4.0,71.0,61-90 days,41802.29,47033.7,1306.49,36.0,Not Applicable,0.0
CUST-003846,1,Consumer,4.0,2.0,Low,6.0,7.0,6.0,65.0,61-90 days,2780.11,3392.9,0.0,0.0,Low Product Variety,1357.16
CUST-037020,0,Premium,14.0,3.0,Medium,2.0,0.0,5.0,78.0,61-90 days,31744.68,35948.11,921.75,39.0,Not Applicable,0.0
CUST-007959,1,Consumer,26.0,3.0,Medium,11.0,8.0,5.0,317.0,271-365 days,44762.48,41392.97,2178.58,19.0,No Longer Need Service,16557.188000000002
CUST-037997,1,Consumer,54.0,2.0,High,3.0,4.0,5.0,78.0,61-90 days,18721.25,15612.94,446.08,35.0,Better Price Elsewhere,6245.176
CUST-035088,0,Premium,11.0,4.0,High,11.0,8.0,9.0,236.0,181-270 days,10830.27,9546.7,1591.12,6.0,Not Applicable,0.0
CUST-006133,0,Consumer,20.0,5.0,Medium,9.0,6.0,6.0,14.0,0-30 days,31133.82,31193.77,636.61,49.0,Not Applicable,0.0
CUST-023787,1,Consumer,24.0,3.0,Medium,9.0,4.0,9.0,37.0,31-60 days,34649.31,27090.27,1128.76,24.0,Low Product Variety,10836.108
CUST-042109,1,Premium,2.0,5.0,Low,19.0,1.0,8.0,186.0,181-270 days,48880.67,38095.76,777.46,49.0,Found Alternative,15238.304000000002
CUST-039995,0,Enterprise,1.0,5.0,Medium,8.0,12.0,7.0,3.0,0-30 days,17338.23,15375.41,569.46,27.0,Not Applicable,0.0
CUST-031523,0,Consumer,56.0,3.0,Low,16.0,15.0,4.0,116.0,91-180 days,45992.04,40965.04,3413.75,12.0,Not Applicable,0.0
CUST-014631,0,Premium,30.0,4.0,Low,7.0,0.0,0.0,323.0,271-365 days,59068.52,47001.41,1146.38,41.0,Not Applicable,0.0
CUST-035418,1,Enterprise,40.0,1.0,Low,9.0,4.0,9.0,37.0,31-60 days,21737.83,21301.47,0.0,0.0,Unhappy with Return Policy,8520.588000000002
CUST-042134,1,Enterprise,52.0,2.0,High,18.0,19.0,9.0,58.0,31-60 days,27918.82,31340.02,1492.38,21.0,Shipping Issues,12536.008000000002
CUST-032467,1,Consumer,22.0,3.0,Low,5.0,2.0,1.0,109.0,91-180 days,14849.78,17352.09,495.77,35.0,Poor Customer Service,6940.835999999998
CUST-024972,1,Consumer,47.0,3.0,High,16.0,9.0,2.0,340.0,271-365 days,44321.94,38869.22,883.39,44.0,Technical Issues,15547.688000000002
CUST-017684,0,Consumer,51.0,4.0,Medium,10.0,8.0,9.0,5.0,0-30 days,36027.57,39913.09,1078.73,37.0,Not Applicable,0.0
CUST-019075,1,Premium,28.0,5.0,High,19.0,5.0,5.0,67.0,61-90 days,9800.25,8214.18,4107.09,2.0,Better Price Elsewhere,3285.6720000000005
CUST-021564,0,Enterprise,51.0,2.0,High,16.0,3.0,6.0,61.0,61-90 days,32359.44,38663.08,1757.41,22.0,Not Applicable,0.0
CUST-012694,0,Consumer,12.0,4.0,High,6.0,7.0,4.0,100.0,91-180 days,40318.17,35428.89,11809.63,3.0,Not Applicable,0.0
CUST-030315,1,Small Business,18.0,4.0,Low,0.0,3.0,6.0,45.0,31-60 days,38679.61,46201.25,3553.94,13.0,Poor Customer Service,18480.5
CUST-006067,0,Premium,28.0,4.0,High,17.0,17.0,9.0,334.0,271-365 days,41019.06,44284.87,1428.54,31.0,Not Applicable,0.0
